/home/doruk/.local/lib/python3.10/site-packages/pytorch_ranger/ranger.py:172: UserWarning: This overload of addcmul_ is deprecated:
	addcmul_(Number value, Tensor tensor1, Tensor tensor2)
Consider using one of the following signatures instead:
	addcmul_(Tensor tensor1, Tensor tensor2, *, Number value) (Triggered internally at  ../torch/csrc/utils/python_arg_parser.cpp:1174.)
  exp_avg_sq.mul_(beta2).addcmul_(1 - beta2, grad, grad)
At 10010624 positions
Running Loss: 0.03085729221275317
At 20021248 positions
Running Loss: 0.00625037054383423
At 30031872 positions
Running Loss: 0.005280368261758707
At 40042496 positions
Running Loss: 0.004777952809185521
At 50053120 positions
Running Loss: 0.00445012492165823
At 60063744 positions
Running Loss: 0.0042228566058919005
At 70074368 positions
Running Loss: 0.004107547469693198
At 80084992 positions
Running Loss: 0.003958387967997799
At 90095616 positions
Running Loss: 0.0038717932474788786
At 100106240 positions
Running Loss: 0.0038012919761545336
At 110116864 positions
Running Loss: 0.003723817254049298
At 120127488 positions
Running Loss: 0.0036550574919205834
At 130138112 positions
Running Loss: 0.003625862727188635
At 140148736 positions
Running Loss: 0.0035670424053985046
At 150159360 positions
Running Loss: 0.003494079296405499
At 160169984 positions
Running Loss: 0.003465467115861109
At 170180608 positions
Running Loss: 0.0034331651053920316
At 180191232 positions
Running Loss: 0.0033825805651575766
At 190201856 positions
Running Loss: 0.0033422585595063803
At 200212480 positions
Running Loss: 0.0033196259637511107
At 210223104 positions
Running Loss: 0.003278319847369155
At 220233728 positions
Running Loss: 0.0032637614860472233
At 230244352 positions
Running Loss: 0.0032429234681074825
At 240254976 positions
Running Loss: 0.0032268807462701625
At 250265600 positions
Running Loss: 0.003214165348858373
At 260276224 positions
Running Loss: 0.0031964131150815376
At 270286848 positions
Running Loss: 0.0031540505039321224
At 280297472 positions
Running Loss: 0.0031560050680282266
At 290308096 positions
Running Loss: 0.0031231154006358644
At 300318720 positions
Running Loss: 0.0031027912898461676
At 310329344 positions
Running Loss: 0.0031152994855140896
At 320339968 positions
Running Loss: 0.0030940698913973796
At 330350592 positions
Running Loss: 0.0030613645984381194
At 340361216 positions
Running Loss: 0.003054008546320389
At 350371840 positions
Running Loss: 0.0030275413525670328
At 360382464 positions
Running Loss: 0.0030188736080538035
At 370393088 positions
Running Loss: 0.003019869425097776
At 380403712 positions
Running Loss: 0.0030076437417887237
At 390414336 positions
Running Loss: 0.003019440193613305
At 400424960 positions
Running Loss: 0.0029837053067945617
At 410435584 positions
Running Loss: 0.002986162071727497
At 420446208 positions
Running Loss: 0.0029605026135858265
At 430456832 positions
Running Loss: 0.0029624390328964506
At 440467456 positions
Running Loss: 0.002958277438549285
At 450478080 positions
Running Loss: 0.00294720697324912
At 460488704 positions
Running Loss: 0.002929400305115845
At 470499328 positions
Running Loss: 0.0029318309259492715
At 480509952 positions
Running Loss: 0.0029294264492153534
At 490520576 positions
Running Loss: 0.0029087402231369394
At 500531200 positions
Running Loss: 0.0029049858133843604
At 510541824 positions
Running Loss: 0.002906708982689291
At 520552448 positions
Running Loss: 0.0029072814214053987
At 530563072 positions
Running Loss: 0.0028949334071232723
At 540573696 positions
Running Loss: 0.0028854438794225015
At 550584320 positions
Running Loss: 0.0028893104746767033
At 560594944 positions
Running Loss: 0.0028669882913267943
At 570605568 positions
Running Loss: 0.0028591157956911577
At 580616192 positions
Running Loss: 0.0028631993479502375
At 590626816 positions
Running Loss: 0.0028524474894746823
At 600637440 positions
Running Loss: 0.002854032719388921
At 610648064 positions
Running Loss: 0.0028482613118697695
At 620658688 positions
Running Loss: 0.0028506255969283235
At 630669312 positions
Running Loss: 0.002837520574391766
At 640679936 positions
Running Loss: 0.002835740239257313
At 650690560 positions
Running Loss: 0.002829713439004901
At 660701184 positions
Running Loss: 0.002829496091789583
At 670711808 positions
Running Loss: 0.0028337854800559886
At 680722432 positions
Running Loss: 0.002817589990831241
At 690733056 positions
Running Loss: 0.002804813135275084
At 700743680 positions
Running Loss: 0.002812772647838936
At 710754304 positions
Running Loss: 0.002795105089727673
At 720764928 positions
Running Loss: 0.0028028893978037732
At 730775552 positions
Running Loss: 0.00279370716082484
At 740786176 positions
Running Loss: 0.0027990752858538088
At 750796800 positions
Running Loss: 0.00279859318085466
At 760807424 positions
Running Loss: 0.0027893051968463705
At 770818048 positions
Running Loss: 0.0027740466028890907
At 780828672 positions
Running Loss: 0.0027698598399685174
At 790839296 positions
Running Loss: 0.0027666004121596217
At 800849920 positions
Running Loss: 0.0027642312494705625
At 810860544 positions
Running Loss: 0.002764774227298418
At 820871168 positions
Running Loss: 0.002777627173890459
At 830881792 positions
Running Loss: 0.0027527695982038683
At 840892416 positions
Running Loss: 0.002747375719285831
At 850903040 positions
Running Loss: 0.0027500026159707927
At 860913664 positions
Running Loss: 0.0027537942908204324
At 870924288 positions
Running Loss: 0.002736405733174076
At 880934912 positions
Running Loss: 0.002748877444165818
At 890945536 positions
Running Loss: 0.002743171982211099
At 900956160 positions
Running Loss: 0.0027543950197934713
At 910966784 positions
Running Loss: 0.00274673694479485
At 920977408 positions
Running Loss: 0.002731291440036605
At 930988032 positions
Running Loss: 0.0027300302798931417
At 940998656 positions
Running Loss: 0.002728200388032754
At 951009280 positions
Running Loss: 0.002721918195047082
At 961019904 positions
Running Loss: 0.0027190780483564263
At 971030528 positions
Running Loss: 0.0027191884779110675
At 981041152 positions
Running Loss: 0.002705951954456086
At 991051776 positions
Running Loss: 0.0027135673014114805
At 1001062400 positions
Running Loss: 0.0027228874777811053
At 1011073024 positions
Running Loss: 0.002699892181421458
At 1021083648 positions
Running Loss: 0.002706691208135477
At 1031094272 positions
Running Loss: 0.0027104598605691313
At 1041104896 positions
Running Loss: 0.002705683879883512
At 1051115520 positions
Running Loss: 0.0027163036521249823
At 1061126144 positions
Running Loss: 0.0026970196472642463
At 1071136768 positions
Running Loss: 0.0027005128111269585
At 1081147392 positions
Running Loss: 0.0027004934957101574
At 1091158016 positions
Running Loss: 0.0026887438691384274
At 1101168640 positions
Running Loss: 0.0027017452908030507
At 1111179264 positions
Running Loss: 0.0026973604960839606
At 1121189888 positions
Running Loss: 0.00266645095157155
At 1131200512 positions
Running Loss: 0.0026726591996787613
At 1141211136 positions
Running Loss: 0.0026807517740027992
At 1151221760 positions
Running Loss: 0.002689015455604965
At 1161232384 positions
Running Loss: 0.0026845545698499914
At 1171243008 positions
Running Loss: 0.0026729682463475803
At 1181253632 positions
Running Loss: 0.0026789390514017908
At 1191264256 positions
Running Loss: 0.002673504785703169
At 1201274880 positions
Running Loss: 0.002670578207399958
At 1211285504 positions
Running Loss: 0.002678645613150589
At 1221296128 positions
Running Loss: 0.0026664638285160847
At 1231306752 positions
Running Loss: 0.002674130097933955
At 1241317376 positions
Running Loss: 0.00266341530945024
At 1251328000 positions
Running Loss: 0.0026567487591807465
At 1261338624 positions
Running Loss: 0.00267299536597319
At 1271349248 positions
Running Loss: 0.002658135957296468
At 1281359872 positions
Running Loss: 0.002664407614600249
At 1291370496 positions
Running Loss: 0.0026685885243642156
At 1301381120 positions
Running Loss: 0.0026562167072452228
At 1311391744 positions
Running Loss: 0.002667892584043712
At 1321402368 positions
Running Loss: 0.0026432673786743965
At 1331412992 positions
Running Loss: 0.0026410150840122455
At 1341423616 positions
Running Loss: 0.0026375283586218003
At 1351434240 positions
Running Loss: 0.002644114525540566
At 1361444864 positions
Running Loss: 0.0026601943173697263
At 1371455488 positions
Running Loss: 0.0026551264592746667
At 1381466112 positions
Running Loss: 0.002637760728939075
At 1391476736 positions
Running Loss: 0.0026385850484944794
At 1401487360 positions
Running Loss: 0.002650693083355743
At 1411497984 positions
Running Loss: 0.002650955890087371
At 1421508608 positions
Running Loss: 0.002634883902467019
At 1431519232 positions
Running Loss: 0.0026340055387656155
At 1441529856 positions
Running Loss: 0.002638479496570344
At 1451540480 positions
Running Loss: 0.0026212688748848225
At 1461551104 positions
Running Loss: 0.002631149588552122
At 1471561728 positions
Running Loss: 0.0026314313204901115
At 1481572352 positions
Running Loss: 0.0026332861858186863
At 1491582976 positions
Running Loss: 0.0026172190758288394
At 1501593600 positions
Running Loss: 0.002623186564094306
At 1511604224 positions
Running Loss: 0.0026239197695118706
At 1521614848 positions
Running Loss: 0.0026281326765319525
At 1531625472 positions
Running Loss: 0.0026096279219207513
At 1541636096 positions
Running Loss: 0.002628119409376978
At 1551646720 positions
Running Loss: 0.0026280277099234774
At 1561657344 positions
Running Loss: 0.002612945295980051
At 1571667968 positions
Running Loss: 0.0026179392091966493
At 1581678592 positions
Running Loss: 0.0026193172373670214
At 1591689216 positions
Running Loss: 0.002603461036120226
At 1601699840 positions
Running Loss: 0.0026089335424420096
At 1611710464 positions
Running Loss: 0.00261400198585273
At 1621721088 positions
Running Loss: 0.0026024100042989326
At 1631731712 positions
Running Loss: 0.002614795868993781
At 1641742336 positions
Running Loss: 0.0026049959288876497
At 1651752960 positions
Running Loss: 0.002617373599163249
At 1661763584 positions
Running Loss: 0.0026138172212091873
At 1671774208 positions
Running Loss: 0.002601161135784343
At 1681784832 positions
Running Loss: 0.0026097748361515725
At 1691795456 positions
Running Loss: 0.002596721516498372
At 1701806080 positions
Running Loss: 0.002590241486819403
At 1711816704 positions
Running Loss: 0.002596743953598697
At 1721827328 positions
Running Loss: 0.0026008366758031266
At 1731837952 positions
Running Loss: 0.002587003910795171
At 1741848576 positions
Running Loss: 0.002595092583014805
At 1751859200 positions
Running Loss: 0.0025961377616794917
At 1761869824 positions
Running Loss: 0.002599253006730649
At 1771880448 positions
Running Loss: 0.0025977590860594706
At 1781891072 positions
Running Loss: 0.0025894552127819406
At 1791901696 positions
Running Loss: 0.0025951130690629277
At 1801912320 positions
Running Loss: 0.0025922060012817383
At 1811922944 positions
Running Loss: 0.0025914478223959866
At 1821933568 positions
Running Loss: 0.002583403243956121
At 1831944192 positions
Running Loss: 0.0025849529647202813
At 1841954816 positions
Running Loss: 0.0025886457212232726
At 1851965440 positions
Running Loss: 0.0025926225509268954
At 1861976064 positions
Running Loss: 0.002595146627160804
At 1871986688 positions
Running Loss: 0.0025963535480530483
At 1881997312 positions
Running Loss: 0.0025775571111376276
At 1892007936 positions
Running Loss: 0.0025866361374550675
At 1902018560 positions
Running Loss: 0.0025820537011479005
At 1912029184 positions
Running Loss: 0.002579907543725546
At 1922039808 positions
Running Loss: 0.002569687542080294
At 1932050432 positions
Running Loss: 0.002583537281242408
At 1942061056 positions
Running Loss: 0.0025832926192962597
At 1952071680 positions
Running Loss: 0.0025578265104278216
At 1962082304 positions
Running Loss: 0.0025820457018338717
At 1972092928 positions
Running Loss: 0.0025670801559173535
At 1982103552 positions
Running Loss: 0.002556408485687306
At 1992114176 positions
Running Loss: 0.002568479840767169
At 2002124800 positions
Running Loss: 0.002565996931734725
At 2012135424 positions
Running Loss: 0.0025597629297384457
At 2022146048 positions
Running Loss: 0.00256140727653441
At 2032156672 positions
Running Loss: 0.002581446923913035
At 2042167296 positions
Running Loss: 0.002589350051068245
At 2052177920 positions
Running Loss: 0.002561396350642078
At 2062188544 positions
Running Loss: 0.0025561887972093446
At 2072199168 positions
Running Loss: 0.002566843103074793
At 2082209792 positions
Running Loss: 0.0025588763716177933
At 2092220416 positions
Running Loss: 0.0025654640993783206
At 2102231040 positions
Running Loss: 0.0025594076431324363
At 2112241664 positions
Running Loss: 0.002562900611889928
At 2122252288 positions
Running Loss: 0.0025569897041383236
At 2132262912 positions
Running Loss: 0.0025596848876503603
At 2142273536 positions
Running Loss: 0.002567632303690559
At 2152284160 positions
Running Loss: 0.0025629683134013423
At 2162294784 positions
Running Loss: 0.002562014639084936
At 2172305408 positions
Running Loss: 0.0025578069999058002
At 2182316032 positions
Running Loss: 0.0025546544897575817
At 2192326656 positions
Running Loss: 0.0025602856166233993
At 2202337280 positions
Running Loss: 0.002552467555344202
At 2212347904 positions
Running Loss: 0.002550044543614364
At 2222358528 positions
Running Loss: 0.002563473245711256
At 2232369152 positions
Running Loss: 0.0025551549346474306
At 2242379776 positions
Running Loss: 0.002539443501474034
At 2252390400 positions
Running Loss: 0.0025640973873107212
At 2262401024 positions
Running Loss: 0.00254514584174523
At 2272411648 positions
Running Loss: 0.002553865679352256
At 2282422272 positions
Running Loss: 0.002550304228662469
At 2292432896 positions
Running Loss: 0.002555317847506309
At 2302443520 positions
Running Loss: 0.002537000003696073
At 2312454144 positions
Running Loss: 0.002539119041492818
epoch 1
epoch train loss: 0.0029454329578102313
epoch pos/s: 1190418.6195375482
At 9289728 positions
Running Loss: 0.0025431622069713136
At 19300352 positions
Running Loss: 0.0025489740012710495
At 29310976 positions
Running Loss: 0.002544455169265672
At 39321600 positions
Running Loss: 0.0025501973110017917
At 49332224 positions
Running Loss: 0.0025465654273275073
At 59342848 positions
Running Loss: 0.002535679726670885
At 69353472 positions
Running Loss: 0.00255068800063063
At 79364096 positions
Running Loss: 0.0025331353594940736
At 89374720 positions
Running Loss: 0.002539365069175508
At 99385344 positions
Running Loss: 0.002546580450429464
At 109395968 positions
Running Loss: 0.002533229985525877
At 119406592 positions
Running Loss: 0.0025378104707808424
At 129417216 positions
Running Loss: 0.002543937555116444
At 139427840 positions
Running Loss: 0.0025463039863324204
At 149438464 positions
Running Loss: 0.0025282887507187364
At 159449088 positions
Running Loss: 0.0025341395660625154
At 169459712 positions
Running Loss: 0.0025467778969123205
At 179470336 positions
Running Loss: 0.0025356303650501707
At 189480960 positions
Running Loss: 0.0025278839073867923
At 199491584 positions
Running Loss: 0.002538863843864778
At 209502208 positions
Running Loss: 0.0025201495462470673
At 219512832 positions
Running Loss: 0.0025275432536722986
At 229523456 positions
Running Loss: 0.0025296821922015053
At 239534080 positions
Running Loss: 0.002533362071759962
At 249544704 positions
Running Loss: 0.0025324616611686742
At 259555328 positions
Running Loss: 0.0025321561263938193
At 269565952 positions
Running Loss: 0.0025275514480915477
At 279576576 positions
Running Loss: 0.002533767305302347
At 289587200 positions
Running Loss: 0.002519327177743865
At 299597824 positions
Running Loss: 0.0025228170248178337
At 309608448 positions
Running Loss: 0.0025333897767012325
At 319619072 positions
Running Loss: 0.0025313753153025226
At 329629696 positions
Running Loss: 0.002522645137118825
At 339640320 positions
Running Loss: 0.0025200890636288007
At 349650944 positions
Running Loss: 0.0025060102709381555
At 359661568 positions
Running Loss: 0.0025079164489396465
At 369672192 positions
Running Loss: 0.002517704877837785
At 379682816 positions
Running Loss: 0.002512166425951569
At 389693440 positions
Running Loss: 0.00252908517022765
At 399704064 positions
Running Loss: 0.0025142357119171594
At 409714688 positions
Running Loss: 0.002526592115723755
At 419725312 positions
Running Loss: 0.002509470071808211
At 429735936 positions
Running Loss: 0.0025190916857430667
At 439746560 positions
Running Loss: 0.0025222664378863895
At 449757184 positions
Running Loss: 0.0025159393707000683
At 459767808 positions
/home/doruk/ProgrammingProjects/marlinflow/trainer/venv/lib/python3.11/site-packages/pytorch_ranger/ranger.py:172: UserWarning: This overload of addcmul_ is deprecated:
	addcmul_(Number value, Tensor tensor1, Tensor tensor2)
Consider using one of the following signatures instead:
	addcmul_(Tensor tensor1, Tensor tensor2, *, Number value) (Triggered internally at ../torch/csrc/utils/python_arg_parser.cpp:1485.)
  exp_avg_sq.mul_(beta2).addcmul_(1 - beta2, grad, grad)
At 10010624 positions
Running Loss: 0.029670702845297155
Traceback (most recent call last):
  File "/home/doruk/ProgrammingProjects/marlinflow/trainer/main.py", line 195, in <module>
    main()
  File "/home/doruk/ProgrammingProjects/marlinflow/trainer/main.py", line 180, in main
    train(
  File "/home/doruk/ProgrammingProjects/marlinflow/trainer/main.py", line 65, in train
    new_epoch, batch = dataloader.read_batch(DEVICE)
                       ^^^^^^^^^^^^^^^^^^^^^^^^^^^^^
  File "/home/doruk/ProgrammingProjects/marlinflow/trainer/dataloader.py", line 204, in read_batch
    while not read_batch_into(self._reader, self._feature_set, self._batch):
              ^^^^^^^^^^^^^^^^^^^^^^^^^^^^^^^^^^^^^^^^^^^^^^^^^^^^^^^^^^^^^
  File "/home/doruk/ProgrammingProjects/marlinflow/trainer/dataloader.py", line 186, in read_batch_into
    return PARSE_LIB.read_batch_into(reader._ptr, feature_set, parser_batch._ptr)
           ^^^^^^^^^^^^^^^^^^^^^^^^^^^^^^^^^^^^^^^^^^^^^^^^^^^^^^^^^^^^^^^^^^^^^^
KeyboardInterrupt
/home/doruk/ProgrammingProjects/marlinflow/trainer/venv/lib/python3.11/site-packages/pytorch_ranger/ranger.py:172: UserWarning: This overload of addcmul_ is deprecated:
	addcmul_(Number value, Tensor tensor1, Tensor tensor2)
Consider using one of the following signatures instead:
	addcmul_(Tensor tensor1, Tensor tensor2, *, Number value) (Triggered internally at ../torch/csrc/utils/python_arg_parser.cpp:1485.)
  exp_avg_sq.mul_(beta2).addcmul_(1 - beta2, grad, grad)
/home/doruk/ProgrammingProjects/marlinflow/trainer/venv/lib/python3.11/site-packages/pytorch_ranger/ranger.py:172: UserWarning: This overload of addcmul_ is deprecated:
	addcmul_(Number value, Tensor tensor1, Tensor tensor2)
Consider using one of the following signatures instead:
	addcmul_(Tensor tensor1, Tensor tensor2, *, Number value) (Triggered internally at ../torch/csrc/utils/python_arg_parser.cpp:1485.)
  exp_avg_sq.mul_(beta2).addcmul_(1 - beta2, grad, grad)
/home/doruk/ProgrammingProjects/marlinflow/trainer/venv/lib/python3.11/site-packages/pytorch_ranger/ranger.py:172: UserWarning: This overload of addcmul_ is deprecated:
	addcmul_(Number value, Tensor tensor1, Tensor tensor2)
Consider using one of the following signatures instead:
	addcmul_(Tensor tensor1, Tensor tensor2, *, Number value) (Triggered internally at ../torch/csrc/utils/python_arg_parser.cpp:1485.)
  exp_avg_sq.mul_(beta2).addcmul_(1 - beta2, grad, grad)
At 10010624 positions
Running Loss: 0.029434007435500523
At 20021248 positions
Running Loss: 0.0067197898015648174
At 30031872 positions
Running Loss: 0.005766434677298838
At 40042496 positions
Running Loss: 0.005146982236696733
At 50053120 positions
Running Loss: 0.004764414067744428
At 60063744 positions
Running Loss: 0.004470352650469142
At 70074368 positions
Running Loss: 0.004305997183592152
At 80084992 positions
Running Loss: 0.004140475377708722
At 90095616 positions
Running Loss: 0.004032515074734602
At 100106240 positions
Running Loss: 0.003952822396485973
At 110116864 positions
Running Loss: 0.0038479627056714947
At 120127488 positions
Running Loss: 0.003764927484790159
At 130138112 positions
Running Loss: 0.003716967109767583
At 140148736 positions
Running Loss: 0.003668419858242603
At 150159360 positions
Running Loss: 0.0036194855179607186
At 160169984 positions
Running Loss: 0.0035751759518187877
At 170180608 positions
Running Loss: 0.0035208492934606273
At 180191232 positions
Running Loss: 0.0034985027219581917
At 190201856 positions
Running Loss: 0.0034617000242692163
At 200212480 positions
Running Loss: 0.003426815991315826
At 210223104 positions
Running Loss: 0.0033826707037693153
At 220233728 positions
Running Loss: 0.0033643390074884444
At 230244352 positions
Running Loss: 0.003339685902072638
At 240254976 positions
Running Loss: 0.0033272038505042243
At 250265600 positions
Running Loss: 0.003318136530499997
At 260276224 positions
Running Loss: 0.0032789430134425187
At 270286848 positions
Running Loss: 0.0032701146973330535
At 280297472 positions
Running Loss: 0.0032446854633512356
At 290308096 positions
Running Loss: 0.00322136375595817
At 300318720 positions
Running Loss: 0.0031964361374975225
At 310329344 positions
Running Loss: 0.0032006827977207014
At 320339968 positions
Running Loss: 0.0031818188543990865
At 330350592 positions
Running Loss: 0.00316403872057576
At 340361216 positions
Running Loss: 0.0031578113521569685
At 350371840 positions
Running Loss: 0.003139626960317359
At 360382464 positions
Running Loss: 0.0031433224482934332
At 370393088 positions
Running Loss: 0.003121061527982671
At 380403712 positions
Running Loss: 0.0031157893947220475
At 390414336 positions
Running Loss: 0.0031025040949620125
At 400424960 positions
Running Loss: 0.0031073032931688374
At 410435584 positions
Running Loss: 0.003073913180886626
At 420446208 positions
Running Loss: 0.0030773423502371083
At 430456832 positions
Running Loss: 0.003070728088166632
At 440467456 positions
Running Loss: 0.003050229163099623
At 450478080 positions
Running Loss: 0.003060898296961808
At 460488704 positions
Running Loss: 0.0030301770289869042
At 470499328 positions
Running Loss: 0.003032911038437764
At 480509952 positions
Running Loss: 0.0030187893225986713
At 490520576 positions
Running Loss: 0.0030173129613973114
At 500531200 positions
Running Loss: 0.002995530048876074
At 510541824 positions
Running Loss: 0.0029853463368017816
At 520552448 positions
Running Loss: 0.002994773625937304
At 530563072 positions
Running Loss: 0.0029820480830540634
At 540573696 positions
Running Loss: 0.0029757229669199444
At 550584320 positions
Running Loss: 0.002985409355787911
At 560594944 positions
Running Loss: 0.0029863111321157404
At 570605568 positions
Running Loss: 0.0029502190076387846
At 580616192 positions
Running Loss: 0.0029621387659625412
At 590626816 positions
Running Loss: 0.0029569922804637354
At 600637440 positions
Running Loss: 0.00294752558007373
At 610648064 positions
Running Loss: 0.002945934497002884
At 620658688 positions
Running Loss: 0.002958668429410594
At 630669312 positions
Running Loss: 0.002940761672299349
At 640679936 positions
Running Loss: 0.0029300980013833304
At 650690560 positions
Running Loss: 0.0029293460658646256
At 660701184 positions
Running Loss: 0.0029164954605352274
At 670711808 positions
Running Loss: 0.0029176879436411756
At 680722432 positions
Running Loss: 0.0029147728765459577
At 690733056 positions
Running Loss: 0.002910566017787702
At 700743680 positions
Running Loss: 0.0029008082204091375
At 710754304 positions
Running Loss: 0.002892721889452146
At 720764928 positions
Running Loss: 0.0028960049249926877
At 730775552 positions
Running Loss: 0.002896902018795232
At 740786176 positions
Running Loss: 0.002899876202772175
At 750796800 positions
Running Loss: 0.0028886933568651667
At 760807424 positions
Running Loss: 0.002882195572611158
At 770818048 positions
Running Loss: 0.002884517324731705
At 780828672 positions
Running Loss: 0.0028803368051781787
At 790839296 positions
Running Loss: 0.0028738411670815927
At 800849920 positions
Running Loss: 0.0028671041838276017
At 810860544 positions
Running Loss: 0.0028612010802848056
At 820871168 positions
Running Loss: 0.0028568315037728917
At 830881792 positions
Running Loss: 0.0028467775366700417
At 840892416 positions
Running Loss: 0.0028520122097283845
At 850903040 positions
Running Loss: 0.0028608680356739
At 860913664 positions
Running Loss: 0.002853290344026007
At 870924288 positions
Running Loss: 0.0028443445745739726
At 880934912 positions
Running Loss: 0.002846953716683895
At 890945536 positions
Running Loss: 0.0028486634237286307
At 900956160 positions
Running Loss: 0.0028417321156753066
At 910966784 positions
Running Loss: 0.0028484802199268498
At 920977408 positions
Running Loss: 0.0028357427756251757
At 930988032 positions
Running Loss: 0.0028251150040696765
At 940998656 positions
Running Loss: 0.0028261158938493744
At 951009280 positions
Running Loss: 0.0028277832630613235
At 961019904 positions
Running Loss: 0.0028338894711383627
At 971030528 positions
Running Loss: 0.0028164576001331186
At 981041152 positions
Running Loss: 0.0028195342143506738
At 991051776 positions
Running Loss: 0.002806145899034366
At 1001062400 positions
Running Loss: 0.002819861405804973
At 1011073024 positions
Running Loss: 0.0028040898802237503
At 1021083648 positions
Running Loss: 0.0028046279804211007
At 1031094272 positions
Running Loss: 0.002806146094139586
At 1041104896 positions
Running Loss: 0.0028024365585876563
At 1051115520 positions
Running Loss: 0.0028161538213052452
At 1061126144 positions
Running Loss: 0.0027999074096180217
At 1071136768 positions
Running Loss: 0.0027974358166883502
At 1081147392 positions
Running Loss: 0.002800100953996474
At 1091158016 positions
Running Loss: 0.0027912365434212692
At 1101168640 positions
Running Loss: 0.002794620838571102
At 1111179264 positions
Running Loss: 0.0027775130373366335
At 1121189888 positions
Running Loss: 0.00278510263040296
At 1131200512 positions
Running Loss: 0.002784595161725183
At 1141211136 positions
Running Loss: 0.0027718288418509176
At 1151221760 positions
Running Loss: 0.0027781775657166824
At 1161232384 positions
Running Loss: 0.002779466821011857
At 1171243008 positions
Running Loss: 0.0027917328911014937
At 1181253632 positions
Running Loss: 0.002780051746462059
At 1191264256 positions
Running Loss: 0.0027709165298411965
At 1201274880 positions
Running Loss: 0.002770146254431792
At 1211285504 positions
Running Loss: 0.0027717420200279222
At 1221296128 positions
Running Loss: 0.0027652376021964267
At 1231306752 positions
Running Loss: 0.0027769363063056807
At 1241317376 positions
Running Loss: 0.0027639489322169126
At 1251328000 positions
Running Loss: 0.002748928171523074
At 1261338624 positions
Running Loss: 0.002767061640900208
At 1271349248 positions
Running Loss: 0.002765316229600173
At 1281359872 positions
Running Loss: 0.002769535575092522
At 1291370496 positions
Running Loss: 0.002764040241459973
At 1301381120 positions
Running Loss: 0.0027647937378204395
At 1311391744 positions
Running Loss: 0.002752048294204737
At 1321402368 positions
Running Loss: 0.0027565005953300212
At 1331412992 positions
Running Loss: 0.0027473261625598966
At 1341423616 positions
Running Loss: 0.002754382142848937
At 1351434240 positions
Running Loss: 0.0027488602749064393
At 1361444864 positions
Running Loss: 0.0027440265430756366
At 1371455488 positions
Running Loss: 0.002737882874796316
At 1381466112 positions
Running Loss: 0.002752022735420889
At 1391476736 positions
Running Loss: 0.002739377380783156
At 1401487360 positions
Running Loss: 0.0027391953476126963
At 1411497984 positions
Running Loss: 0.00274789450406638
At 1421508608 positions
Running Loss: 0.0027400807351020276
At 1431519232 positions
Running Loss: 0.0027428650816997023
At 1441529856 positions
Running Loss: 0.00271981086356355
At 1451540480 positions
Running Loss: 0.0027426592456923763
At 1461551104 positions
Running Loss: 0.0027368027722972114
At 1471561728 positions
Running Loss: 0.0027416240173939207
At 1481572352 positions
Running Loss: 0.0027303371804045383
At 1491582976 positions
Running Loss: 0.002742090904185893
At 1501593600 positions
Running Loss: 0.002730990002471374
At 1511604224 positions
Running Loss: 0.002732813650964715
At 1521614848 positions
Running Loss: 0.002726500436249029
At 1531625472 positions
Running Loss: 0.0027246908353315436
At 1541636096 positions
Running Loss: 0.0027283205728484057
At 1551646720 positions
Running Loss: 0.002723241593755794
At 1561657344 positions
Running Loss: 0.0027180004822251838
At 1571667968 positions
Running Loss: 0.0027299536035415976
At 1581678592 positions
Running Loss: 0.0027277633523394747
At 1591689216 positions
Running Loss: 0.002721556079758365
At 1601699840 positions
Running Loss: 0.00269816237853904
At 1611710464 positions
Running Loss: 0.0027143360159791238
At 1621721088 positions
Running Loss: 0.002704459789731889
At 1631731712 positions
Running Loss: 0.0027081043552454873
At 1641742336 positions
Running Loss: 0.002718828508779772
At 1651752960 positions
Running Loss: 0.0027127654189564006
At 1661763584 positions
Running Loss: 0.0027151277529627524
At 1671774208 positions
Running Loss: 0.002705680367989548
At 1681784832 positions
Running Loss: 0.0027170538316967055
At 1691795456 positions
Running Loss: 0.0026986811633195893
At 1701806080 positions
Running Loss: 0.0027038469642351967
At 1711816704 positions
Running Loss: 0.002701893960980854
At 1721827328 positions
Running Loss: 0.0027024248422850565
At 1731837952 positions
Running Loss: 0.0027125800689971973
At 1741848576 positions
Running Loss: 0.0026952248743434973
At 1751859200 positions
Running Loss: 0.0026975495530423476
At 1761869824 positions
Running Loss: 0.0027103905982159555
At 1771880448 positions
Running Loss: 0.002691999589948139
At 1781891072 positions
Running Loss: 0.002695284576540883
At 1791901696 positions
Running Loss: 0.002693447075576907
At 1801912320 positions
Running Loss: 0.002700152256680003
At 1811922944 positions
Running Loss: 0.0026927392338379707
At 1821933568 positions
Running Loss: 0.0026911063982499994
At 1831944192 positions
Running Loss: 0.0027001278685274766
At 1841954816 positions
Running Loss: 0.002711749115864306
At 1851965440 positions
Running Loss: 0.002693802362182917
At 1861976064 positions
Running Loss: 0.0026903966054588604
At 1871986688 positions
Running Loss: 0.002698962700152358
At 1881997312 positions
Running Loss: 0.00269161757392696
At 1892007936 positions
Running Loss: 0.002680655782234454
At 1902018560 positions
Running Loss: 0.002678911931776181
At 1912029184 positions
Running Loss: 0.0026757840048857095
At 1922039808 positions
Running Loss: 0.002671805809445545
At 1932050432 positions
Running Loss: 0.002676398196118943
At 1942061056 positions
Running Loss: 0.002696071045683566
At 1952071680 positions
Running Loss: 0.002688608661220819
At 1962082304 positions
Running Loss: 0.002682922514682901
At 1972092928 positions
Running Loss: 0.002682570935076075
At 1982103552 positions
Running Loss: 0.002676612226545518
At 1992114176 positions
Running Loss: 0.002679637528090157
At 2002124800 positions
Running Loss: 0.0026853260158907176
At 2012135424 positions
Running Loss: 0.0026898862102027804
At 2022146048 positions
Running Loss: 0.0026699686986920096
At 2032156672 positions
Running Loss: 0.0026792699498552736
At 2042167296 positions
Running Loss: 0.0026743337877838586
At 2052177920 positions
Running Loss: 0.0026763357624484748
At 2062188544 positions
Running Loss: 0.0026754952491597926
At 2072199168 positions
Running Loss: 0.0026711262579635396
At 2082209792 positions
Running Loss: 0.0026618987565735163
At 2092220416 positions
Running Loss: 0.002669873487344545
At 2102231040 positions
Running Loss: 0.0026790356284857966
At 2112241664 positions
Running Loss: 0.002666653665895353
At 2122252288 positions
Running Loss: 0.0026638849277152953
At 2132262912 positions
Running Loss: 0.0026651140906026436
At 2142273536 positions
Running Loss: 0.0026609519109398174
At 2152284160 positions
Running Loss: 0.0026579012457165507
At 2162294784 positions
Running Loss: 0.0026566318911538382
At 2172305408 positions
Running Loss: 0.0026551014858064792
At 2182316032 positions
Running Loss: 0.002666053132027534
At 2192326656 positions
Running Loss: 0.002647533744524817
At 2202337280 positions
Running Loss: 0.002675882923232358
At 2212347904 positions
Running Loss: 0.0026599802869431517
At 2222358528 positions
Running Loss: 0.002663079923576692
At 2232369152 positions
Running Loss: 0.002658150590187984
At 2242379776 positions
Running Loss: 0.002650850923478896
At 2252390400 positions
Running Loss: 0.0026654326974272532
At 2262401024 positions
Running Loss: 0.002657520400326693
At 2272411648 positions
Running Loss: 0.0026533379297209642
At 2282422272 positions
Running Loss: 0.0026478250366185965
At 2292432896 positions
Running Loss: 0.00266276814543479
At 2302443520 positions
Running Loss: 0.002648902017434178
At 2312454144 positions
Running Loss: 0.002648661257592434
At 2322464768 positions
Running Loss: 0.002649244817306094
At 2332475392 positions
Running Loss: 0.0026663809087974937
At 2342486016 positions
Running Loss: 0.0026486023358159292
At 2352496640 positions
Running Loss: 0.002656220024033966
At 2362507264 positions
Running Loss: 0.0026594476496919674
At 2372517888 positions
Running Loss: 0.002655171528580536
At 2382528512 positions
Running Loss: 0.0026474914066920304
At 2392539136 positions
Running Loss: 0.0026527235433825105
At 2402549760 positions
Running Loss: 0.0026577434055933976
At 2412560384 positions
Running Loss: 0.0026358122131047977
At 2422571008 positions
Running Loss: 0.0026479475626968907
At 2432581632 positions
Running Loss: 0.0026319858095259596
At 2442592256 positions
Running Loss: 0.0026355359441129745
At 2452602880 positions
Running Loss: 0.0026613140262285347
At 2462613504 positions
Running Loss: 0.002648747298994548
At 2472624128 positions
Running Loss: 0.0026282676893443404
At 2482634752 positions
Running Loss: 0.0026413104733156493
At 2492645376 positions
Running Loss: 0.002649926514945522
At 2502656000 positions
Running Loss: 0.002644956209460569
At 2512666624 positions
Running Loss: 0.002649224721468412
At 2522677248 positions
Running Loss: 0.0026378779871764238
At 2532687872 positions
Running Loss: 0.0026606762272636552
At 2542698496 positions
Running Loss: 0.002639851866689329
At 2552709120 positions
Running Loss: 0.0026357189528095353
At 2562719744 positions
Running Loss: 0.002644632334795014
At 2572730368 positions
Running Loss: 0.002640651798092207
At 2582740992 positions
Running Loss: 0.0026399962445522876
At 2592751616 positions
Running Loss: 0.002625528997368196
At 2602762240 positions
Running Loss: 0.002630523300795235
At 2612772864 positions
Running Loss: 0.0026341132368471734
At 2622783488 positions
Running Loss: 0.002635665884189637
At 2632794112 positions
Running Loss: 0.002640825831948638
At 2642804736 positions
Running Loss: 0.0026339368617281003
At 2652815360 positions
Running Loss: 0.002641426951132117
At 2662825984 positions
Running Loss: 0.0026572234501815273
At 2672836608 positions
Running Loss: 0.002638345849494497
At 2682847232 positions
Running Loss: 0.002636804128044366
At 2692857856 positions
Running Loss: 0.002624722042177391
At 2702868480 positions
Running Loss: 0.0026312200215366194
At 2712879104 positions
Running Loss: 0.0026392657706078063
At 2722889728 positions
Running Loss: 0.002617445007673847
At 2732900352 positions
Running Loss: 0.0026287864741248897
At 2742910976 positions
Running Loss: 0.0026262073782188805
At 2752921600 positions
Running Loss: 0.002628477622561291
At 2762932224 positions
Running Loss: 0.0026378775969659834
At 2772942848 positions
Running Loss: 0.0026303878977724064
At 2782953472 positions
Running Loss: 0.0026173706725849456
At 2792964096 positions
Running Loss: 0.0026196420875586775
At 2802974720 positions
Running Loss: 0.0026350903237900053
At 2812985344 positions
Running Loss: 0.0026285135219218103
At 2822995968 positions
Running Loss: 0.0026101749969582315
At 2833006592 positions
Running Loss: 0.0026198461676190214
At 2843017216 positions
Running Loss: 0.0026117949556016687
At 2853027840 positions
Running Loss: 0.0026247134575477014
At 2863038464 positions
Running Loss: 0.0026187227517610293
At 2873049088 positions
Running Loss: 0.0026050138785679096
At 2883059712 positions
Running Loss: 0.002613825025417996
At 2893070336 positions
Running Loss: 0.002613378234463706
At 2903080960 positions
Running Loss: 0.0026255057798469906
At 2913091584 positions
Running Loss: 0.0026370991271373293
At 2923102208 positions
Running Loss: 0.00262571512774828
At 2933112832 positions
Running Loss: 0.0026162620847236897
At 2943123456 positions
Running Loss: 0.0026211139613399725
At 2953134080 positions
Running Loss: 0.002614081393677357
At 2963144704 positions
Running Loss: 0.0026207504803147136
At 2973155328 positions
Running Loss: 0.002614491114639807
At 2983165952 positions
Running Loss: 0.0026077648621729275
At 2993176576 positions
Running Loss: 0.0026190996950464828
At 3003187200 positions
Running Loss: 0.0026240900963691175
At 3013197824 positions
Running Loss: 0.002617607140111845
At 3023208448 positions
Running Loss: 0.002611470690725673
At 3033219072 positions
Running Loss: 0.0026110038039337006
At 3043229696 positions
Running Loss: 0.002621380865281225
At 3053240320 positions
Running Loss: 0.002612409537045343
At 3063250944 positions
Running Loss: 0.0026120466413357447
At 3073261568 positions
Running Loss: 0.0026083579820423784
At 3083272192 positions
Running Loss: 0.002614779675260503
At 3093282816 positions
Running Loss: 0.0026151107688192066
At 3103293440 positions
Running Loss: 0.0026192056371810587
At 3113304064 positions
Running Loss: 0.0026003122329711914
At 3123314688 positions
Running Loss: 0.002610654175379077
At 3133325312 positions
Running Loss: 0.002611050629186552
At 3143335936 positions
Running Loss: 0.002613704840602344
At 3153346560 positions
Running Loss: 0.002613866387724681
At 3163357184 positions
Running Loss: 0.0025954047513671477
At 3173367808 positions
Running Loss: 0.002615334359401572
At 3183378432 positions
Running Loss: 0.002608108052255284
At 3193389056 positions
Running Loss: 0.0026128647175241025
At 3203399680 positions
Running Loss: 0.0025966682527732536
At 3213410304 positions
Running Loss: 0.002612062054648142
At 3223420928 positions
Running Loss: 0.002615028239311056
At 3233431552 positions
Running Loss: 0.0026057802518729104
At 3243442176 positions
Running Loss: 0.002603080971151249
At 3253452800 positions
Running Loss: 0.002600181512473648
At 3263463424 positions
Running Loss: 0.0026027656811153832
At 3273474048 positions
Running Loss: 0.002609223663904468
At 3283484672 positions
Running Loss: 0.002602104859734518
At 3293495296 positions
Running Loss: 0.0025960199181264826
At 3303505920 positions
Running Loss: 0.0025929862270573745
epoch 1
epoch train loss: 0.0029213422064893195
epoch pos/s: 1234255.329553836
At 3866624 positions
Running Loss: 0.002599401286698012
At 13877248 positions
Running Loss: 0.0026017544507590134
At 23887872 positions
Running Loss: 0.002609653285599379
At 33898496 positions
Running Loss: 0.0026050466562449054
At 43909120 positions
Running Loss: 0.0025956176111624012
At 53919744 positions
Running Loss: 0.0025977709874779034
At 63930368 positions
Running Loss: 0.0025996434122762977
At 73940992 positions
Running Loss: 0.002603485619377973
At 83951616 positions
Running Loss: 0.0025888078536612704
At 93962240 positions
Running Loss: 0.0026035246404220156
At 103972864 positions
Running Loss: 0.002598009406057005
At 113983488 positions
Running Loss: 0.00259422202352221
At 123994112 positions
Running Loss: 0.002591393778249987
At 134004736 positions
Running Loss: 0.002599732965572376
At 144015360 positions
Running Loss: 0.002602316939108891
At 154025984 positions
Running Loss: 0.0026025044352255165
At 164036608 positions
Running Loss: 0.0025897931350233514
At 174047232 positions
Running Loss: 0.0026022985992181905
At 184057856 positions
Running Loss: 0.0025974000924542766
At 194068480 positions
Running Loss: 0.002603672530178938
At 204079104 positions
Running Loss: 0.002583068443398234
At 214089728 positions
Running Loss: 0.002587325639303304
At 224100352 positions
Running Loss: 0.002597097874468165
At 234110976 positions
Running Loss: 0.0025874573353269485
At 244121600 positions
Running Loss: 0.0026006587398422916
At 254132224 positions
Running Loss: 0.0026080532276884037
At 264142848 positions
Running Loss: 0.0025899139051546636
At 274153472 positions
Running Loss: 0.002591279446590942
At 284164096 positions
Running Loss: 0.002597964922066796
At 294174720 positions
Running Loss: 0.0025876713657535235
At 304185344 positions
Running Loss: 0.0025827730540948298
At 314195968 positions
Running Loss: 0.0025878500821352396
At 324206592 positions
Running Loss: 0.0025907511016546023
At 334217216 positions
Running Loss: 0.002587609907609156
At 344227840 positions
Running Loss: 0.002586033262324606
At 354238464 positions
Running Loss: 0.0025906428182573835
At 364249088 positions
Running Loss: 0.0025945144862473107
At 374259712 positions
Running Loss: 0.0025954102143133134
At 384270336 positions
Running Loss: 0.0025889555483129723
At 394280960 positions
Running Loss: 0.0025950100535066544
At 404291584 positions
Running Loss: 0.002591483916861726
At 414302208 positions
Running Loss: 0.0025847937588605865
At 424312832 positions
Running Loss: 0.0025859940461753434
At 434323456 positions
Running Loss: 0.002591374462833186
At 444334080 positions
Running Loss: 0.002585423948721878
At 454344704 positions
Running Loss: 0.002588145666543864
At 464355328 positions
Running Loss: 0.0025828651437587707
At 474365952 positions
Running Loss: 0.0025820062905793886
At 484376576 positions
Running Loss: 0.002584622651582459
At 494387200 positions
Running Loss: 0.0025741382823638165
At 504397824 positions
Running Loss: 0.0025724830096755208
At 514408448 positions
Running Loss: 0.0025674814873553335
At 524419072 positions
Running Loss: 0.0025789644050910315
At 534429696 positions
Running Loss: 0.0025698842081422696
At 544440320 positions
Running Loss: 0.0025886388925405648
At 554450944 positions
Running Loss: 0.0025885270972493823
At 564461568 positions
Running Loss: 0.0025847344468736414
At 574472192 positions
Running Loss: 0.002577086517346471
At 584482816 positions
Running Loss: 0.0025855345733817392
At 594493440 positions
Running Loss: 0.0025811029534097973
At 604504064 positions
Running Loss: 0.0025800794314245544
At 614514688 positions
Running Loss: 0.0025839676833582003
At 624525312 positions
Running Loss: 0.0025892019662061027
At 634535936 positions
Running Loss: 0.002582287437201717
At 644546560 positions
Running Loss: 0.002577046325671107
At 654557184 positions
Running Loss: 0.0025778915214850744
At 664567808 positions
Running Loss: 0.0025715882571356193
At 674578432 positions
Running Loss: 0.0025773255212412334
At 684589056 positions
Running Loss: 0.0025833591501763526
At 694599680 positions
Running Loss: 0.002565293187205413
At 704610304 positions
Running Loss: 0.0025737636803410055
At 714620928 positions
Running Loss: 0.0025743804079421022
At 724631552 positions
Running Loss: 0.0025758743286132812
At 734642176 positions
Running Loss: 0.002572732159041734
At 744652800 positions
Running Loss: 0.002585618468626431
At 754663424 positions
Running Loss: 0.0025711367836560436
At 764674048 positions
Running Loss: 0.0025805564636879777
At 774684672 positions
Running Loss: 0.0025758819377168698
At 784695296 positions
Running Loss: 0.0025783156802338197
At 794705920 positions
Running Loss: 0.002568877270100745
At 804716544 positions
Running Loss: 0.0025817760664195357
At 814727168 positions
Running Loss: 0.002560954632423513
At 824737792 positions
Running Loss: 0.0025658970378619754
At 834748416 positions
Running Loss: 0.002560655145910485
At 844759040 positions
Running Loss: 0.002576556026252709
At 854769664 positions
Running Loss: 0.0025761892284387067
At 864780288 positions
Running Loss: 0.0025760196820023406
At 874790912 positions
Running Loss: 0.002568537982122793
At 884801536 positions
Running Loss: 0.0025773582989182292
At 894812160 positions
Running Loss: 0.0025692161678682567
At 904822784 positions
Running Loss: 0.0025818441581413904
At 914833408 positions
Running Loss: 0.0025670975202819525
At 924844032 positions
Running Loss: 0.0025705048378477707
At 934854656 positions
Running Loss: 0.002564923853023548
At 944865280 positions
Running Loss: 0.0025798868625722033
At 954875904 positions
Running Loss: 0.0025661097025520088
At 964886528 positions
Running Loss: 0.002568254104027381
At 974897152 positions
Running Loss: 0.0025751580973498757
At 984907776 positions
Running Loss: 0.002559421300497851
At 994918400 positions
Running Loss: 0.0025696514476145544
At 1004929024 positions
Running Loss: 0.002567292235291726
At 1014939648 positions
Running Loss: 0.0025618437269120287
At 1024950272 positions
Running Loss: 0.0025622817381314093
At 1034960896 positions
Running Loss: 0.0025725559790278807
At 1044971520 positions
Running Loss: 0.0025663083196661865
At 1054982144 positions
Running Loss: 0.0025713652518689145
At 1064992768 positions
Running Loss: 0.0025693937136186517
At 1075003392 positions
Running Loss: 0.002565398934234769
At 1085014016 positions
Running Loss: 0.0025663118315601505
At 1095024640 positions
Running Loss: 0.0025654141524419456
At 1105035264 positions
Running Loss: 0.002556897614474382
At 1115045888 positions
Running Loss: 0.002561801193974022
At 1125056512 positions
Running Loss: 0.0025628920272602385
At 1135067136 positions
Running Loss: 0.002558884370931822
At 1145077760 positions
Running Loss: 0.0025539097731320246
At 1155088384 positions
Running Loss: 0.002553868410825339
At 1165099008 positions
Running Loss: 0.0025698211891561403
At 1175109632 positions
Running Loss: 0.00257381323706694
At 1185120256 positions
Running Loss: 0.002565643010865257
At 1195130880 positions
Running Loss: 0.002561102912390876
At 1205141504 positions
Running Loss: 0.0025609634121584227
At 1215152128 positions
Running Loss: 0.002558319346214082
At 1225162752 positions
Running Loss: 0.0025606572920679072
At 1235173376 positions
Running Loss: 0.0025655513114117563
At 1245184000 positions
Running Loss: 0.002553648722347378
At 1255194624 positions
Running Loss: 0.002553152764877594
At 1265205248 positions
Running Loss: 0.0025676518142125804
At 1275215872 positions
Running Loss: 0.002562192184835331
At 1285226496 positions
Running Loss: 0.002575303450738935
At 1295237120 positions
Running Loss: 0.0025593350639905163
At 1305247744 positions
Running Loss: 0.002566982213096806
At 1315258368 positions
Running Loss: 0.0025557472740960004
At 1325268992 positions
Running Loss: 0.0025604032650711882
At 1335279616 positions
Running Loss: 0.0025552835089875515
At 1345290240 positions
Running Loss: 0.0025616749608965437
At 1355300864 positions
Running Loss: 0.0025569087354719348
At 1365311488 positions
Running Loss: 0.002553452641601063
At 1375322112 positions
Running Loss: 0.0025556087493896484
At 1385332736 positions
Running Loss: 0.0025659116707534915
At 1395343360 positions
Running Loss: 0.0025499335287440623
At 1405353984 positions
Running Loss: 0.0025598189249366474
At 1415364608 positions
Running Loss: 0.0025583597329946663
At 1425375232 positions
Running Loss: 0.00256247411187854
At 1435385856 positions
Running Loss: 0.0025501978963174523
At 1445396480 positions
Running Loss: 0.002553140863459161
At 1455407104 positions
Running Loss: 0.0025591553720826993
At 1465417728 positions
Running Loss: 0.002563162247990235
At 1475428352 positions
Running Loss: 0.002563289846804255
At 1485438976 positions
Running Loss: 0.0025599912028460964
At 1495449600 positions
Running Loss: 0.002572970772726056
At 1505460224 positions
Running Loss: 0.0025528121111631
At 1515470848 positions
Running Loss: 0.0025547543836303313
At 1525481472 positions
Running Loss: 0.0025602700082057823
At 1535492096 positions
Running Loss: 0.002554163605023523
At 1545502720 positions
Running Loss: 0.0025592310729081425
At 1555513344 positions
Running Loss: 0.0025526581731443515
At 1565523968 positions
Running Loss: 0.002562494012611002
At 1575534592 positions
Running Loss: 0.002560119386975777
At 1585545216 positions
Running Loss: 0.0025640306613254078
At 1595555840 positions
Running Loss: 0.002547010072124375
At 1605566464 positions
Running Loss: 0.0025417258423400977
At 1615577088 positions
Running Loss: 0.002546746484971866
At 1625587712 positions
Running Loss: 0.002543562953093633
At 1635598336 positions
Running Loss: 0.002553828999570856
At 1645608960 positions
Running Loss: 0.0025581133151015363
At 1655619584 positions
Running Loss: 0.002555322725136815
At 1665630208 positions
Running Loss: 0.0025502462824120655
At 1675640832 positions
Running Loss: 0.0025487689456846047
At 1685651456 positions
Running Loss: 0.0025610519899284
At 1695662080 positions
Running Loss: 0.002549492005630718
At 1705672704 positions
Running Loss: 0.0025480339843200585
At 1715683328 positions
Running Loss: 0.0025506965852603192
At 1725693952 positions
Running Loss: 0.002559358476616942
At 1735704576 positions
Running Loss: 0.0025499032874349292
At 1745715200 positions
Running Loss: 0.0025515560237553622
At 1755725824 positions
Running Loss: 0.0025510672851787263
At 1765736448 positions
Running Loss: 0.0025570322370763302
At 1775747072 positions
Running Loss: 0.00254618516725331
At 1785757696 positions
Running Loss: 0.0025485480865753223
At 1795768320 positions
Running Loss: 0.0025507131692040375
At 1805778944 positions
Running Loss: 0.0025539279179175043
At 1815789568 positions
Running Loss: 0.002543967991530798
At 1825800192 positions
Running Loss: 0.0025603615125540627
At 1835810816 positions
Running Loss: 0.0025586988258673986
At 1845821440 positions
Running Loss: 0.0025597309324823306
At 1855832064 positions
Running Loss: 0.002549372015920286
At 1865842688 positions
Running Loss: 0.0025487205595899915
At 1875853312 positions
Running Loss: 0.0025658751860773116
At 1885863936 positions
Running Loss: 0.002549901141277507
At 1895874560 positions
Running Loss: 0.0025401651956836056
At 1905885184 positions
Running Loss: 0.002538769803148635
At 1915895808 positions
Running Loss: 0.0025373197811520043
At 1925906432 positions
Running Loss: 0.0025449878065168566
At 1935917056 positions
Running Loss: 0.002544375566335825
At 1945927680 positions
Running Loss: 0.002554426801965592
At 1955938304 positions
Running Loss: 0.0025535043444844196
At 1965948928 positions
Running Loss: 0.0025506671243720673
At 1975959552 positions
Running Loss: 0.0025515427566003878
At 1985970176 positions
Running Loss: 0.002544412831432886
At 1995980800 positions
Running Loss: 0.0025509603675180487
At 2005991424 positions
Running Loss: 0.0025592568267972108
At 2016002048 positions
Running Loss: 0.0025496098491837272
At 2026012672 positions
Running Loss: 0.0025461882889368337
At 2036023296 positions
Running Loss: 0.0025397072837317633
At 2046033920 positions
Running Loss: 0.002551145717477252
At 2056044544 positions
Running Loss: 0.002554085562935437
At 2066055168 positions
Running Loss: 0.002548702609909732
At 2076065792 positions
Running Loss: 0.0025417402801263937
At 2086076416 positions
Running Loss: 0.002542991099693186
At 2096087040 positions
Running Loss: 0.002543554758674384
At 2106097664 positions
Running Loss: 0.0025508905198492124
At 2116108288 positions
Running Loss: 0.0025382617491551975
At 2126118912 positions
Running Loss: 0.002541991380544809
At 2136129536 positions
Running Loss: 0.0025382106315875014
At 2146140160 positions
Running Loss: 0.0025361397847801495
At 2156150784 positions
Running Loss: 0.0025431750839158477
At 2166161408 positions
Running Loss: 0.0025286859849470923
At 2176172032 positions
Running Loss: 0.0025432702952633123
At 2186182656 positions
Running Loss: 0.0025376444362384403
At 2196193280 positions
Running Loss: 0.0025449218609524243
At 2206203904 positions
Running Loss: 0.002546552160172533
At 2216214528 positions
Running Loss: 0.002542416905030096
At 2226225152 positions
Running Loss: 0.0025414339649306576
At 2236235776 positions
Running Loss: 0.0025454964458259547
At 2246246400 positions
Running Loss: 0.0025346977620975476
At 2256257024 positions
Running Loss: 0.002539224788522174
At 2266267648 positions
Running Loss: 0.002541448988032614
At 2276278272 positions
Running Loss: 0.002538040694940695
At 2286288896 positions
Running Loss: 0.002540918301833632
At 2296299520 positions
Running Loss: 0.0025387257093688665
At 2306310144 positions
Running Loss: 0.0025416442883580484
At 2316320768 positions
Running Loss: 0.0025354030674686213
At 2326331392 positions
Running Loss: 0.002546942565718181
At 2336342016 positions
Running Loss: 0.0025416124862071535
At 2346352640 positions
Running Loss: 0.0025364238579807814
At 2356363264 positions
Running Loss: 0.002545387577113075
At 2366373888 positions
Running Loss: 0.0025459485046211905
At 2376384512 positions
Running Loss: 0.002553583752309047
At 2386395136 positions
Running Loss: 0.0025299124163613578
At 2396405760 positions
Running Loss: 0.002544188070219199
At 2406416384 positions
Running Loss: 0.0025395371519797367
At 2416427008 positions
Running Loss: 0.002529338416803488
At 2426437632 positions
Running Loss: 0.0025363785935696914
At 2436448256 positions
Running Loss: 0.0025330678530878794
At 2446458880 positions
Running Loss: 0.0025304034962006366
At 2456469504 positions
Running Loss: 0.0025487636778436587
At 2466480128 positions
Running Loss: 0.0025351646488895197
At 2476490752 positions
Running Loss: 0.0025295563493344672
At 2486501376 positions
Running Loss: 0.0025406482762088557
At 2496512000 positions
Running Loss: 0.002542325595787036
At 2506522624 positions
Running Loss: 0.0025372302278559257
At 2516533248 positions
Running Loss: 0.0025467244380819815
At 2526543872 positions
Running Loss: 0.002541281977964111
At 2536554496 positions
Running Loss: 0.0025455885354898956
At 2546565120 positions
Running Loss: 0.0025334145550642
At 2556575744 positions
Running Loss: 0.0025341327373798075
At 2566586368 positions
Running Loss: 0.0025479368219203918
At 2576596992 positions
Running Loss: 0.002537768913368937
At 2586607616 positions
Running Loss: 0.00253386154112371
At 2596618240 positions
Running Loss: 0.002531073097316411
At 2606628864 positions
Running Loss: 0.0025247645651260103
At 2616639488 positions
Running Loss: 0.002534560798232957
At 2626650112 positions
Running Loss: 0.0025373392916740256
At 2636660736 positions
Running Loss: 0.0025340342092435996
At 2646671360 positions
Running Loss: 0.00253928468582478
At 2656681984 positions
Running Loss: 0.002546252478554284
At 2666692608 positions
Running Loss: 0.0025553237006629157
At 2676703232 positions
Running Loss: 0.002535112165585282
At 2686713856 positions
Running Loss: 0.0025324126897584005
At 2696724480 positions
Running Loss: 0.0025336882876881603
At 2706735104 positions
Running Loss: 0.002537023416322499
At 2716745728 positions
Running Loss: 0.0025340402575054263
At 2726756352 positions
Running Loss: 0.0025297081411957936
At 2736766976 positions
Running Loss: 0.0025301225446835284
At 2746777600 positions
Running Loss: 0.0025296771194657794
At 2756788224 positions
Running Loss: 0.0025333681200217888
At 2766798848 positions
Running Loss: 0.002544677199006276
At 2776809472 positions
Running Loss: 0.002529685704095469
At 2786820096 positions
Running Loss: 0.00252380718381042
At 2796830720 positions
Running Loss: 0.002536041646854382
At 2806841344 positions
Running Loss: 0.0025362351912328342
At 2816851968 positions
Running Loss: 0.002521580643037337
At 2826862592 positions
Running Loss: 0.002524166372520834
At 2836873216 positions
Running Loss: 0.002529218036882616
At 2846883840 positions
Running Loss: 0.0025221762992746507
At 2856894464 positions
Running Loss: 0.0025354495025110323
At 2866905088 positions
Running Loss: 0.0025163728944993836
At 2876915712 positions
Running Loss: 0.0025257867213747116
At 2886926336 positions
Running Loss: 0.0025181118673271515
At 2896936960 positions
Running Loss: 0.002527792403038512
At 2906947584 positions
Running Loss: 0.0025342958453439066
At 2916958208 positions
Running Loss: 0.0025473548230484934
At 2926968832 positions
Running Loss: 0.002533499620940213
At 2936979456 positions
Running Loss: 0.0025261677618697896
At 2946990080 positions
Running Loss: 0.0025327186147436963
At 2957000704 positions
Running Loss: 0.0025268477035622354
At 2967011328 positions
Running Loss: 0.0025292449614030053
At 2977021952 positions
Running Loss: 0.002519105928424142
At 2987032576 positions
Running Loss: 0.0025230886112843714
At 2997043200 positions
Running Loss: 0.0025397675712448093
At 3007053824 positions
Running Loss: 0.0025284664915743516
At 3017064448 positions
Running Loss: 0.002529220768355699
At 3027075072 positions
Running Loss: 0.0025197396301793974
At 3037085696 positions
Running Loss: 0.0025326292565528382
At 3047096320 positions
Running Loss: 0.0025368493824660682
At 3057106944 positions
Running Loss: 0.002521932222644163
At 3067117568 positions
Running Loss: 0.0025211469241328013
At 3077128192 positions
Running Loss: 0.0025309704719705785
At 3087138816 positions
Running Loss: 0.0025307890241157796
At 3097149440 positions
Running Loss: 0.0025307490275456356
At 3107160064 positions
Running Loss: 0.0025278583486029443
At 3117170688 positions
Running Loss: 0.0025175749377611225
At 3127181312 positions
Running Loss: 0.002524043261126879
At 3137191936 positions
Running Loss: 0.0025401045179601193
At 3147202560 positions
Running Loss: 0.002530558214640266
At 3157213184 positions
Running Loss: 0.0025195527193784322
At 3167223808 positions
Running Loss: 0.0025134328539359783
At 3177234432 positions
Running Loss: 0.0025393871160653923
At 3187245056 positions
Running Loss: 0.002523051541292531
At 3197255680 positions
Running Loss: 0.0025333548528668143
At 3207266304 positions
Running Loss: 0.0025157655319488575
At 3217276928 positions
Running Loss: 0.002533368510232229
At 3227287552 positions
Running Loss: 0.002523450141257428
At 3237298176 positions
Running Loss: 0.0025261905891805544
At 3247308800 positions
Running Loss: 0.0025218653015536296
At 3257319424 positions
Running Loss: 0.0025217755531523308
At 3267330048 positions
Running Loss: 0.00252700671431671
At 3277340672 positions
Running Loss: 0.002524183931990653
At 3287351296 positions
Running Loss: 0.0025185489030204312
At 3297361920 positions
Running Loss: 0.002519269816809122
At 3307372544 positions
Running Loss: 0.0025123675794336098
epoch 2
epoch train loss: 0.0025561866676219337
epoch pos/s: 1244872.1577526412
At 7733248 positions
Running Loss: 0.0025211951151221943
At 17743872 positions
Running Loss: 0.002533191549797495
At 27754496 positions
Running Loss: 0.0025221212796025503
At 37765120 positions
Running Loss: 0.0025236910962043923
At 47775744 positions
Running Loss: 0.002523778503343048
At 57786368 positions
Running Loss: 0.0025226745980070774
At 67796992 positions
Running Loss: 0.0025210657603611923
At 77807616 positions
Running Loss: 0.0025252080392915567
At 87818240 positions
Running Loss: 0.002516520589151086
At 97828864 positions
Running Loss: 0.0025306990806092606
At 107839488 positions
Running Loss: 0.002521417535073238
At 117850112 positions
Running Loss: 0.0025149636494937776
At 127860736 positions
Running Loss: 0.0025228416080755804
At 137871360 positions
Running Loss: 0.002522187615377423
At 147881984 positions
Running Loss: 0.002530652255356409
At 157892608 positions
Running Loss: 0.0025217039495365125
At 167903232 positions
Running Loss: 0.002522063723562587
At 177913856 positions
Running Loss: 0.002530912720825395
At 187924480 positions
Running Loss: 0.00253050709707257
At 197935104 positions
Running Loss: 0.0025233720991693423
At 207945728 positions
Running Loss: 0.0025129031432630975
At 217956352 positions
Running Loss: 0.0025217306789516816
At 227966976 positions
Running Loss: 0.0025198609856263705
At 237977600 positions
Running Loss: 0.00252148309042723
At 247988224 positions
Running Loss: 0.002537101848621025
At 257998848 positions
Running Loss: 0.002523581056860192
At 268009472 positions
Running Loss: 0.002525135265044417
At 278020096 positions
Running Loss: 0.0025198855688841177
At 288030720 positions
Running Loss: 0.002525565667160209
At 298041344 positions
Running Loss: 0.0025145525627947867
At 308051968 positions
Running Loss: 0.0025213621251906973
At 318062592 positions
Running Loss: 0.0025195536949045336
At 328073216 positions
Running Loss: 0.0025231258763814325
At 338083840 positions
Running Loss: 0.002518016460874467
At 348094464 positions
Running Loss: 0.0025169055317505683
At 358105088 positions
Running Loss: 0.002530848140997504
At 368115712 positions
Running Loss: 0.0025192530377601834
At 378126336 positions
Running Loss: 0.0025246716950411883
At 388136960 positions
Running Loss: 0.002528752515827185
At 398147584 positions
Running Loss: 0.0025327205657958984
At 408158208 positions
Running Loss: 0.002516775786779126
At 418168832 positions
Running Loss: 0.002525047857905761
At 428179456 positions
Running Loss: 0.0025126973072557715
At 438190080 positions
Running Loss: 0.002521668050175993
At 448200704 positions
Running Loss: 0.0025263665740891876
At 458211328 positions
Running Loss: 0.0025222227343170618
At 468221952 positions
Running Loss: 0.0025161656927555165
At 478232576 positions
Running Loss: 0.0025162460761062448
At 488243200 positions
Running Loss: 0.002520171202926511
At 498253824 positions
Running Loss: 0.0025093764213025083
At 508264448 positions
Running Loss: 0.0025044671837514826
At 518275072 positions
Running Loss: 0.002507826700538348
At 528285696 positions
Running Loss: 0.0025101461113962525
At 538296320 positions
Running Loss: 0.002508140039522012
At 548306944 positions
Running Loss: 0.002530186929406199
At 558317568 positions
Running Loss: 0.002521895737967983
At 568328192 positions
Running Loss: 0.0025123517759107726
At 578338816 positions
Running Loss: 0.002525208429501997
At 588349440 positions
Running Loss: 0.0025226929378977772
At 598360064 positions
Running Loss: 0.0025130282057092544
At 608370688 positions
Running Loss: 0.0025151489994529814
At 618381312 positions
Running Loss: 0.002536735636122683
At 628391936 positions
Running Loss: 0.0025201378399338542
At 638402560 positions
Running Loss: 0.0025192551839176057
At 648413184 positions
Running Loss: 0.00251462826362023
At 658423808 positions
Running Loss: 0.0025051436135499643
At 668434432 positions
Running Loss: 0.0025148247345769853
At 678445056 positions
Running Loss: 0.0025222182468969965
At 688455680 positions
Running Loss: 0.002514726986861658
At 698466304 positions
Running Loss: 0.0025141512313568066
At 708476928 positions
Running Loss: 0.0025122280792011565
At 718487552 positions
Running Loss: 0.0025048205193052902
At 728498176 positions
Running Loss: 0.0025201060377829593
At 738508800 positions
Running Loss: 0.002521239404007183
At 748519424 positions
Running Loss: 0.0025154219516560607
At 758530048 positions
Running Loss: 0.0025188117097520593
At 768540672 positions
Running Loss: 0.0025184263769421366
At 778551296 positions
Running Loss: 0.0025200067292258706
At 788561920 positions
Running Loss: 0.002516071456934153
At 798572544 positions
Running Loss: 0.0025053158914594134
At 808583168 positions
Running Loss: 0.0025242643153413815
At 818593792 positions
Running Loss: 0.002499751685684129
At 828604416 positions
Running Loss: 0.002504258811376294
At 838615040 positions
Running Loss: 0.0025074522936207573
At 848625664 positions
Running Loss: 0.002519246013972256
At 858636288 positions
Running Loss: 0.0025184800308776954
At 868646912 positions
Running Loss: 0.0025096985400210815
At 878657536 positions
Running Loss: 0.002514765812800481
At 888668160 positions
Running Loss: 0.0025180707001256864
At 898678784 positions
Running Loss: 0.0025152998157882064
At 908689408 positions
Running Loss: 0.0025188025398067094
At 918700032 positions
Running Loss: 0.0025136833690387332
At 928710656 positions
Running Loss: 0.0025147535211716074
At 938721280 positions
Running Loss: 0.0025019957859270313
At 948731904 positions
Running Loss: 0.0025230047160396795
At 958742528 positions
Running Loss: 0.002515480873432565
At 968753152 positions
Running Loss: 0.0025095760139427874
At 978763776 positions
Running Loss: 0.002515905422391751
At 988774400 positions
Running Loss: 0.0025016332804278733
At 998785024 positions
Running Loss: 0.0025199343451891712
At 1008795648 positions
Running Loss: 0.002507724270297736
At 1018806272 positions
Running Loss: 0.0025055135330474903
At 1028816896 positions
Running Loss: 0.0025115637459263277
At 1038827520 positions
Running Loss: 0.002517411244481363
At 1048838144 positions
Running Loss: 0.0025208891901368985
At 1058848768 positions
Running Loss: 0.0025011203488039305
At 1068859392 positions
Running Loss: 0.0025156590044986206
At 1078870016 positions
Running Loss: 0.0025123033898161594
At 1088880640 positions
Running Loss: 0.002516079261142962
At 1098891264 positions
Running Loss: 0.002508061997433926
At 1108901888 positions
Running Loss: 0.002501132445327584
At 1118912512 positions
Running Loss: 0.002509441001130399
At 1128923136 positions
Running Loss: 0.0025070652048638526
At 1138933760 positions
Running Loss: 0.0024984269212388758
At 1148944384 positions
Running Loss: 0.002507216996725179
At 1158955008 positions
Running Loss: 0.002506204985947929
At 1168965632 positions
Running Loss: 0.0025210948310390043
At 1178976256 positions
Running Loss: 0.0025119059604825833
At 1188986880 positions
Running Loss: 0.0025085286891206784
At 1198997504 positions
Running Loss: 0.002509791995421564
At 1209008128 positions
Running Loss: 0.002509656982609176
At 1219018752 positions
Running Loss: 0.0024974478832438416
At 1229029376 positions
Running Loss: 0.0025175427453997873
At 1239040000 positions
Running Loss: 0.002513149170945787
At 1249050624 positions
Running Loss: 0.0025029359979832425
At 1259061248 positions
Running Loss: 0.00250288780699385
At 1269071872 positions
Running Loss: 0.002511515164726495
At 1279082496 positions
Running Loss: 0.002514643872037847
At 1289093120 positions
Running Loss: 0.0025188737532120874
At 1299103744 positions
Running Loss: 0.0025155232112653515
At 1309114368 positions
Running Loss: 0.002507102860171354
At 1319124992 positions
Running Loss: 0.0025066740188973233
At 1329135616 positions
Running Loss: 0.0025056594717522106
At 1339146240 positions
Running Loss: 0.0025112465048382597
At 1349156864 positions
Running Loss: 0.0025061041165490784
At 1359167488 positions
Running Loss: 0.002504416651499447
At 1369178112 positions
Running Loss: 0.00250089168548584
At 1379188736 positions
Running Loss: 0.0025073842018989026
At 1389199360 positions
Running Loss: 0.002513546210068923
At 1399209984 positions
Running Loss: 0.002500622050071504
At 1409220608 positions
Running Loss: 0.0025121393063259594
At 1419231232 positions
Running Loss: 0.0025039997116438496
At 1429241856 positions
Running Loss: 0.0025146674797694927
At 1439252480 positions
Running Loss: 0.0024881031236164697
At 1449263104 positions
Running Loss: 0.002510859416081355
At 1459273728 positions
Running Loss: 0.0025156289582947077
At 1469284352 positions
Running Loss: 0.0025054120783329793
At 1479294976 positions
Running Loss: 0.0025115249199875052
At 1489305600 positions
Running Loss: 0.0025188811672104557
At 1499316224 positions
Running Loss: 0.0025160135106837497
At 1509326848 positions
Running Loss: 0.002506104896969959
At 1519337472 positions
Running Loss: 0.002509304232371029
At 1529348096 positions
Running Loss: 0.002506453745103702
At 1539358720 positions
Running Loss: 0.002511027011465519
At 1549369344 positions
Running Loss: 0.0025087370614958666
At 1559379968 positions
Running Loss: 0.0025010629878691876
At 1569390592 positions
Running Loss: 0.0025162821705719844
At 1579401216 positions
Running Loss: 0.0025075576504396727
At 1589411840 positions
Running Loss: 0.0025126920394148255
At 1599422464 positions
Running Loss: 0.0024925245981169603
At 1609433088 positions
Running Loss: 0.0025000254183080895
At 1619443712 positions
Running Loss: 0.002490847668749221
At 1629454336 positions
Running Loss: 0.0025037936805313034
At 1639464960 positions
Running Loss: 0.0025045300076323913
At 1649475584 positions
Running Loss: 0.0025026195373160556
At 1659486208 positions
Running Loss: 0.0025142277126031305
At 1669496832 positions
Running Loss: 0.002498245863594517
At 1679507456 positions
Running Loss: 0.002511561209558465
At 1689518080 positions
Running Loss: 0.002501187074789244
At 1699528704 positions
Running Loss: 0.0025015987468038955
At 1709539328 positions
Running Loss: 0.00250500274758097
At 1719549952 positions
Running Loss: 0.0025068693192227577
At 1729560576 positions
Running Loss: 0.0025119496640519114
At 1739571200 positions
Running Loss: 0.0025040635110508596
At 1749581824 positions
Running Loss: 0.0024993874242379894
At 1759592448 positions
Running Loss: 0.002511097249344796
At 1769603072 positions
Running Loss: 0.0024993164059378317
At 1779613696 positions
Running Loss: 0.002501499828457247
At 1789624320 positions
Running Loss: 0.0025009230974262944
At 1799634944 positions
Running Loss: 0.0025100421203138787
At 1809645568 positions
Running Loss: 0.0025057023949006576
At 1819656192 positions
Running Loss: 0.002498534619320434
At 1829666816 positions
Running Loss: 0.0025079868819241438
At 1839677440 positions
Running Loss: 0.002518891507787127
At 1849688064 positions
Running Loss: 0.0025077746074445508
At 1859698688 positions
Running Loss: 0.0025039597150737056
At 1869709312 positions
Running Loss: 0.0025140263640158695
At 1879719936 positions
Running Loss: 0.0025104301845968843
At 1889730560 positions
Running Loss: 0.002501980957930295
At 1899741184 positions
Running Loss: 0.00249388233534443
At 1909751808 positions
Running Loss: 0.0024925216715386573
At 1919762432 positions
Running Loss: 0.0024934162289733386
At 1929773056 positions
Running Loss: 0.00249777429427726
At 1939783680 positions
Running Loss: 0.002508417869355597
At 1949794304 positions
Running Loss: 0.002507796459229215
At 1959804928 positions
Running Loss: 0.0025137483390770647
At 1969815552 positions
Running Loss: 0.002503064767428584
At 1979826176 positions
Running Loss: 0.0025019696418275223
At 1989836800 positions
Running Loss: 0.002501403251373241
At 1999847424 positions
Running Loss: 0.002503144955674092
At 2009858048 positions
Running Loss: 0.002519660807670431
At 2019868672 positions
Running Loss: 0.002499669351281199
At 2029879296 positions
Running Loss: 0.0025007876944034657
At 2039889920 positions
Running Loss: 0.0024993684990316286
At 2049900544 positions
Running Loss: 0.0025046222924015524
At 2059911168 positions
Running Loss: 0.0025095243110594303
At 2069921792 positions
Running Loss: 0.0025031133486284173
At 2079932416 positions
Running Loss: 0.0024910679425428424
At 2089943040 positions
Running Loss: 0.0025038820631960606
At 2099953664 positions
Running Loss: 0.002506618999225223
At 2109964288 positions
Running Loss: 0.0024989427794411215
At 2119974912 positions
Running Loss: 0.0025018192157027375
At 2129985536 positions
Running Loss: 0.002493349893198466
At 2139996160 positions
Running Loss: 0.0024949799973133543
At 2150006784 positions
Running Loss: 0.00249422864711031
At 2160017408 positions
Running Loss: 0.002492252231229542
At 2170028032 positions
Running Loss: 0.0024878959218726025
At 2180038656 positions
Running Loss: 0.0025068131289193362
At 2190049280 positions
Running Loss: 0.0024912480246611
At 2200059904 positions
Running Loss: 0.002503551554953018
At 2210070528 positions
Running Loss: 0.0024991790518628008
At 2220081152 positions
Running Loss: 0.0025012934071342607
At 2230091776 positions
Running Loss: 0.002501518363453167
At 2240102400 positions
Running Loss: 0.0024951362765947456
At 2250113024 positions
Running Loss: 0.0024961022425400254
At 2260123648 positions
Running Loss: 0.002501938229887068
At 2270134272 positions
Running Loss: 0.002494253230368057
At 2280144896 positions
Running Loss: 0.0024964497249372265
At 2290155520 positions
Running Loss: 0.0025028390306887963
At 2300166144 positions
Running Loss: 0.0024935262683175394
At 2310176768 positions
Running Loss: 0.0024934216919195048
At 2320187392 positions
Running Loss: 0.002500069316982638
At 2330198016 positions
Running Loss: 0.002506024708724451
At 2340208640 positions
Running Loss: 0.0024969888006606783
At 2350219264 positions
Running Loss: 0.0025003079306669595
At 2360229888 positions
Running Loss: 0.002506640460799447
At 2370240512 positions
Running Loss: 0.002500440602216705
At 2380251136 positions
Running Loss: 0.0025050197217351285
At 2390261760 positions
Running Loss: 0.00249383648561768
At 2400272384 positions
Running Loss: 0.0025053504250833916
At 2410283008 positions
Running Loss: 0.0024902147474148463
At 2420293632 positions
Running Loss: 0.002495499172304344
At 2430304256 positions
Running Loss: 0.0024892021513219357
At 2440314880 positions
Running Loss: 0.002492917930240912
At 2450325504 positions
Running Loss: 0.0025057096137938053
At 2460336128 positions
Running Loss: 0.002499425274650711
At 2470346752 positions
Running Loss: 0.0024871180373596093
At 2480357376 positions
Running Loss: 0.0024913202135925794
At 2490368000 positions
Running Loss: 0.002497966668024391
At 2500378624 positions
Running Loss: 0.0025028439083193015
At 2510389248 positions
Running Loss: 0.0025018557003789175
At 2520399872 positions
Running Loss: 0.0024991987574900427
At 2530410496 positions
Running Loss: 0.0025122604666677124
At 2540421120 positions
Running Loss: 0.00249512183880845
At 2550431744 positions
Running Loss: 0.002493531926368926
At 2560442368 positions
Running Loss: 0.0025038307505231444
At 2570452992 positions
Running Loss: 0.002502479451767942
At 2580463616 positions
Running Loss: 0.002494282496151089
At 2590474240 positions
Running Loss: 0.0024892064436367804
At 2600484864 positions
Running Loss: 0.002489213272319488
At 2610495488 positions
Running Loss: 0.002491298361807915
At 2620506112 positions
Running Loss: 0.002498288591637744
At 2630516736 positions
Running Loss: 0.0025020351971815143
At 2640527360 positions
Running Loss: 0.0024904900408805686
At 2650537984 positions
Running Loss: 0.0025031338346765395
At 2660548608 positions
Running Loss: 0.0025150508615272133
At 2670559232 positions
Running Loss: 0.0025018067289686438
At 2680569856 positions
Running Loss: 0.0024980538800578266
At 2690580480 positions
Running Loss: 0.0024920698078486417
At 2700591104 positions
Running Loss: 0.00249136645352977
At 2710601728 positions
Running Loss: 0.002503554286426101
At 2720612352 positions
Running Loss: 0.0024892378555772345
At 2730622976 positions
Running Loss: 0.0024847201942031784
At 2740633600 positions
Running Loss: 0.002496332466699878
At 2750644224 positions
Running Loss: 0.002490962585723927
At 2760654848 positions
Running Loss: 0.002506018855567845
At 2770665472 positions
Running Loss: 0.002496465138249624
At 2780676096 positions
Running Loss: 0.0024868948369876844
At 2790686720 positions
Running Loss: 0.0024874920540667593
At 2800697344 positions
Running Loss: 0.0025018508227484123
At 2810707968 positions
Running Loss: 0.0024988073764182933
At 2820718592 positions
Running Loss: 0.0024789220572688578
At 2830729216 positions
Running Loss: 0.002490280107663618
At 2840739840 positions
Running Loss: 0.0024892503423113283
At 2850750464 positions
Running Loss: 0.0024864876523930978
At 2860761088 positions
Running Loss: 0.002495024091093123
At 2870771712 positions
Running Loss: 0.002474021404347521
At 2880782336 positions
Running Loss: 0.00248643516908886
At 2890792960 positions
Running Loss: 0.0024833101687766917
At 2900803584 positions
Running Loss: 0.0024953023111371478
At 2910814208 positions
Running Loss: 0.0025026688989367696
At 2920824832 positions
Running Loss: 0.0025037860714277153
At 2930835456 positions
Running Loss: 0.0024914300578315596
At 2940846080 positions
Running Loss: 0.002490887275108924
At 2950856704 positions
Running Loss: 0.002488682195910065
At 2960867328 positions
Running Loss: 0.0024974016433066512
At 2970877952 positions
Running Loss: 0.0024896405527517567
At 2980888576 positions
Running Loss: 0.002483484592843563
At 2990899200 positions
Running Loss: 0.0024891520092803405
At 3000909824 positions
Running Loss: 0.002499174759547956
At 3010920448 positions
Running Loss: 0.0024928609595166094
At 3020931072 positions
Running Loss: 0.0024910377012337093
At 3030941696 positions
Running Loss: 0.002489640162541316
At 3040952320 positions
Running Loss: 0.0024915800937459045
At 3050962944 positions
Running Loss: 0.002488210626592808
At 3060973568 positions
Running Loss: 0.0024902635237199
At 3070984192 positions
Running Loss: 0.0024833804066559688
At 3080994816 positions
Running Loss: 0.002498739870012099
At 3091005440 positions
Running Loss: 0.0024945899819781465
At 3101016064 positions
Running Loss: 0.002492197601767882
At 3111026688 positions
Running Loss: 0.0024865249174901584
At 3121037312 positions
Running Loss: 0.002487084089051292
At 3131047936 positions
Running Loss: 0.0024878869470324728
At 3141058560 positions
Running Loss: 0.002495956694045746
At 3151069184 positions
Running Loss: 0.002492639710196887
At 3161079808 positions
Running Loss: 0.002482641348081798
At 3171090432 positions
Running Loss: 0.002487786662949283
At 3181101056 positions
Running Loss: 0.0024975918708963598
At 3191111680 positions
Running Loss: 0.00249268848650194
At 3201122304 positions
Running Loss: 0.0024887042427999494
At 3211132928 positions
Running Loss: 0.0024899605253129076
At 3221143552 positions
Running Loss: 0.0024941326553419648
At 3231154176 positions
Running Loss: 0.0024883868066066612
At 3241164800 positions
Running Loss: 0.002484992170880157
At 3251175424 positions
Running Loss: 0.002489794100560065
At 3261186048 positions
Running Loss: 0.002485344921118304
At 3271196672 positions
Running Loss: 0.0024901482165347534
At 3281207296 positions
Running Loss: 0.0024912209050354903
At 3291217920 positions
Running Loss: 0.002476679322762497
At 3301228544 positions
Running Loss: 0.002485809856858074
epoch 3
epoch train loss: 0.002505796746019591
epoch pos/s: 1252180.1667088778
At 1589248 positions
Running Loss: 0.002476014599277228
At 11599872 positions
Running Loss: 0.0024950943289724
At 21610496 positions
Running Loss: 0.0024870944296279634
At 31621120 positions
Running Loss: 0.0024983664386206096
At 41631744 positions
Running Loss: 0.002484727803306767
At 51642368 positions
Running Loss: 0.0024887534093154433
At 61652992 positions
Running Loss: 0.002484900081216216
At 71663616 positions
Running Loss: 0.00249659878532547
At 81674240 positions
Running Loss: 0.0024777479140536095
At 91684864 positions
Running Loss: 0.002492905443506818
At 101695488 positions
Running Loss: 0.0024926350276716015
At 111706112 positions
Running Loss: 0.0024856488950513976
At 121716736 positions
Running Loss: 0.002486430291458355
At 131727360 positions
Running Loss: 0.002487992889167049
At 141737984 positions
Running Loss: 0.002496266911345886
At 151748608 positions
Running Loss: 0.002494761089256274
At 161759232 positions
Running Loss: 0.0024856061670081703
At 171769856 positions
Running Loss: 0.0024889686103733394
At 181780480 positions
Running Loss: 0.0024936302593999136
At 191791104 positions
Running Loss: 0.0024973382341100816
At 201801728 positions
Running Loss: 0.0024845416729266825
At 211812352 positions
Running Loss: 0.0024785117509907475
At 221822976 positions
Running Loss: 0.002491652477782604
At 231833600 positions
Running Loss: 0.0024901228528561256
At 241844224 positions
Running Loss: 0.0024932377076968427
At 251854848 positions
Running Loss: 0.002502094118958019
At 261865472 positions
Running Loss: 0.002486038715281385
At 271876096 positions
Running Loss: 0.0024913330905371135
At 281886720 positions
Running Loss: 0.0024929438792352003
At 291897344 positions
Running Loss: 0.0024883901233954046
At 301907968 positions
Running Loss: 0.0024773551672453184
At 311918592 positions
Running Loss: 0.0024941508001274444
At 321929216 positions
Running Loss: 0.0024839411390588637
At 331939840 positions
Running Loss: 0.00248987155733249
At 341950464 positions
Running Loss: 0.0024868327935276564
At 351961088 positions
Running Loss: 0.0024892589269410177
At 361971712 positions
Running Loss: 0.0024988723464566243
At 371982336 positions
Running Loss: 0.00248566040625939
At 381992960 positions
Running Loss: 0.002495617015857353
At 392003584 positions
Running Loss: 0.0024922494997564586
At 402014208 positions
Running Loss: 0.0024991724182853135
At 412024832 positions
Running Loss: 0.0024781590007526004
At 422035456 positions
Running Loss: 0.0024904455568903598
At 432046080 positions
Running Loss: 0.0024948810789667056
At 442056704 positions
Running Loss: 0.002484203750685272
At 452067328 positions
Running Loss: 0.0024933522344611084
At 462077952 positions
Running Loss: 0.002481588950523963
At 472088576 positions
Running Loss: 0.0024867120233963438
At 482099200 positions
Running Loss: 0.002484094686867172
At 492109824 positions
Running Loss: 0.0024863065947487387
At 502120448 positions
Running Loss: 0.0024688612614833
At 512131072 positions
Running Loss: 0.0024735469084519604
At 522141696 positions
Running Loss: 0.0024839452362684883
At 532152320 positions
Running Loss: 0.002473629242854891
At 542162944 positions
Running Loss: 0.0024856163124796216
At 552173568 positions
Running Loss: 0.002492758334170777
At 562184192 positions
Running Loss: 0.0024949306356926403
At 572194816 positions
Running Loss: 0.002477239860060172
At 582205440 positions
Running Loss: 0.0024945462784088184
At 592216064 positions
Running Loss: 0.002488807843671883
At 602226688 positions
Running Loss: 0.0024817202563371674
At 612237312 positions
Running Loss: 0.00248630737516962
At 622247936 positions
Running Loss: 0.0025043105142596505
At 632258560 positions
Running Loss: 0.0024841577058533014
At 642269184 positions
Running Loss: 0.0024851823984698655
At 652279808 positions
Running Loss: 0.0024843292033418698
At 662290432 positions
Running Loss: 0.0024774244295984946
At 672301056 positions
Running Loss: 0.0024867518248612675
At 682311680 positions
Running Loss: 0.00248818506780896
At 692322304 positions
Running Loss: 0.002480021670289984
At 702332928 positions
Running Loss: 0.0024818634635688044
At 712343552 positions
Running Loss: 0.002482017011377113
At 722354176 positions
Running Loss: 0.0024855605123866404
At 732364800 positions
Running Loss: 0.0024794935204588645
At 742375424 positions
Running Loss: 0.0024959857647235575
At 752386048 positions
Running Loss: 0.002486551256694887
At 762396672 positions
Running Loss: 0.002490569838915636
At 772407296 positions
Running Loss: 0.0024812625394905453
At 782417920 positions
Running Loss: 0.0024920212266488083
At 792428544 positions
Running Loss: 0.002484501481251319
At 802439168 positions
Running Loss: 0.002486693098189983
At 812449792 positions
Running Loss: 0.0024718814902922135
At 822460416 positions
Running Loss: 0.002481349751523981
At 832471040 positions
Running Loss: 0.0024762719430626904
At 842481664 positions
Running Loss: 0.00248104811885353
At 852492288 positions
Running Loss: 0.0024868725949925797
At 862502912 positions
Running Loss: 0.002487035898061899
At 872513536 positions
Running Loss: 0.0024816810401879046
At 882524160 positions
Running Loss: 0.0024830483375711645
At 892534784 positions
Running Loss: 0.0024875404401613725
At 902545408 positions
Running Loss: 0.002486446290086412
At 912556032 positions
Running Loss: 0.0024913358220101964
At 922566656 positions
Running Loss: 0.002477463060432097
At 932577280 positions
Running Loss: 0.0024841005400237787
At 942587904 positions
Running Loss: 0.00248799405979837
At 952598528 positions
Running Loss: 0.0024839819160498884
At 962609152 positions
Running Loss: 0.002487874460298379
At 972619776 positions
Running Loss: 0.002482606034036939
At 982630400 positions
Running Loss: 0.002477244932795898
At 992641024 positions
Running Loss: 0.0024821561213991257
At 1002651648 positions
Running Loss: 0.002484239259835351
At 1012662272 positions
Running Loss: 0.0024774099918121986
At 1022672896 positions
Running Loss: 0.0024799219715224544
At 1032683520 positions
Running Loss: 0.0024842689158288233
At 1042694144 positions
Running Loss: 0.002479418209843862
At 1052704768 positions
Running Loss: 0.0024890825518219446
At 1062715392 positions
Running Loss: 0.0024809529075060658
At 1072726016 positions
Running Loss: 0.0024917988066977645
At 1082736640 positions
Running Loss: 0.002476615133145047
At 1092747264 positions
Running Loss: 0.002484652492691764
At 1102757888 positions
Running Loss: 0.0024776123159255606
At 1112768512 positions
Running Loss: 0.002472084399721236
At 1122779136 positions
Running Loss: 0.0024816279715680063
At 1132789760 positions
Running Loss: 0.0024811926918217085
At 1142800384 positions
Running Loss: 0.002470320453425281
At 1152811008 positions
Running Loss: 0.002475048438226728
At 1162821632 positions
Running Loss: 0.0024791602807427387
At 1172832256 positions
Running Loss: 0.0024940711971975973
At 1182842880 positions
Running Loss: 0.002484667710898941
At 1192853504 positions
Running Loss: 0.0024816755772417384
At 1202864128 positions
Running Loss: 0.0024731695749560666
At 1212874752 positions
Running Loss: 0.0024818062977392816
At 1222885376 positions
Running Loss: 0.0024787411947297193
At 1232896000 positions
Running Loss: 0.0024869207859819728
At 1242906624 positions
Running Loss: 0.002476870525878307
At 1252917248 positions
Running Loss: 0.002467253399363516
At 1262927872 positions
Running Loss: 0.002488317739358705
At 1272938496 positions
Running Loss: 0.002478891425749284
At 1282949120 positions
Running Loss: 0.002496713702300176
At 1292959744 positions
Running Loss: 0.0024832145672187868
At 1302970368 positions
Running Loss: 0.0024908628869563976
At 1312980992 positions
Running Loss: 0.0024731617707472583
At 1322991616 positions
Running Loss: 0.0024835388320947824
At 1333002240 positions
Running Loss: 0.00247443951483444
At 1343012864 positions
Running Loss: 0.0024850354842390443
At 1353023488 positions
Running Loss: 0.0024793183159711124
At 1363034112 positions
Running Loss: 0.002476932569338335
At 1373044736 positions
Running Loss: 0.002471218327648706
At 1383055360 positions
Running Loss: 0.0024879969863766736
At 1393065984 positions
Running Loss: 0.002475135845365384
At 1403076608 positions
Running Loss: 0.0024839391880066616
At 1413087232 positions
Running Loss: 0.0024812043981349216
At 1423097856 positions
Running Loss: 0.002478724415680781
At 1433108480 positions
Running Loss: 0.0024803457400607593
At 1443119104 positions
Running Loss: 0.002464000019816447
At 1453129728 positions
Running Loss: 0.002483134769183719
At 1463140352 positions
Running Loss: 0.002488266231580569
At 1473150976 positions
Running Loss: 0.0024879041162918516
At 1483161600 positions
Running Loss: 0.0024837752996216818
At 1493172224 positions
Running Loss: 0.002487970061856284
At 1503182848 positions
Running Loss: 0.0024797949580240954
At 1513193472 positions
Running Loss: 0.0024796938935200243
At 1523204096 positions
Running Loss: 0.002481188789717304
At 1533214720 positions
Running Loss: 0.002482404490344458
At 1543225344 positions
Running Loss: 0.0024842378940988096
At 1553235968 positions
Running Loss: 0.00247958034228186
At 1563246592 positions
Running Loss: 0.002478265333097617
At 1573257216 positions
Running Loss: 0.002488703072168628
At 1583267840 positions
Running Loss: 0.002484596887704003
At 1593278464 positions
Running Loss: 0.002478954249630193
At 1603289088 positions
Running Loss: 0.0024624280570571823
At 1613299712 positions
Running Loss: 0.0024767454634321497
At 1623310336 positions
Running Loss: 0.002466111058299163
At 1633320960 positions
Running Loss: 0.002479431867209277
At 1643331584 positions
Running Loss: 0.0024801787299922563
At 1653342208 positions
Running Loss: 0.0024803022315966518
At 1663352832 positions
Running Loss: 0.002480165072626841
At 1673363456 positions
Running Loss: 0.0024720535730964424
At 1683374080 positions
Running Loss: 0.0024896458205927023
At 1693384704 positions
Running Loss: 0.0024712663235328786
At 1703395328 positions
Running Loss: 0.002480190631410689
At 1713405952 positions
Running Loss: 0.0024756378510969947
At 1723416576 positions
Running Loss: 0.002484529186192589
At 1733427200 positions
Running Loss: 0.00248041890451834
At 1743437824 positions
Running Loss: 0.002474174366840169
At 1753448448 positions
Running Loss: 0.002477540517204522
At 1763459072 positions
Running Loss: 0.0024881956034908514
At 1773469696 positions
Running Loss: 0.002472790680618411
At 1783480320 positions
Running Loss: 0.0024734938398320626
At 1793490944 positions
Running Loss: 0.0024801248809514773
At 1803501568 positions
Running Loss: 0.0024846944403141102
At 1813512192 positions
Running Loss: 0.002468317893445004
At 1823522816 positions
Running Loss: 0.002482073786996195
At 1833533440 positions
Running Loss: 0.002485329507805907
At 1843544064 positions
Running Loss: 0.0024869488811336835
At 1853554688 positions
Running Loss: 0.002479752815296529
At 1863565312 positions
Running Loss: 0.0024823902476633825
At 1873575936 positions
Running Loss: 0.0024868347445798585
At 1883586560 positions
Running Loss: 0.002483148231443914
At 1893597184 positions
Running Loss: 0.002472772340727711
At 1903607808 positions
Running Loss: 0.002468345208175834
At 1913618432 positions
Running Loss: 0.0024738054228687443
At 1923629056 positions
Running Loss: 0.0024619976549413902
At 1933639680 positions
Running Loss: 0.0024703959591455037
At 1943650304 positions
Running Loss: 0.0024920305916993784
At 1953660928 positions
Running Loss: 0.002478984490939326
At 1963671552 positions
Running Loss: 0.0024826653460238842
At 1973682176 positions
Running Loss: 0.002483184521014874
At 1983692800 positions
Running Loss: 0.0024707848038493904
At 1993703424 positions
Running Loss: 0.002478886938329219
At 2003714048 positions
Running Loss: 0.0024873150936320252
At 2013724672 positions
Running Loss: 0.0024887856016767786
At 2023735296 positions
Running Loss: 0.002473699480734168
At 2033745920 positions
Running Loss: 0.0024754965949175594
At 2043756544 positions
Running Loss: 0.0024828567442449143
At 2053767168 positions
Running Loss: 0.0024746744215195775
At 2063777792 positions
Running Loss: 0.00248463942064201
At 2073788416 positions
Running Loss: 0.0024748985974176033
At 2083799040 positions
Running Loss: 0.002471029660900759
At 2093809664 positions
Running Loss: 0.0024757837898017145
At 2103820288 positions
Running Loss: 0.002483076432722875
At 2113830912 positions
Running Loss: 0.002464249949603541
At 2123841536 positions
Running Loss: 0.002476156050561883
At 2133852160 positions
Running Loss: 0.0024732288869430117
At 2143862784 positions
Running Loss: 0.0024697386496586025
At 2153873408 positions
Running Loss: 0.002471611074456997
At 2163884032 positions
Running Loss: 0.002464021676495891
At 2173894656 positions
Running Loss: 0.0024704741963388096
At 2183905280 positions
Running Loss: 0.0024738900985343173
At 2193915904 positions
Running Loss: 0.002465317955578993
At 2203926528 positions
Running Loss: 0.0024881608747616534
At 2213937152 positions
Running Loss: 0.0024731924022668317
At 2223947776 positions
Running Loss: 0.0024733043926632348
At 2233958400 positions
Running Loss: 0.002475073801905356
At 2243969024 positions
Running Loss: 0.002471179111499443
At 2253979648 positions
Running Loss: 0.0024790695568153395
At 2263990272 positions
Running Loss: 0.002469146505315253
At 2274000896 positions
Running Loss: 0.0024705990636797468
At 2284011520 positions
Running Loss: 0.0024711785261837824
At 2294022144 positions
Running Loss: 0.0024767946299476436
At 2304032768 positions
Running Loss: 0.0024727473672595235
At 2314043392 positions
Running Loss: 0.0024701524678306767
At 2324054016 positions
Running Loss: 0.0024729397410066544
At 2334064640 positions
Running Loss: 0.0024834949334202345
At 2344075264 positions
Running Loss: 0.0024734850600971526
At 2354085888 positions
Running Loss: 0.0024750033689208586
At 2364096512 positions
Running Loss: 0.002482345958778394
At 2374107136 positions
Running Loss: 0.0024830319487326663
At 2384117760 positions
Running Loss: 0.002469259471237757
At 2394128384 positions
Running Loss: 0.002478336936713436
At 2404139008 positions
Running Loss: 0.0024768437964631375
At 2414149632 positions
Running Loss: 0.0024625864824959964
At 2424160256 positions
Running Loss: 0.0024707848038493904
At 2434170880 positions
Running Loss: 0.0024664887820054974
At 2444181504 positions
Running Loss: 0.0024628855787985843
At 2454192128 positions
Running Loss: 0.002485300046917655
At 2464202752 positions
Running Loss: 0.00247502287944288
At 2474213376 positions
Running Loss: 0.00245808696590742
At 2484224000 positions
Running Loss: 0.0024715496163126294
At 2494234624 positions
Running Loss: 0.002480614204843774
At 2504245248 positions
Running Loss: 0.0024717107732245263
At 2514255872 positions
Running Loss: 0.00248315369439008
At 2524266496 positions
Running Loss: 0.0024741546612129274
At 2534277120 positions
Running Loss: 0.002488050250101792
At 2544287744 positions
Running Loss: 0.0024690471967581643
At 2554298368 positions
Running Loss: 0.0024694594540884763
At 2564308992 positions
Running Loss: 0.0024822433334325614
At 2574319616 positions
Running Loss: 0.002475729160340055
At 2584330240 positions
Running Loss: 0.002472367692500987
At 2594340864 positions
Running Loss: 0.002464464955556217
At 2604351488 positions
Running Loss: 0.002467436408060077
At 2614362112 positions
Running Loss: 0.002470838067574509
At 2624372736 positions
Running Loss: 0.0024740813016501267
At 2634383360 positions
Running Loss: 0.002470156174829861
At 2644393984 positions
Running Loss: 0.002473033391512357
At 2654404608 positions
Running Loss: 0.002476967298067533
At 2664415232 positions
Running Loss: 0.0024954441526322435
At 2674425856 positions
Running Loss: 0.0024756052685252186
At 2684436480 positions
Running Loss: 0.0024744045910000214
At 2694447104 positions
Running Loss: 0.0024673765107574713
At 2704457728 positions
Running Loss: 0.0024747801685489337
At 2714468352 positions
Running Loss: 0.0024743956161598917
At 2724478976 positions
Running Loss: 0.002459768772905665
At 2734489600 positions
Running Loss: 0.002469605002582756
At 2744500224 positions
Running Loss: 0.0024690998751676217
At 2754510848 positions
Running Loss: 0.002471501230218016
At 2764521472 positions
Running Loss: 0.002478732024784369
At 2774532096 positions
Running Loss: 0.002474943081407812
At 2784542720 positions
Running Loss: 0.0024623646478606127
At 2794553344 positions
Running Loss: 0.002468502658088547
At 2804563968 positions
Running Loss: 0.002475799593324552
At 2814574592 positions
Running Loss: 0.002472038549994486
At 2824585216 positions
Running Loss: 0.002460439739757981
At 2834595840 positions
Running Loss: 0.002463398510422527
At 2844606464 positions
Running Loss: 0.0024578440599082535
At 2854617088 positions
Running Loss: 0.002480348861744283
At 2864627712 positions
Running Loss: 0.002457856156431907
At 2874638336 positions
Running Loss: 0.002460632698820773
At 2884648960 positions
Running Loss: 0.002458076040015088
At 2894659584 positions
Running Loss: 0.002468016260774553
At 2904670208 positions
Running Loss: 0.0024693630721096906
At 2914680832 positions
Running Loss: 0.0024904972597737164
At 2924691456 positions
Running Loss: 0.002473277468142845
At 2934702080 positions
Running Loss: 0.0024663157236751677
At 2944712704 positions
Running Loss: 0.0024669976164198157
At 2954723328 positions
Running Loss: 0.0024693995567858706
At 2964733952 positions
Running Loss: 0.002471442698651952
At 2974744576 positions
Running Loss: 0.002463415679681906
At 2984755200 positions
Running Loss: 0.002464849312840039
At 2994765824 positions
Running Loss: 0.0024747670964991794
At 3004776448 positions
Running Loss: 0.0024697868406479955
At 3014787072 positions
Running Loss: 0.0024687211759351867
At 3024797696 positions
Running Loss: 0.002464336381216096
At 3034808320 positions
Running Loss: 0.00247154122678816
At 3044818944 positions
Running Loss: 0.002474061205812445
At 3054829568 positions
Running Loss: 0.00246229850719096
At 3064840192 positions
Running Loss: 0.0024677649652509173
At 3074850816 positions
Running Loss: 0.002468594162436827
At 3084861440 positions
Running Loss: 0.0024691028017459252
At 3094872064 positions
Running Loss: 0.0024666144297673153
At 3104882688 positions
Running Loss: 0.0024737519640384057
At 3114893312 positions
Running Loss: 0.002462108864916912
At 3124903936 positions
Running Loss: 0.0024666292577640516
At 3134914560 positions
Running Loss: 0.0024723663267644455
At 3144925184 positions
Running Loss: 0.0024720527926755617
At 3154935808 positions
Running Loss: 0.002466138763240433
At 3164946432 positions
Running Loss: 0.002457110854490689
At 3174957056 positions
Running Loss: 0.0024808356492687167
At 3184967680 positions
Running Loss: 0.0024595221599073144
At 3194978304 positions
Running Loss: 0.0024768199936262714
At 3204988928 positions
Running Loss: 0.00245856087648732
At 3214999552 positions
Running Loss: 0.002471817105569543
At 3225010176 positions
Running Loss: 0.0024692690313935475
At 3235020800 positions
Running Loss: 0.002470500340438318
At 3245031424 positions
Running Loss: 0.002466085694620535
At 3255042048 positions
Running Loss: 0.0024619570730555857
At 3265052672 positions
Running Loss: 0.0024701284698885905
At 3275063296 positions
Running Loss: 0.0024671380921783698
At 3285073920 positions
Running Loss: 0.0024628135849723252
At 3295084544 positions
Running Loss: 0.0024588558755802834
At 3305095168 positions
Running Loss: 0.0024583702586871707
epoch 4
epoch train loss: 0.002478650370369081
epoch pos/s: 1258373.7261482172
At 5455872 positions
Running Loss: 0.0024351609319009484
At 15466496 positions
Running Loss: 0.0023938210623158955
At 25477120 positions
Running Loss: 0.0023758633827421745
At 35487744 positions
Running Loss: 0.0023722275969634858
At 45498368 positions
Running Loss: 0.002363641211327086
At 55508992 positions
Running Loss: 0.0023565134323170066
At 65519616 positions
Running Loss: 0.002355396454931281
At 75530240 positions
Running Loss: 0.002363151692329569
At 85540864 positions
Running Loss: 0.002342070963495882
At 95551488 positions
Running Loss: 0.0023604968955981166
At 105562112 positions
Running Loss: 0.0023475873684922137
At 115572736 positions
Running Loss: 0.0023470939473902927
At 125583360 positions
Running Loss: 0.002348876233576948
At 135593984 positions
Running Loss: 0.0023469292785844318
At 145604608 positions
Running Loss: 0.0023547976770104443
At 155615232 positions
Running Loss: 0.002338661889983082
At 165625856 positions
Running Loss: 0.0023450796810968026
At 175636480 positions
Running Loss: 0.002349278150330589
At 185647104 positions
Running Loss: 0.0023387133977612186
At 195657728 positions
Running Loss: 0.002347248665829922
At 205668352 positions
Running Loss: 0.0023342523169010243
At 215678976 positions
Running Loss: 0.0023314086583164045
At 225689600 positions
Running Loss: 0.0023384927337571563
At 235700224 positions
Running Loss: 0.0023377242142947332
At 245710848 positions
Running Loss: 0.002342220414094566
At 255721472 positions
Running Loss: 0.0023420932054909866
At 265732096 positions
Running Loss: 0.0023331925053448215
At 275742720 positions
Running Loss: 0.0023329410147159657
At 285753344 positions
Running Loss: 0.002350080422996109
At 295763968 positions
Running Loss: 0.002325422244844577
At 305774592 positions
Running Loss: 0.002333147045828512
At 315785216 positions
Running Loss: 0.002328468422647779
At 325795840 positions
Running Loss: 0.0023390279073762037
At 335806464 positions
Running Loss: 0.0023254472183127646
At 345817088 positions
Running Loss: 0.002331144876058675
At 355827712 positions
Running Loss: 0.002338037748383617
At 365838336 positions
Running Loss: 0.002335910906378064
At 375848960 positions
Running Loss: 0.0023367781490819155
At 385859584 positions
Running Loss: 0.0023285269542138434
At 395870208 positions
Running Loss: 0.002338335674054884
At 405880832 positions
Running Loss: 0.0023301051603401546
At 415891456 positions
Running Loss: 0.002334805049989891
At 425902080 positions
Running Loss: 0.0023234153925494553
At 435912704 positions
Running Loss: 0.002325793334973424
At 445923328 positions
Running Loss: 0.0023314375338889964
At 455933952 positions
Running Loss: 0.002327882326566256
At 465944576 positions
Running Loss: 0.002325093102338076
At 475955200 positions
Running Loss: 0.002322715940334988
At 485965824 positions
Running Loss: 0.002328993255690155
At 495976448 positions
Running Loss: 0.00231623688618212
At 505987072 positions
Running Loss: 0.0023155766501169158
At 515997696 positions
Running Loss: 0.0023117295653847353
At 526008320 positions
Running Loss: 0.002323142635451596
At 536018944 positions
Running Loss: 0.002309572677175269
At 546029568 positions
Running Loss: 0.0023335343296906367
At 556040192 positions
Running Loss: 0.0023260580927572548
At 566050816 positions
Running Loss: 0.002322330022209405
At 576061440 positions
Running Loss: 0.0023251091009661336
At 586072064 positions
Running Loss: 0.00232413962312689
At 596082688 positions
Running Loss: 0.0023194229544282155
At 606093312 positions
Running Loss: 0.0023196762010040534
At 616103936 positions
Running Loss: 0.0023324150110422687
At 626114560 positions
Running Loss: 0.0023268447570051576
At 636125184 positions
Running Loss: 0.0023221938387656955
At 646135808 positions
Running Loss: 0.0023186995042716618
At 656146432 positions
Running Loss: 0.0023197083933653886
At 666157056 positions
Running Loss: 0.002317434246918574
At 676167680 positions
Running Loss: 0.002323267307687313
At 686178304 positions
Running Loss: 0.002321746267390524
At 696188928 positions
Running Loss: 0.00231066741256589
At 706199552 positions
Running Loss: 0.0023182105705898052
At 716210176 positions
Running Loss: 0.002313798266034665
At 726220800 positions
Running Loss: 0.0023162279113419903
At 736231424 positions
Running Loss: 0.0023245930476586676
At 746242048 positions
Running Loss: 0.0023225616121057987
At 756252672 positions
Running Loss: 0.002319860185226715
At 766263296 positions
Running Loss: 0.0023208013728090275
At 776273920 positions
Running Loss: 0.0023201227968531234
At 786284544 positions
Running Loss: 0.002324684747112168
At 796295168 positions
Running Loss: 0.0023055369256951416
At 806305792 positions
Running Loss: 0.002324040314569801
At 816316416 positions
Running Loss: 0.002298920127256802
At 826327040 positions
Running Loss: 0.002311131372779559
At 836337664 positions
Running Loss: 0.0023067335060107143
At 846348288 positions
Running Loss: 0.00232071220972339
At 856358912 positions
Running Loss: 0.0023208046895977713
At 866369536 positions
Running Loss: 0.002315337841327374
At 876380160 positions
Running Loss: 0.0023091295932201627
At 886390784 positions
Running Loss: 0.0023210866166409804
At 896401408 positions
Running Loss: 0.0023141535526406748
At 906412032 positions
Running Loss: 0.002321548430697227
At 916422656 positions
Running Loss: 0.002310517961967206
At 926433280 positions
Running Loss: 0.0023145478602907272
At 936443904 positions
Running Loss: 0.002309817534226638
At 946454528 positions
Running Loss: 0.002322383871250184
At 956465152 positions
Running Loss: 0.002313257239259011
At 966475776 positions
Running Loss: 0.002311746539538894
At 976486400 positions
Running Loss: 0.0023159319367229256
At 986497024 positions
Running Loss: 0.0022982001889942124
At 996507648 positions
Running Loss: 0.0023187711078874805
At 1006518272 positions
Running Loss: 0.0023121872822313575
At 1016528896 positions
Running Loss: 0.0023066349778745063
At 1026539520 positions
Running Loss: 0.0023096479877902716
At 1036550144 positions
Running Loss: 0.0023118074123676005
At 1046560768 positions
Running Loss: 0.0023134349801146262
At 1056571392 positions
Running Loss: 0.0023101211179492906
At 1066582016 positions
Running Loss: 0.0023145109854041065
At 1076592640 positions
Running Loss: 0.002309042966502388
At 1086603264 positions
Running Loss: 0.0023120994848822613
At 1096613888 positions
Running Loss: 0.0023083279058703035
At 1106624512 positions
Running Loss: 0.002302418949170901
At 1116635136 positions
Running Loss: 0.0023074364701191454
At 1126645760 positions
Running Loss: 0.0023070638191485366
At 1136656384 positions
Running Loss: 0.0023044302888860875
At 1146667008 positions
Running Loss: 0.0023023022762492127
At 1156677632 positions
Running Loss: 0.0023042113808290072
At 1166688256 positions
Running Loss: 0.0023142001827883055
At 1176698880 positions
Running Loss: 0.0023142308143078794
At 1186709504 positions
Running Loss: 0.0023078893093352623
At 1196720128 positions
Running Loss: 0.002302953342369067
At 1206730752 positions
Running Loss: 0.0023080171032545025
At 1216741376 positions
Running Loss: 0.002296555256882588
At 1226752000 positions
Running Loss: 0.0023119057453985887
At 1236762624 positions
Running Loss: 0.002306193844971602
At 1246773248 positions
Running Loss: 0.002299682793562619
At 1256783872 positions
Running Loss: 0.0023036391372181194
At 1266794496 positions
Running Loss: 0.0023089444383661796
At 1276805120 positions
Running Loss: 0.002310660193672742
At 1286815744 positions
Running Loss: 0.002319042499248798
At 1296826368 positions
Running Loss: 0.002309939084778831
At 1306836992 positions
Running Loss: 0.0023106849720357092
At 1316847616 positions
Running Loss: 0.002303145716116198
At 1326858240 positions
Running Loss: 0.002303925746786614
At 1336868864 positions
Running Loss: 0.002305374403046703
At 1346879488 positions
Running Loss: 0.0023071272283451062
At 1356890112 positions
Running Loss: 0.0023027594077801744
At 1366900736 positions
Running Loss: 0.002297866168857206
At 1376911360 positions
Running Loss: 0.0023035597293934924
At 1386921984 positions
Running Loss: 0.00231898045578877
At 1396932608 positions
Running Loss: 0.002292973125039458
At 1406943232 positions
Running Loss: 0.002306468162911223
At 1416953856 positions
Running Loss: 0.0023018059285689883
At 1426964480 positions
Running Loss: 0.002305089939635631
At 1436975104 positions
Running Loss: 0.0022937045745100404
At 1446985728 positions
Running Loss: 0.002301979767320199
At 1456996352 positions
Running Loss: 0.0023097790984982556
At 1467006976 positions
Running Loss: 0.0023054422996633375
At 1477017600 positions
Running Loss: 0.0023069596329609423
At 1487028224 positions
Running Loss: 0.0023058807010931585
At 1497038848 positions
Running Loss: 0.0023126440235518783
At 1507049472 positions
Running Loss: 0.00229861712884981
At 1517060096 positions
Running Loss: 0.0022996386997828507
At 1527070720 positions
Running Loss: 0.0023072571684217688
At 1537081344 positions
Running Loss: 0.0023059540606559592
At 1547091968 positions
Running Loss: 0.0023078331190318404
At 1557102592 positions
Running Loss: 0.0022963129361990822
At 1567113216 positions
Running Loss: 0.0023074912946860256
At 1577123840 positions
Running Loss: 0.002302531329777744
At 1587134464 positions
Running Loss: 0.0023106077103685046
At 1597145088 positions
Running Loss: 0.0022900354257386953
At 1607155712 positions
Running Loss: 0.002294631909621718
At 1617166336 positions
Running Loss: 0.002291551003089318
At 1627176960 positions
Running Loss: 0.002294776092379456
At 1637187584 positions
Running Loss: 0.0023014377650184444
At 1647198208 positions
Running Loss: 0.0023026403935958437
At 1657208832 positions
Running Loss: 0.0023025617661920975
At 1667219456 positions
Running Loss: 0.002295467740385115
At 1677230080 positions
Running Loss: 0.002299782297224928
At 1687240704 positions
Running Loss: 0.0022990965023758757
At 1697251328 positions
Running Loss: 0.002297771347720182
At 1707261952 positions
Running Loss: 0.002298763847975411
At 1717272576 positions
Running Loss: 0.0022990049980275954
At 1727283200 positions
Running Loss: 0.0023023530036064685
At 1737293824 positions
Running Loss: 0.002301341773250099
At 1747304448 positions
Running Loss: 0.0022946235200972487
At 1757315072 positions
Running Loss: 0.0023035388531349294
At 1767325696 positions
Running Loss: 0.002297453716421674
At 1777336320 positions
Running Loss: 0.0022942022879268065
At 1787346944 positions
Running Loss: 0.0022955504649984854
At 1797357568 positions
Running Loss: 0.002297152278856443
At 1807368192 positions
Running Loss: 0.0022984335348375886
At 1817378816 positions
Running Loss: 0.0022925433082393266
At 1827389440 positions
Running Loss: 0.0022987396549281045
At 1837400064 positions
Running Loss: 0.0023075498262520896
At 1847410688 positions
Running Loss: 0.00230065890497935
At 1857421312 positions
Running Loss: 0.0022952498078541357
At 1867431936 positions
Running Loss: 0.0022999631597640665
At 1877442560 positions
Running Loss: 0.002308872639645141
At 1887453184 positions
Running Loss: 0.0022953617982505387
At 1897463808 positions
Running Loss: 0.0022878898536320014
At 1907474432 positions
Running Loss: 0.002285944069270807
At 1917485056 positions
Running Loss: 0.002286688981001584
At 1927495680 positions
Running Loss: 0.0022919663821031537
At 1937506304 positions
Running Loss: 0.002293479032875473
At 1947516928 positions
Running Loss: 0.0023020066918405884
At 1957527552 positions
Running Loss: 0.0023015556085714535
At 1967538176 positions
Running Loss: 0.0022969538568474853
At 1977548800 positions
Running Loss: 0.0022980314229787274
At 1987559424 positions
Running Loss: 0.0022899060709776933
At 1997570048 positions
Running Loss: 0.0022963273739853777
At 2007580672 positions
Running Loss: 0.002306244962539298
At 2017591296 positions
Running Loss: 0.002288625985627869
At 2027601920 positions
Running Loss: 0.0022972958762985203
At 2037612544 positions
Running Loss: 0.0022873827751646652
At 2047623168 positions
Running Loss: 0.00229825247719323
At 2057633792 positions
Running Loss: 0.002298820428489273
At 2067644416 positions
Running Loss: 0.0022955028593247533
At 2077655040 positions
Running Loss: 0.0022850340985237283
At 2087665664 positions
Running Loss: 0.002293066775545161
At 2097676288 positions
Running Loss: 0.0022929563459905197
At 2107686912 positions
Running Loss: 0.0022875966104860196
At 2117697536 positions
Running Loss: 0.0022919496030542152
At 2127708160 positions
Running Loss: 0.002284164904767675
At 2137718784 positions
Running Loss: 0.002282336573749049
At 2147729408 positions
Running Loss: 0.0022887569012306325
At 2157740032 positions
Running Loss: 0.0022858301278222016
At 2167750656 positions
Running Loss: 0.0022772825681246244
At 2177761280 positions
Running Loss: 0.002294835989682062
At 2187771904 positions
Running Loss: 0.0022826928358811597
At 2197782528 positions
Running Loss: 0.0022887237333431964
At 2207793152 positions
Running Loss: 0.002294135171731053
At 2217803776 positions
Running Loss: 0.0022894663038113307
At 2227814400 positions
Running Loss: 0.002286874916276448
At 2237825024 positions
Running Loss: 0.0022883311816401255
At 2247835648 positions
Running Loss: 0.002279765477157068
At 2257846272 positions
Running Loss: 0.002292604571278474
At 2267856896 positions
Running Loss: 0.002286094690500812
At 2277867520 positions
Running Loss: 0.0022846194999307737
At 2287878144 positions
Running Loss: 0.002288665201777132
At 2297888768 positions
Running Loss: 0.0022848977199747987
At 2307899392 positions
Running Loss: 0.002294831502261997
At 2317910016 positions
Running Loss: 0.002279744991108946
At 2327920640 positions
Running Loss: 0.0022928168457580665
At 2337931264 positions
Running Loss: 0.002285279150680317
At 2347941888 positions
Running Loss: 0.002286605866177773
At 2357952512 positions
Running Loss: 0.0022922925980313515
At 2367963136 positions
Running Loss: 0.0022952162497562587
At 2377973760 positions
Running Loss: 0.0022861481493311507
At 2387984384 positions
Running Loss: 0.0022807519291504707
At 2397995008 positions
Running Loss: 0.0022884699014516976
At 2408005632 positions
Running Loss: 0.0022751250945994973
At 2418016256 positions
Running Loss: 0.0022827544891307473
At 2428026880 positions
Running Loss: 0.0022803386962940574
At 2438037504 positions
Running Loss: 0.0022788658469866615
At 2448048128 positions
Running Loss: 0.0022848721611909506
At 2458058752 positions
Running Loss: 0.0022885834526898624
At 2468069376 positions
Running Loss: 0.002278610064042961
At 2478080000 positions
Running Loss: 0.0022810305394049364
At 2488090624 positions
Running Loss: 0.0022807685130941885
At 2498101248 positions
Running Loss: 0.0022900092816391863
At 2508111872 positions
Running Loss: 0.0022839219987685084
At 2518122496 positions
Running Loss: 0.0022898451981489864
At 2528133120 positions
Running Loss: 0.0022923054749758856
At 2538143744 positions
Running Loss: 0.0022865459688751672
At 2548154368 positions
Running Loss: 0.0022733800735099032
At 2558164992 positions
Running Loss: 0.002285070778305129
At 2568175616 positions
Running Loss: 0.002290560258781071
At 2578186240 positions
Running Loss: 0.0022789563758088406
At 2588196864 positions
Running Loss: 0.002280726565471843
At 2598207488 positions
Running Loss: 0.00227310360941286
At 2608218112 positions
Running Loss: 0.002275149287646804
At 2618228736 positions
Running Loss: 0.002279339757566561
At 2628239360 positions
Running Loss: 0.0022811493584840464
At 2638249984 positions
Running Loss: 0.0022748790669168076
At 2648260608 positions
Running Loss: 0.0022871480635847474
At 2658271232 positions
Running Loss: 0.002290310719204417
At 2668281856 positions
Running Loss: 0.0022885953541082952
At 2678292480 positions
Running Loss: 0.002283045976329747
At 2688303104 positions
Running Loss: 0.0022738510575115
At 2698313728 positions
Running Loss: 0.002274121863557157
At 2708324352 positions
Running Loss: 0.002284065010894925
At 2718334976 positions
Running Loss: 0.0022749967153645966
At 2728345600 positions
Running Loss: 0.002269620591021599
At 2738356224 positions
Running Loss: 0.0022746203573948036
At 2748366848 positions
Running Loss: 0.002275231231839294
At 2758377472 positions
Running Loss: 0.0022790763655192725
At 2768388096 positions
Running Loss: 0.002280476245474308
At 2778398720 positions
Running Loss: 0.002268073991940962
At 2788409344 positions
Running Loss: 0.0022706606969505596
At 2798419968 positions
Running Loss: 0.0022770109816580863
At 2808430592 positions
Running Loss: 0.0022763546476972864
At 2818441216 positions
Running Loss: 0.0022667228882909795
At 2828451840 positions
Running Loss: 0.0022695573769302493
At 2838462464 positions
Running Loss: 0.0022686177501896987
At 2848473088 positions
Running Loss: 0.002268676476860983
At 2858483712 positions
Running Loss: 0.002269174190277749
At 2868494336 positions
Running Loss: 0.0022602081298828125
At 2878504960 positions
Running Loss: 0.0022717651876021914
At 2888515584 positions
Running Loss: 0.0022598471852254163
At 2898526208 positions
Running Loss: 0.002268898116391146
At 2908536832 positions
Running Loss: 0.00227669530141178
At 2918547456 positions
Running Loss: 0.002283470525288933
At 2928558080 positions
Running Loss: 0.0022710097401895226
At 2938568704 positions
Running Loss: 0.0022689322598046834
At 2948579328 positions
Running Loss: 0.0022717891855442776
At 2958589952 positions
Running Loss: 0.002271715435771037
At 2968600576 positions
Running Loss: 0.002263497213685181
At 2978611200 positions
Running Loss: 0.002263065445832847
At 2988621824 positions
Running Loss: 0.0022627876159992625
At 2998632448 positions
Running Loss: 0.002274222147640347
At 3008643072 positions
Running Loss: 0.0022655356730259773
At 3018653696 positions
Running Loss: 0.0022682449041138693
At 3028664320 positions
Running Loss: 0.002260590341009212
At 3038674944 positions
Running Loss: 0.002265668539680943
At 3048685568 positions
Running Loss: 0.002270514368035399
At 3058696192 positions
Running Loss: 0.0022623821873516575
At 3068706816 positions
Running Loss: 0.0022587986897719863
At 3078717440 positions
Running Loss: 0.0022727920263761778
At 3088728064 positions
Running Loss: 0.0022639309325897168
At 3098738688 positions
Running Loss: 0.002263185240438059
At 3108749312 positions
Running Loss: 0.0022635688173009995
At 3118759936 positions
Running Loss: 0.00225555740674857
At 3128770560 positions
Running Loss: 0.002258886877331523
At 3138781184 positions
Running Loss: 0.0022700150937768715
At 3148791808 positions
Running Loss: 0.00226332337493397
At 3158802432 positions
Running Loss: 0.0022570579609972365
At 3168813056 positions
Running Loss: 0.002257028305003764
At 3178823680 positions
Running Loss: 0.0022656470781067194
At 3188834304 positions
Running Loss: 0.0022567573038528867
At 3198844928 positions
Running Loss: 0.0022633614204519118
At 3208855552 positions
Running Loss: 0.0022549219490463333
At 3218866176 positions
Running Loss: 0.0022605318094431476
At 3228876800 positions
Running Loss: 0.0022573223285706264
At 3238887424 positions
Running Loss: 0.0022537197106793742
At 3248898048 positions
Running Loss: 0.002255467658347272
At 3258908672 positions
Running Loss: 0.0022544324300488162
At 3268919296 positions
Running Loss: 0.0022585226158853833
At 3278929920 positions
Running Loss: 0.0022554629758219868
At 3288940544 positions
Running Loss: 0.0022450012388088893
At 3298951168 positions
Running Loss: 0.002251058670580875
At 3308961792 positions
Running Loss: 0.0022384913580312275
epoch 5
epoch train loss: 0.002300445873139356
epoch pos/s: 1248157.9527177452
At 9322496 positions
Running Loss: 0.0022978310499175677
At 19333120 positions
Running Loss: 0.0023048704462628905
At 29343744 positions
Running Loss: 0.0022974507898433703
At 39354368 positions
Running Loss: 0.0022924549255745694
At 49364992 positions
Running Loss: 0.0023032077595762264
At 59375616 positions
Running Loss: 0.0022948701330955993
At 69386240 positions
Running Loss: 0.0023013523089319907
At 79396864 positions
Running Loss: 0.0022962506976338336
At 89407488 positions
Running Loss: 0.002297042044407022
At 99418112 positions
Running Loss: 0.002299484371553661
At 109428736 positions
Running Loss: 0.0023016393087109256
At 119439360 positions
Running Loss: 0.002289486399649013
At 129449984 positions
Running Loss: 0.002298171118316401
At 139460608 positions
Running Loss: 0.0023037056680982122
At 149471232 positions
Running Loss: 0.00230284661981361
At 159481856 positions
Running Loss: 0.002297768616247099
At 169492480 positions
Running Loss: 0.0022996677704606627
At 179503104 positions
Running Loss: 0.002304173725521506
At 189513728 positions
Running Loss: 0.0023027945267198127
At 199524352 positions
Running Loss: 0.0022962869872047934
At 209534976 positions
Running Loss: 0.002287197620310682
At 219545600 positions
Running Loss: 0.0022997163516604957
At 229556224 positions
Running Loss: 0.0022942553565467047
At 239566848 positions
Running Loss: 0.002300763091166944
At 249577472 positions
Running Loss: 0.0023089333173686275
At 259588096 positions
Running Loss: 0.002292350739386975
At 269598720 positions
Running Loss: 0.002305819633159232
At 279609344 positions
Running Loss: 0.002297610971229166
At 289619968 positions
Running Loss: 0.0022978271478131633
At 299630592 positions
Running Loss: 0.0022904597795926607
At 309641216 positions
Running Loss: 0.0022952431742766484
At 319651840 positions
Running Loss: 0.0022996905977714275
At 329662464 positions
Running Loss: 0.0022977571050391064
At 339673088 positions
Running Loss: 0.002296446193064488
At 349683712 positions
Running Loss: 0.0022953998437684805
At 359694336 positions
Running Loss: 0.0023060018614349115
At 369704960 positions
Running Loss: 0.002299339213269822
At 379715584 positions
Running Loss: 0.002301977035847116
At 389726208 positions
Running Loss: 0.002296366590134641
At 399736832 positions
Running Loss: 0.002308709726786262
At 409747456 positions
Running Loss: 0.0022918532210754296
At 419758080 positions
Running Loss: 0.0022987968207576273
At 429768704 positions
Running Loss: 0.0022905440650477934
At 439779328 positions
Running Loss: 0.0022962270899021878
At 449789952 positions
Running Loss: 0.002303257511407381
At 459800576 positions
Running Loss: 0.00229498934238515
At 469811200 positions
Running Loss: 0.00229204481440168
At 479821824 positions
Running Loss: 0.0022891988145544175
At 489832448 positions
Running Loss: 0.00229601910773744
At 499843072 positions
Running Loss: 0.0022841034466233073
At 509853696 positions
Running Loss: 0.0022830061748648238
At 519864320 positions
Running Loss: 0.002290598694509453
At 529874944 positions
Running Loss: 0.002286999003196504
At 539885568 positions
Running Loss: 0.002288829285267332
At 549896192 positions
Running Loss: 0.0023020466884107324
At 559906816 positions
Running Loss: 0.0023008200618912468
At 569917440 positions
Running Loss: 0.00228729595334167
At 579928064 positions
Running Loss: 0.002296799918828736
At 589938688 positions
Running Loss: 0.0022987714570789995
At 599949312 positions
Running Loss: 0.0022870415361345106
At 609959936 positions
Running Loss: 0.0022957682024242446
At 619970560 positions
Running Loss: 0.002310000152712758
At 629981184 positions
Running Loss: 0.002293990988973315
At 639991808 positions
Running Loss: 0.002295061141106189
At 650002432 positions
Running Loss: 0.0022916393857540748
At 660013056 positions
Running Loss: 0.0022869584213106994
At 670023680 positions
Running Loss: 0.002295211762336194
At 680034304 positions
Running Loss: 0.00229706760319087
At 690044928 positions
Running Loss: 0.002289613218042152
At 700055552 positions
Running Loss: 0.0022877000162527333
At 710066176 positions
Running Loss: 0.0022890665332151124
At 720076800 positions
Running Loss: 0.002287776497499057
At 730087424 positions
Running Loss: 0.0022973270931337547
At 740098048 positions
Running Loss: 0.0022956351406640584
At 750108672 positions
Running Loss: 0.0022965285274674186
At 760119296 positions
Running Loss: 0.002291182059117893
At 770129920 positions
Running Loss: 0.0022941767291429585
At 780140544 positions
Running Loss: 0.00230294670879158
At 790151168 positions
Running Loss: 0.002292123441805426
At 800161792 positions
Running Loss: 0.0022870549983947056
At 810172416 positions
Running Loss: 0.002287493790034967
At 820183040 positions
Running Loss: 0.002285593660295302
At 830193664 positions
Running Loss: 0.002282266530974992
At 840204288 positions
Running Loss: 0.0022884178083579006
At 850214912 positions
Running Loss: 0.002295202787496064
At 860225536 positions
Running Loss: 0.0022951460118769817
At 870236160 positions
Running Loss: 0.0022831499674121213
At 880246784 positions
Running Loss: 0.0022932897808118657
At 890257408 positions
Running Loss: 0.0022938013466992668
At 900268032 positions
Running Loss: 0.0022957615688467574
At 910278656 positions
Running Loss: 0.002295806052836966
At 920289280 positions
Running Loss: 0.0022897086244948366
At 930299904 positions
Running Loss: 0.00229053196852414
At 940310528 positions
Running Loss: 0.0022875806118579623
At 950321152 positions
Running Loss: 0.0022943661763117863
At 960331776 positions
Running Loss: 0.00229909103942971
At 970342400 positions
Running Loss: 0.002282111422324922
At 980353024 positions
Running Loss: 0.0022900063550608833
At 990363648 positions
Running Loss: 0.0022802177310575246
At 1000374272 positions
Running Loss: 0.0023001514363015733
At 1010384896 positions
Running Loss: 0.0022828686256845727
At 1020395520 positions
Running Loss: 0.0022857998865130685
At 1030406144 positions
Running Loss: 0.002290414515181571
At 1040416768 positions
Running Loss: 0.0022884115649908538
At 1050427392 positions
Running Loss: 0.0022974271821117245
At 1060438016 positions
Running Loss: 0.0022845851614120157
At 1070448640 positions
Running Loss: 0.002287957750248636
At 1080459264 positions
Running Loss: 0.0022923501540713146
At 1090469888 positions
Running Loss: 0.0022880943239027857
At 1100480512 positions
Running Loss: 0.002288352643214349
At 1110491136 positions
Running Loss: 0.002279964874692127
At 1120501760 positions
Running Loss: 0.0022874333074167003
At 1130512384 positions
Running Loss: 0.0022839411190800894
At 1140523008 positions
Running Loss: 0.00227946599064404
At 1150533632 positions
Running Loss: 0.002283574321266087
At 1160544256 positions
Running Loss: 0.0022858863181256235
At 1170554880 positions
Running Loss: 0.0022974113785888873
At 1180565504 positions
Running Loss: 0.0022938175404325443
At 1190576128 positions
Running Loss: 0.0022813499266504268
At 1200586752 positions
Running Loss: 0.002283857614045838
At 1210597376 positions
Running Loss: 0.002286827505707936
At 1220608000 positions
Running Loss: 0.0022803769369172193
At 1230618624 positions
Running Loss: 0.0022924057590590755
At 1240629248 positions
Running Loss: 0.002289776326006251
At 1250639872 positions
Running Loss: 0.002274654891018782
At 1260650496 positions
Running Loss: 0.002289559369001373
At 1270661120 positions
Running Loss: 0.0022879265334134016
At 1280671744 positions
Running Loss: 0.0022938795838925727
At 1290682368 positions
Running Loss: 0.0022966922207471783
At 1300692992 positions
Running Loss: 0.0022916596766969772
At 1310703616 positions
Running Loss: 0.0022860652296125598
At 1320714240 positions
Running Loss: 0.0022842778706901787
At 1330724864 positions
Running Loss: 0.00227983064230062
At 1340735488 positions
Running Loss: 0.0022906843457011273
At 1350746112 positions
Running Loss: 0.002287767717764147
At 1360756736 positions
Running Loss: 0.0022835713946877836
At 1370767360 positions
Running Loss: 0.0022818000343934604
At 1380777984 positions
Running Loss: 0.00228977535048015
At 1390788608 positions
Running Loss: 0.002285766718625632
At 1400799232 positions
Running Loss: 0.002284802898837775
At 1410809856 positions
Running Loss: 0.0022864427582136738
At 1420820480 positions
Running Loss: 0.002281721211884494
At 1430831104 positions
Running Loss: 0.0022891039934173933
At 1440841728 positions
Running Loss: 0.002272512050385171
At 1450852352 positions
Running Loss: 0.0022869939304607785
At 1460862976 positions
Running Loss: 0.0022882082653513905
At 1470873600 positions
Running Loss: 0.0022925405767662437
At 1480884224 positions
Running Loss: 0.002284013503116789
At 1490894848 positions
Running Loss: 0.0022919148743250173
At 1500905472 positions
Running Loss: 0.0022888926944639016
At 1510916096 positions
Running Loss: 0.002284957422172184
At 1520926720 positions
Running Loss: 0.0022864168092193854
At 1530937344 positions
Running Loss: 0.002284708467911191
At 1540947968 positions
Running Loss: 0.0022880732525390026
At 1550958592 positions
Running Loss: 0.0022900564971024785
At 1560969216 positions
Running Loss: 0.0022838072768990225
At 1570979840 positions
Running Loss: 0.0022890622409002677
At 1580990464 positions
Running Loss: 0.0022856164876060674
At 1591001088 positions
Running Loss: 0.0022890577534802024
At 1601011712 positions
Running Loss: 0.0022727725158541564
At 1611022336 positions
Running Loss: 0.0022818193498102615
At 1621032960 positions
Running Loss: 0.0022717569931829423
At 1631043584 positions
Running Loss: 0.002278987592644075
At 1641054208 positions
Running Loss: 0.002283687092083371
At 1651064832 positions
Running Loss: 0.0022820844978045326
At 1661075456 positions
Running Loss: 0.002286570747238134
At 1671086080 positions
Running Loss: 0.002279685679122001
At 1681096704 positions
Running Loss: 0.002287709966618964
At 1691107328 positions
Running Loss: 0.0022801539316505146
At 1701117952 positions
Running Loss: 0.002281777011977475
At 1711128576 positions
Running Loss: 0.0022798604933993126
At 1721139200 positions
Running Loss: 0.0022839485330784573
At 1731149824 positions
Running Loss: 0.002289347679837441
At 1741160448 positions
Running Loss: 0.002277781842383152
At 1751171072 positions
Running Loss: 0.002282361937427677
At 1761181696 positions
Running Loss: 0.0022883106955920033
At 1771192320 positions
Running Loss: 0.0022795998328251064
At 1781202944 positions
Running Loss: 0.002282188098676466
At 1791213568 positions
Running Loss: 0.0022811446759587613
At 1801224192 positions
Running Loss: 0.00228383205526199
At 1811234816 positions
Running Loss: 0.0022775102559166142
At 1821245440 positions
Running Loss: 0.0022742808743116314
At 1831256064 positions
Running Loss: 0.0022875252019754215
At 1841266688 positions
Running Loss: 0.002294071177218823
At 1851277312 positions
Running Loss: 0.0022855827344029703
At 1861287936 positions
Running Loss: 0.0022789407673912236
At 1871298560 positions
Running Loss: 0.0022889927834418714
At 1881309184 positions
Running Loss: 0.0022857325752120945
At 1891319808 positions
Running Loss: 0.0022749475488491027
At 1901330432 positions
Running Loss: 0.002278351549626177
At 1911341056 positions
Running Loss: 0.0022697138513168608
At 1921351680 positions
Running Loss: 0.0022716779755687557
At 1931362304 positions
Running Loss: 0.0022725134161217125
At 1941372928 positions
Running Loss: 0.0022901452699776756
At 1951383552 positions
Running Loss: 0.002285920656644381
At 1961394176 positions
Running Loss: 0.0022837526474373624
At 1971404800 positions
Running Loss: 0.0022839889198590416
At 1981415424 positions
Running Loss: 0.002275547497401261
At 1991426048 positions
Running Loss: 0.0022796290986081386
At 2001436672 positions
Running Loss: 0.0022850413174168764
At 2011447296 positions
Running Loss: 0.0022943460804741044
At 2021457920 positions
Running Loss: 0.0022720266285972783
At 2031468544 positions
Running Loss: 0.002281795937183836
At 2041479168 positions
Running Loss: 0.002277801548010394
At 2051489792 positions
Running Loss: 0.002278074110003033
At 2061500416 positions
Running Loss: 0.0022867377573066376
At 2071511040 positions
Running Loss: 0.0022776760953537962
At 2081521664 positions
Running Loss: 0.002268047457631013
At 2091532288 positions
Running Loss: 0.002280538288934336
At 2101542912 positions
Running Loss: 0.0022825677734350028
At 2111553536 positions
Running Loss: 0.002275272203935539
At 2121564160 positions
Running Loss: 0.002275639782170422
At 2131574784 positions
Running Loss: 0.002270289801926933
At 2141585408 positions
Running Loss: 0.0022695729853478663
At 2151596032 positions
Running Loss: 0.002274971741896409
At 2161606656 positions
Running Loss: 0.0022717279225051307
At 2171617280 positions
Running Loss: 0.002269317592614606
At 2181627904 positions
Running Loss: 0.0022758194740782394
At 2191638528 positions
Running Loss: 0.002268260707636707
At 2201649152 positions
Running Loss: 0.0022828268731674467
At 2211659776 positions
Running Loss: 0.0022783938874589636
At 2221670400 positions
Running Loss: 0.0022760257002960053
At 2231681024 positions
Running Loss: 0.0022752433283629472
At 2241691648 positions
Running Loss: 0.002268954696905008
At 2251702272 positions
Running Loss: 0.0022788689686701847
At 2261712896 positions
Running Loss: 0.0022734087539772745
At 2271723520 positions
Running Loss: 0.002270830243386926
At 2281734144 positions
Running Loss: 0.0022723547955776783
At 2291744768 positions
Running Loss: 0.0022803043577752993
At 2301755392 positions
Running Loss: 0.002278331258683275
At 2311766016 positions
Running Loss: 0.002268689548910737
At 2321776640 positions
Running Loss: 0.002270654648688733
At 2331787264 positions
Running Loss: 0.0022798694682394424
At 2341797888 positions
Running Loss: 0.002276916550731503
At 2351808512 positions
Running Loss: 0.0022798368856676667
At 2361819136 positions
Running Loss: 0.0022788754071424518
At 2371829760 positions
Running Loss: 0.0022760922311760986
At 2381840384 positions
Running Loss: 0.002272120083997761
At 2391851008 positions
Running Loss: 0.0022741405936582974
At 2401861632 positions
Running Loss: 0.0022729081139822053
At 2411872256 positions
Running Loss: 0.0022675788148920585
At 2421882880 positions
Running Loss: 0.002273225159965053
At 2431893504 positions
Running Loss: 0.002262679917917704
At 2441904128 positions
Running Loss: 0.0022667527393896722
At 2451914752 positions
Running Loss: 0.0022850315621558656
At 2461925376 positions
Running Loss: 0.0022718908353640092
At 2471936000 positions
Running Loss: 0.0022632533321599135
At 2481946624 positions
Running Loss: 0.0022707927831846445
At 2491957248 positions
Running Loss: 0.0022743659401876447
At 2501967872 positions
Running Loss: 0.0022751151442332667
At 2511978496 positions
Running Loss: 0.002279244546219097
At 2521989120 positions
Running Loss: 0.002269130486708421
At 2531999744 positions
Running Loss: 0.0022861208346003207
At 2542010368 positions
Running Loss: 0.0022739238317586396
At 2552020992 positions
Running Loss: 0.0022641219406003064
At 2562031616 positions
Running Loss: 0.0022768580191654384
At 2572042240 positions
Running Loss: 0.0022773730969468035
At 2582052864 positions
Running Loss: 0.002272236952024669
At 2592063488 positions
Running Loss: 0.0022641432070693098
At 2602074112 positions
Running Loss: 0.002263781677096253
At 2612084736 positions
Running Loss: 0.0022656201535863297
At 2622095360 positions
Running Loss: 0.0022718416688485153
At 2632105984 positions
Running Loss: 0.0022751849919021034
At 2642116608 positions
Running Loss: 0.002264321533240585
At 2652127232 positions
Running Loss: 0.002274184882543286
At 2662137856 positions
Running Loss: 0.0022885672589565845
At 2672148480 positions
Running Loss: 0.0022707482991944357
At 2682159104 positions
Running Loss: 0.0022720779412701946
At 2692169728 positions
Running Loss: 0.002265549135286172
At 2702180352 positions
Running Loss: 0.002267837914624503
At 2712190976 positions
Running Loss: 0.002276090670334337
At 2722201600 positions
Running Loss: 0.002260291439811844
At 2732212224 positions
Running Loss: 0.0022612336029202576
At 2742222848 positions
Running Loss: 0.00226611220895171
At 2752233472 positions
Running Loss: 0.002264438986583154
At 2762244096 positions
Running Loss: 0.0022758623972266865
At 2772254720 positions
Running Loss: 0.002269386269652122
At 2782265344 positions
Running Loss: 0.002260961626243279
At 2792275968 positions
Running Loss: 0.0022630248639470426
At 2802286592 positions
Running Loss: 0.0022704283266332848
At 2812297216 positions
Running Loss: 0.002268334652515168
At 2822307840 positions
Running Loss: 0.002257941982750026
At 2832318464 positions
Running Loss: 0.002261130392258764
At 2842329088 positions
Running Loss: 0.0022584623283723373
At 2852339712 positions
Running Loss: 0.002264602094547253
At 2862350336 positions
Running Loss: 0.0022611200516820928
At 2872360960 positions
Running Loss: 0.0022527873028319713
At 2882371584 positions
Running Loss: 0.0022571843891799354
At 2892382208 positions
Running Loss: 0.002257452268647289
At 2902392832 positions
Running Loss: 0.0022673690767803286
At 2912403456 positions
Running Loss: 0.002277750430442698
At 2922414080 positions
Running Loss: 0.002268733057374845
At 2932424704 positions
Running Loss: 0.0022642590995701167
At 2942435328 positions
Running Loss: 0.002261370956995288
At 2952445952 positions
Running Loss: 0.002259096225232813
At 2962456576 positions
Running Loss: 0.0022690233739425234
At 2972467200 positions
Running Loss: 0.002260338069959475
At 2982477824 positions
Running Loss: 0.0022547830341295406
At 2992488448 positions
Running Loss: 0.0022624477427056495
At 3002499072 positions
Running Loss: 0.002267722217228916
At 3012509696 positions
Running Loss: 0.0022627154270677833
At 3022520320 positions
Running Loss: 0.002260394455368117
At 3032530944 positions
Running Loss: 0.002258468571739384
At 3042541568 positions
Running Loss: 0.0022610404487522456
At 3052552192 positions
Running Loss: 0.0022571818528120723
At 3062562816 positions
Running Loss: 0.0022625866576224418
At 3072573440 positions
Running Loss: 0.0022551958767755135
At 3082584064 positions
Running Loss: 0.0022651037100684234
At 3092594688 positions
Running Loss: 0.002261587523789726
At 3102605312 positions
Running Loss: 0.002268439619123643
At 3112615936 positions
Running Loss: 0.002247474782790763
At 3122626560 positions
Running Loss: 0.0022585838789245306
At 3132637184 positions
Running Loss: 0.0022574807540094405
At 3142647808 positions
Running Loss: 0.0022606100466364535
At 3152658432 positions
Running Loss: 0.0022635637445652737
At 3162669056 positions
Running Loss: 0.0022528450539771546
At 3172679680 positions
Running Loss: 0.002263729779107676
At 3182690304 positions
Running Loss: 0.0022582395182108527
At 3192700928 positions
Running Loss: 0.002260378261634839
At 3202711552 positions
Running Loss: 0.002251699591229278
At 3212722176 positions
Running Loss: 0.0022596594940035705
At 3222732800 positions
Running Loss: 0.0022606155095826193
At 3232743424 positions
Running Loss: 0.0022564999600674243
At 3242754048 positions
Running Loss: 0.002253984078252764
At 3252764672 positions
Running Loss: 0.0022536481070635555
At 3262775296 positions
Running Loss: 0.0022588498073396824
At 3272785920 positions
Running Loss: 0.0022555767221653714
At 3282796544 positions
Running Loss: 0.002255190804039788
At 3292807168 positions
Running Loss: 0.0022499405225638283
At 3302817792 positions
Running Loss: 0.0022452749714328498
epoch 6
epoch train loss: 0.002281175557081276
epoch pos/s: 1247020.0436983714
At 3178496 positions
Running Loss: 0.0022584865214196437
At 13189120 positions
Running Loss: 0.002285723795477185
At 23199744 positions
Running Loss: 0.0022904431956489424
At 33210368 positions
Running Loss: 0.0022880422308089884
At 43220992 positions
Running Loss: 0.002280790559984073
At 53231616 positions
Running Loss: 0.0022878611731646297
At 63242240 positions
Running Loss: 0.0022861744885358795
At 73252864 positions
Running Loss: 0.0022888765007306236
At 83263488 positions
Running Loss: 0.002276444396098585
At 93274112 positions
Running Loss: 0.0022883220116947755
At 103284736 positions
Running Loss: 0.0022903456430388353
At 113295360 positions
Running Loss: 0.0022834443811894246
At 123305984 positions
Running Loss: 0.0022821110321144815
At 133316608 positions
Running Loss: 0.0022891923760821505
At 143327232 positions
Running Loss: 0.0022923074260280877
At 153337856 positions
Running Loss: 0.002292335130969358
At 163348480 positions
Running Loss: 0.002280153346334854
At 173359104 positions
Running Loss: 0.0022912979516187004
At 183369728 positions
Running Loss: 0.0022896621894524256
At 193380352 positions
Running Loss: 0.0022920818843935203
At 203390976 positions
Running Loss: 0.0022799322921203515
At 213401600 positions
Running Loss: 0.0022802185114784053
At 223412224 positions
Running Loss: 0.0022849794690620686
At 233422848 positions
Running Loss: 0.0022862876495636036
At 243433472 positions
Running Loss: 0.0022864872422038826
At 253444096 positions
Running Loss: 0.002296948198796099
At 263454720 positions
Running Loss: 0.0022821912203599896
At 273465344 positions
Running Loss: 0.0022892060334475653
At 283475968 positions
Running Loss: 0.002289189449503847
At 293486592 positions
Running Loss: 0.0022846795923385996
At 303497216 positions
Running Loss: 0.002280892404909025
At 313507840 positions
Running Loss: 0.002285114872084897
At 323518464 positions
Running Loss: 0.0022825029985018915
At 333529088 positions
Running Loss: 0.002285675409382572
At 343539712 positions
Running Loss: 0.002285614536553865
At 353550336 positions
Running Loss: 0.002289736914751768
At 363560960 positions
Running Loss: 0.0022899971851155334
At 373571584 positions
Running Loss: 0.002292269380510146
At 383582208 positions
Running Loss: 0.002287102994278878
At 393592832 positions
Running Loss: 0.0022902580407949593
At 403603456 positions
Running Loss: 0.0022899281178675773
At 413614080 positions
Running Loss: 0.0022796402196056907
At 423624704 positions
Running Loss: 0.002286435344215306
At 433635328 positions
Running Loss: 0.0022864250036386344
At 443645952 positions
Running Loss: 0.0022845022416934247
At 453656576 positions
Running Loss: 0.0022884872658162966
At 463667200 positions
Running Loss: 0.002280672911536284
At 473677824 positions
Running Loss: 0.002279266593108981
At 483688448 positions
Running Loss: 0.002284335426730142
At 493699072 positions
Running Loss: 0.0022765187311874864
At 503709696 positions
Running Loss: 0.0022734278742888555
At 513720320 positions
Running Loss: 0.002273857691088987
At 523730944 positions
Running Loss: 0.0022798175702508656
At 533741568 positions
Running Loss: 0.0022712013335157728
At 543752192 positions
Running Loss: 0.002286638838959989
At 553762816 positions
Running Loss: 0.002292729828829851
At 563773440 positions
Running Loss: 0.0022821845867825024
At 573784064 positions
Running Loss: 0.002281232668413078
At 583794688 positions
Running Loss: 0.0022863194517144985
At 593805312 positions
Running Loss: 0.0022844924864324143
At 603815936 positions
Running Loss: 0.002277236718397874
At 613826560 positions
Running Loss: 0.0022900527901032943
At 623837184 positions
Running Loss: 0.0022929333235745344
At 633847808 positions
Running Loss: 0.0022809921036765542
At 643858432 positions
Running Loss: 0.0022799242928063226
At 653869056 positions
Running Loss: 0.0022851070678760886
At 663879680 positions
Running Loss: 0.0022792607399523745
At 673890304 positions
Running Loss: 0.002282955642612788
At 683900928 positions
Running Loss: 0.0022854535747471884
At 693911552 positions
Running Loss: 0.002273501038746436
At 703922176 positions
Running Loss: 0.0022771756504639472
At 713932800 positions
Running Loss: 0.0022829575936649904
At 723943424 positions
Running Loss: 0.002280861968494671
At 733954048 positions
Running Loss: 0.0022790400759483127
At 743964672 positions
Running Loss: 0.0022938628048436343
At 753975296 positions
Running Loss: 0.0022800495503577
At 763985920 positions
Running Loss: 0.00228607459466313
At 773996544 positions
Running Loss: 0.002283848053890047
At 784007168 positions
Running Loss: 0.002286964274467306
At 794017792 positions
Running Loss: 0.002277058782437039
At 804028416 positions
Running Loss: 0.0022840946668883978
At 814039040 positions
Running Loss: 0.002269466067687189
At 824049664 positions
Running Loss: 0.002272592433735899
At 834060288 positions
Running Loss: 0.0022725301951706505
At 844070912 positions
Running Loss: 0.0022834326748762115
At 854081536 positions
Running Loss: 0.0022829531062449255
At 864092160 positions
Running Loss: 0.0022859003657014786
At 874102784 positions
Running Loss: 0.0022759810212005767
At 884113408 positions
Running Loss: 0.0022806288177565155
At 894124032 positions
Running Loss: 0.0022835680778990402
At 904134656 positions
Running Loss: 0.002287992674083054
At 914145280 positions
Running Loss: 0.0022798932710763084
At 924155904 positions
Running Loss: 0.0022808020711920654
At 934166528 positions
Running Loss: 0.002273983338850805
At 944177152 positions
Running Loss: 0.0022919371163201215
At 954187776 positions
Running Loss: 0.002276652378263333
At 964198400 positions
Running Loss: 0.002280841482446549
At 974209024 positions
Running Loss: 0.0022837216257073486
At 984219648 positions
Running Loss: 0.0022705935807548062
At 994230272 positions
Running Loss: 0.0022811911110011724
At 1004240896 positions
Running Loss: 0.002280740808152918
At 1014251520 positions
Running Loss: 0.0022754932581500412
At 1024262144 positions
Running Loss: 0.00227448924668682
At 1034272768 positions
Running Loss: 0.0022805687253486897
At 1044283392 positions
Running Loss: 0.002280310406037126
At 1054294016 positions
Running Loss: 0.002279330392515991
At 1064304640 positions
Running Loss: 0.002282405250786564
At 1074315264 positions
Running Loss: 0.002279060561996435
At 1084325888 positions
Running Loss: 0.0022808686020721588
At 1094336512 positions
Running Loss: 0.0022787958042126046
At 1104347136 positions
Running Loss: 0.0022727851976934704
At 1114357760 positions
Running Loss: 0.0022719099556755902
At 1124368384 positions
Running Loss: 0.0022796380734482684
At 1134379008 positions
Running Loss: 0.0022725247322244848
At 1144389632 positions
Running Loss: 0.0022722006624537093
At 1154400256 positions
Running Loss: 0.002271716411297138
At 1164410880 positions
Running Loss: 0.002282259116976624
At 1174421504 positions
Running Loss: 0.0022845088752709124
At 1184432128 positions
Running Loss: 0.0022822341435084366
At 1194442752 positions
Running Loss: 0.0022739901675335123
At 1204453376 positions
Running Loss: 0.002274025091367931
At 1214464000 positions
Running Loss: 0.0022757484557780813
At 1224474624 positions
Running Loss: 0.0022734153875547617
At 1234485248 positions
Running Loss: 0.0022791044606709832
At 1244495872 positions
Running Loss: 0.002272330602530372
At 1254506496 positions
Running Loss: 0.0022692532078919356
At 1264517120 positions
Running Loss: 0.002285929631484511
At 1274527744 positions
Running Loss: 0.0022754799909950668
At 1284538368 positions
Running Loss: 0.00228962980198587
At 1294548992 positions
Running Loss: 0.002279359463193803
At 1304559616 positions
Running Loss: 0.0022842866504250883
At 1314570240 positions
Running Loss: 0.0022758225957617627
At 1324580864 positions
Running Loss: 0.0022773356367445227
At 1334591488 positions
Running Loss: 0.0022716906574080696
At 1344602112 positions
Running Loss: 0.0022821190314285104
At 1354612736 positions
Running Loss: 0.0022749649132137017
At 1364623360 positions
Running Loss: 0.002275480186100287
At 1374633984 positions
Running Loss: 0.0022722191974496294
At 1384644608 positions
Running Loss: 0.002284101105360665
At 1394655232 positions
Running Loss: 0.002268686622332434
At 1404665856 positions
Running Loss: 0.0022790728536253085
At 1414676480 positions
Running Loss: 0.0022764814660904257
At 1424687104 positions
Running Loss: 0.0022785753353137626
At 1434697728 positions
Running Loss: 0.002270457397311097
At 1444708352 positions
Running Loss: 0.0022700135329351096
At 1454718976 positions
Running Loss: 0.00227652185287101
At 1464729600 positions
Running Loss: 0.002281853688329019
At 1474740224 positions
Running Loss: 0.0022833306348460395
At 1484750848 positions
Running Loss: 0.0022768295338032873
At 1494761472 positions
Running Loss: 0.002286194389268341
At 1504772096 positions
Running Loss: 0.00227268452339984
At 1514782720 positions
Running Loss: 0.002274284386205595
At 1524793344 positions
Running Loss: 0.0022768632870063844
At 1534803968 positions
Running Loss: 0.002277572104271422
At 1544814592 positions
Running Loss: 0.0022798361052467856
At 1554825216 positions
Running Loss: 0.0022758372286532788
At 1564835840 positions
Running Loss: 0.002277927585982652
At 1574846464 positions
Running Loss: 0.0022790100297443994
At 1584857088 positions
Running Loss: 0.0022807628550428026
At 1594867712 positions
Running Loss: 0.002270058602240979
At 1604878336 positions
Running Loss: 0.002264995036460764
At 1614888960 positions
Running Loss: 0.002270554364605543
At 1624899584 positions
Running Loss: 0.0022671138791522886
At 1634910208 positions
Running Loss: 0.0022740670389902766
At 1644920832 positions
Running Loss: 0.0022761587620561915
At 1654931456 positions
Running Loss: 0.0022750064706256075
At 1664942080 positions
Running Loss: 0.0022765745312804675
At 1674952704 positions
Running Loss: 0.002269494943259781
At 1684963328 positions
Running Loss: 0.0022800819378242555
At 1694973952 positions
Running Loss: 0.002269746824099077
At 1704984576 positions
Running Loss: 0.0022738881275033403
At 1714995200 positions
Running Loss: 0.0022730087882758356
At 1725005824 positions
Running Loss: 0.0022802549961545853
At 1735016448 positions
Running Loss: 0.00227139019536894
At 1745027072 positions
Running Loss: 0.0022748868711256164
At 1755037696 positions
Running Loss: 0.002275502037884951
At 1765048320 positions
Running Loss: 0.0022743429177716594
At 1775058944 positions
Running Loss: 0.0022733203713125177
At 1785069568 positions
Running Loss: 0.002269235063106456
At 1795080192 positions
Running Loss: 0.00227526381441107
At 1805090816 positions
Running Loss: 0.002274152885287171
At 1815101440 positions
Running Loss: 0.002264987622462396
At 1825112064 positions
Running Loss: 0.0022779550958187023
At 1835122688 positions
Running Loss: 0.0022799906285811953
At 1845133312 positions
Running Loss: 0.0022825184118142887
At 1855143936 positions
Running Loss: 0.002274196783961719
At 1865154560 positions
Running Loss: 0.002271713874929275
At 1875165184 positions
Running Loss: 0.0022869311065798694
At 1885175808 positions
Running Loss: 0.0022718781535246953
At 1895186432 positions
Running Loss: 0.002267682025553552
At 1905197056 positions
Running Loss: 0.00226440776974792
At 1915207680 positions
Running Loss: 0.0022642126645277057
At 1925218304 positions
Running Loss: 0.0022666292377852768
At 1935228928 positions
Running Loss: 0.002268547902520862
At 1945239552 positions
Running Loss: 0.0022785964066775457
At 1955250176 positions
Running Loss: 0.0022789501324417937
At 1965260800 positions
Running Loss: 0.0022753129809265638
At 1975271424 positions
Running Loss: 0.0022737023873336966
At 1985282048 positions
Running Loss: 0.002266883459887216
At 1995292672 positions
Running Loss: 0.002277528986017755
At 2005303296 positions
Running Loss: 0.002277942023768948
At 2015313920 positions
Running Loss: 0.002275638806644321
At 2025324544 positions
Running Loss: 0.002269788576616203
At 2035335168 positions
Running Loss: 0.0022665322704908306
At 2045345792 positions
Running Loss: 0.00227756078816865
At 2055356416 positions
Running Loss: 0.002275492867939601
At 2065367040 positions
Running Loss: 0.0022743838898679042
At 2075377664 positions
Running Loss: 0.0022692231616880227
At 2085388288 positions
Running Loss: 0.002265321057283742
At 2095398912 positions
Running Loss: 0.00226941221864641
At 2105409536 positions
Running Loss: 0.0022724507873460235
At 2115420160 positions
Running Loss: 0.00226344180380264
At 2125430784 positions
Running Loss: 0.0022662259552950945
At 2135441408 positions
Running Loss: 0.002266114940424793
At 2145452032 positions
Running Loss: 0.0022630549101509555
At 2155462656 positions
Running Loss: 0.0022709640855679927
At 2165473280 positions
Running Loss: 0.0022569231432900687
At 2175483904 positions
Running Loss: 0.0022680144848487966
At 2185494528 positions
Running Loss: 0.0022643334346590183
At 2195505152 positions
Running Loss: 0.0022682019809654222
At 2205515776 positions
Running Loss: 0.00227358688504333
At 2215526400 positions
Running Loss: 0.0022689310891733623
At 2225537024 positions
Running Loss: 0.002267824257259088
At 2235547648 positions
Running Loss: 0.0022700490420851887
At 2245558272 positions
Running Loss: 0.002261774629695911
At 2255568896 positions
Running Loss: 0.0022696498568046306
At 2265579520 positions
Running Loss: 0.002266417743726565
At 2275590144 positions
Running Loss: 0.002264773396930601
At 2285600768 positions
Running Loss: 0.00226620371329999
At 2295611392 positions
Running Loss: 0.0022725930190515596
At 2305622016 positions
Running Loss: 0.0022701904933698437
At 2315632640 positions
Running Loss: 0.002262289512372056
At 2325643264 positions
Running Loss: 0.0022699132488519197
At 2335653888 positions
Running Loss: 0.0022716120300043234
At 2345664512 positions
Running Loss: 0.0022659132016270914
At 2355675136 positions
Running Loss: 0.002271409315680521
At 2365685760 positions
Running Loss: 0.0022746439651264495
At 2375696384 positions
Running Loss: 0.0022752279150505504
At 2385707008 positions
Running Loss: 0.0022588792682279348
At 2395717632 positions
Running Loss: 0.002268379331610597
At 2405728256 positions
Running Loss: 0.0022673117158455857
At 2415738880 positions
Running Loss: 0.0022619771489144932
At 2425749504 positions
Running Loss: 0.002260194277412177
At 2435760128 positions
Running Loss: 0.002261890912407159
At 2445770752 positions
Running Loss: 0.0022612599421249864
At 2455781376 positions
Running Loss: 0.002275764649511359
At 2465792000 positions
Running Loss: 0.0022613399352652743
At 2475802624 positions
Running Loss: 0.00225841901501345
At 2485813248 positions
Running Loss: 0.0022674691657582984
At 2495823872 positions
Running Loss: 0.002271151386579398
At 2505834496 positions
Running Loss: 0.002265209457097779
At 2515845120 positions
Running Loss: 0.0022757266039934174
At 2525855744 positions
Running Loss: 0.002265879253318774
At 2535866368 positions
Running Loss: 0.002275786306190803
At 2545876992 positions
Running Loss: 0.0022626069485653442
At 2555887616 positions
Running Loss: 0.0022620940169414015
At 2565898240 positions
Running Loss: 0.0022765232186075512
At 2575908864 positions
Running Loss: 0.002267218065339883
At 2585919488 positions
Running Loss: 0.002262960284119152
At 2595930112 positions
Running Loss: 0.002259292305979128
At 2605940736 positions
Running Loss: 0.002256893487296596
At 2615951360 positions
Running Loss: 0.002263972294896402
At 2625961984 positions
Running Loss: 0.002266609141947595
At 2635972608 positions
Running Loss: 0.002258105871135006
At 2645983232 positions
Running Loss: 0.0022669349676653523
At 2655993856 positions
Running Loss: 0.002272681596821537
At 2666004480 positions
Running Loss: 0.002279407068867535
At 2676015104 positions
Running Loss: 0.002267194457608237
At 2686025728 positions
Running Loss: 0.0022603372895385943
At 2696036352 positions
Running Loss: 0.0022637822624119136
At 2706046976 positions
Running Loss: 0.0022656182025341275
At 2716057600 positions
Running Loss: 0.00226321372580021
At 2726068224 positions
Running Loss: 0.002256732330384699
At 2736078848 positions
Running Loss: 0.0022621771317652127
At 2746089472 positions
Running Loss: 0.0022573929566603443
At 2756100096 positions
Running Loss: 0.0022608287595883136
At 2766110720 positions
Running Loss: 0.0022708665329578856
At 2776121344 positions
Running Loss: 0.002259845624383655
At 2786131968 positions
Running Loss: 0.002254175476473794
At 2796142592 positions
Running Loss: 0.0022634853122667476
At 2806153216 positions
Running Loss: 0.0022644054284852774
At 2816163840 positions
Running Loss: 0.0022575566499401034
At 2826174464 positions
Running Loss: 0.0022542221066214254
At 2836185088 positions
Running Loss: 0.002255676811143341
At 2846195712 positions
Running Loss: 0.0022541520638473685
At 2856206336 positions
Running Loss: 0.002265844524589576
At 2866216960 positions
Running Loss: 0.0022471815396447816
At 2876227584 positions
Running Loss: 0.0022549804806123973
At 2886238208 positions
Running Loss: 0.0022497364425034844
At 2896248832 positions
Running Loss: 0.0022583677023405332
At 2906259456 positions
Running Loss: 0.002261715122603746
At 2916270080 positions
Running Loss: 0.0022738520330376007
At 2926280704 positions
Running Loss: 0.0022640735545056932
At 2936291328 positions
Running Loss: 0.0022544365272584408
At 2946301952 positions
Running Loss: 0.002263457997535918
At 2956312576 positions
Running Loss: 0.002257672542440911
At 2966323200 positions
Running Loss: 0.0022583001959343395
At 2976333824 positions
Running Loss: 0.0022512697744291464
At 2986344448 positions
Running Loss: 0.0022566324365119496
At 2996355072 positions
Running Loss: 0.002261916666296227
At 3006365696 positions
Running Loss: 0.0022543610215382177
At 3016376320 positions
Running Loss: 0.0022625035427986306
At 3026386944 positions
Running Loss: 0.0022526187319217065
At 3036397568 positions
Running Loss: 0.0022574706085379892
At 3046408192 positions
Running Loss: 0.0022634277562267845
At 3056418816 positions
Running Loss: 0.00225271316284829
At 3066429440 positions
Running Loss: 0.0022547736690789705
At 3076440064 positions
Running Loss: 0.002259292305979128
At 3086450688 positions
Running Loss: 0.00225937659143426
At 3096461312 positions
Running Loss: 0.0022588819997010176
At 3106471936 positions
Running Loss: 0.002255734172078084
At 3116482560 positions
Running Loss: 0.002249118349165846
At 3126493184 positions
Running Loss: 0.002253609086019513
At 3136503808 positions
Running Loss: 0.002262171278608606
At 3146514432 positions
Running Loss: 0.0022589420921088435
At 3156525056 positions
Running Loss: 0.002254501497296772
At 3166535680 positions
Running Loss: 0.0022485263999277166
At 3176546304 positions
Running Loss: 0.00226244832802131
At 3186556928 positions
Running Loss: 0.002253470756418381
At 3196567552 positions
Running Loss: 0.0022640388257764953
At 3206578176 positions
Running Loss: 0.002244548594697993
At 3216588800 positions
Running Loss: 0.0022624496937578517
At 3226599424 positions
Running Loss: 0.002256054925060116
At 3236610048 positions
Running Loss: 0.0022500361241217333
At 3246620672 positions
Running Loss: 0.002255510776600939
At 3256631296 positions
Running Loss: 0.002252405872126453
At 3266641920 positions
Running Loss: 0.0022550386219680214
At 3276652544 positions
Running Loss: 0.0022539899314093707
At 3286663168 positions
Running Loss: 0.0022483416352841743
At 3296673792 positions
Running Loss: 0.0022513154290506768
At 3306684416 positions
Running Loss: 0.0022417751739926503
epoch 7
epoch train loss: 0.0022729577695033074
epoch pos/s: 1249011.9387936704
At 7045120 positions
Running Loss: 0.002265889008579785
At 17055744 positions
Running Loss: 0.002285091069248031
At 27066368 positions
Running Loss: 0.0022769542060390043
At 37076992 positions
Running Loss: 0.002276381377112456
At 47087616 positions
Running Loss: 0.002278319552370062
At 57098240 positions
Running Loss: 0.0022778249606368196
At 67108864 positions
Running Loss: 0.002276122667590452
At 77119488 positions
Running Loss: 0.002280887332173299
At 87130112 positions
Running Loss: 0.0022689568430624306
At 97140736 positions
Running Loss: 0.0022842263629120423
At 107151360 positions
Running Loss: 0.002280490683260604
At 117161984 positions
Running Loss: 0.002271091294171572
At 127172608 positions
Running Loss: 0.00227601145761493
At 137183232 positions
Running Loss: 0.002283333756529563
At 147193856 positions
Running Loss: 0.002287512910346548
At 157204480 positions
Running Loss: 0.002272787538956113
At 167215104 positions
Running Loss: 0.0022784050084565157
At 177225728 positions
Running Loss: 0.0022846959811770973
At 187236352 positions
Running Loss: 0.0022830982645287647
At 197246976 positions
Running Loss: 0.002279287274262324
At 207257600 positions
Running Loss: 0.0022712860091813458
At 217268224 positions
Running Loss: 0.0022761614935292744
At 227278848 positions
Running Loss: 0.0022734198749748266
At 237289472 positions
Running Loss: 0.0022791108991432503
At 247300096 positions
Running Loss: 0.0022846321817700872
At 257310720 positions
Running Loss: 0.0022796386587639293
At 267321344 positions
Running Loss: 0.002281051415663499
At 277331968 positions
Running Loss: 0.0022751639205383202
At 287342592 positions
Running Loss: 0.002283581735264455
At 297353216 positions
Running Loss: 0.0022728605083084732
At 307363840 positions
Running Loss: 0.002276274264346558
At 317374464 positions
Running Loss: 0.0022759962394077534
At 327385088 positions
Running Loss: 0.002281809594549251
At 337395712 positions
Running Loss: 0.002271079197647919
At 347406336 positions
Running Loss: 0.002279792401677458
At 357416960 positions
Running Loss: 0.0022861951696892223
At 367427584 positions
Running Loss: 0.0022768541170610345
At 377438208 positions
Running Loss: 0.0022846505216607875
At 387448832 positions
Running Loss: 0.0022806430604375913
At 397459456 positions
Running Loss: 0.0022855119112080327
At 407470080 positions
Running Loss: 0.0022730476142146586
At 417480704 positions
Running Loss: 0.0022861442472267464
At 427491328 positions
Running Loss: 0.002269023959258184
At 437501952 positions
Running Loss: 0.0022761271550105168
At 447512576 positions
Running Loss: 0.002282454417302058
At 457523200 positions
Running Loss: 0.002274384475183565
At 467533824 positions
Running Loss: 0.0022776846799834856
At 477544448 positions
Running Loss: 0.0022695226482010514
At 487555072 positions
Running Loss: 0.0022767540280830647
At 497565696 positions
Running Loss: 0.0022682294908014725
At 507576320 positions
Running Loss: 0.002263222115324679
At 517586944 positions
Running Loss: 0.0022689982053691157
At 527597568 positions
Running Loss: 0.002268390257502929
At 537608192 positions
Running Loss: 0.002266782395383145
At 547618816 positions
Running Loss: 0.0022857932529355813
At 557629440 positions
Running Loss: 0.002279187185284354
At 567640064 positions
Running Loss: 0.0022712483538738443
At 577650688 positions
Running Loss: 0.002280967325313587
At 587661312 positions
Running Loss: 0.0022735408402113594
At 597671936 positions
Running Loss: 0.002274026847314913
At 607682560 positions
Running Loss: 0.00227559237160191
At 617693184 positions
Running Loss: 0.002288383664944363
At 627703808 positions
Running Loss: 0.002277745162601752
At 637714432 positions
Running Loss: 0.0022775617636947507
At 647725056 positions
Running Loss: 0.0022715847152734933
At 657735680 positions
Running Loss: 0.002267922590290076
At 667746304 positions
Running Loss: 0.002276500976612447
At 677756928 positions
Running Loss: 0.002280560726034661
At 687767552 positions
Running Loss: 0.002273748041955227
At 697778176 positions
Running Loss: 0.0022687100349588598
At 707788800 positions
Running Loss: 0.0022701393758021477
At 717799424 positions
Running Loss: 0.002268130572454824
At 727810048 positions
Running Loss: 0.002276770807132003
At 737820672 positions
Running Loss: 0.0022808820643323534
At 747831296 positions
Running Loss: 0.0022741741517561744
At 757841920 positions
Running Loss: 0.0022762600216654828
At 767852544 positions
Running Loss: 0.002279536033418097
At 777863168 positions
Running Loss: 0.0022801422253373015
At 787873792 positions
Running Loss: 0.0022763210895994095
At 797884416 positions
Running Loss: 0.002266257367235549
At 807895040 positions
Running Loss: 0.002279956875378098
At 817905664 positions
Running Loss: 0.002256338217839867
At 827916288 positions
Running Loss: 0.002264994060934663
At 837926912 positions
Running Loss: 0.0022683986470273983
At 847937536 positions
Running Loss: 0.0022774130935169475
At 857948160 positions
Running Loss: 0.0022795013046888984
At 867958784 positions
Running Loss: 0.0022713033735459447
At 877969408 positions
Running Loss: 0.0022723594781029633
At 887980032 positions
Running Loss: 0.0022799574606937587
At 897990656 positions
Running Loss: 0.00227303083516572
At 908001280 positions
Running Loss: 0.002278085231000585
At 918011904 positions
Running Loss: 0.0022717505547106753
At 928022528 positions
Running Loss: 0.0022751430442797572
At 938033152 positions
Running Loss: 0.0022684322051252748
At 948043776 positions
Running Loss: 0.0022796195384523483
At 958054400 positions
Running Loss: 0.0022744888564763797
At 968065024 positions
Running Loss: 0.0022711080732205104
At 978075648 positions
Running Loss: 0.0022746137238173164
At 988086272 positions
Running Loss: 0.00226276712995114
At 998096896 positions
Running Loss: 0.0022787874146881354
At 1008107520 positions
Running Loss: 0.0022712873749178874
At 1018118144 positions
Running Loss: 0.002265945979304087
At 1028128768 positions
Running Loss: 0.002273731653116729
At 1038139392 positions
Running Loss: 0.0022717296784521123
At 1048150016 positions
Running Loss: 0.0022804975119433113
At 1058160640 positions
Running Loss: 0.002266779663910062
At 1068171264 positions
Running Loss: 0.0022724652251323195
At 1078181888 positions
Running Loss: 0.002272314603902314
At 1088192512 positions
Running Loss: 0.002274205758801849
At 1098203136 positions
Running Loss: 0.002269967292997919
At 1108213760 positions
Running Loss: 0.0022629682834331808
At 1118224384 positions
Running Loss: 0.0022734879666966813
At 1128235008 positions
Running Loss: 0.002265735070561036
At 1138245632 positions
Running Loss: 0.002266006657027574
At 1148256256 positions
Running Loss: 0.002266828830425556
At 1158266880 positions
Running Loss: 0.0022701772262148693
At 1168277504 positions
Running Loss: 0.0022770927307453562
At 1178288128 positions
Running Loss: 0.002272184078509991
At 1188298752 positions
Running Loss: 0.0022720605769055956
At 1198309376 positions
Running Loss: 0.0022683407007769944
At 1208320000 positions
Running Loss: 0.0022683972812908566
At 1218330624 positions
Running Loss: 0.0022628272223589657
At 1228341248 positions
Running Loss: 0.002273994459848357
At 1238351872 positions
Running Loss: 0.0022716996322481994
At 1248362496 positions
Running Loss: 0.002262222201071082
At 1258373120 positions
Running Loss: 0.0022714610185638777
At 1268383744 positions
Running Loss: 0.002273833888252121
At 1278394368 positions
Running Loss: 0.0022723315780564727
At 1288404992 positions
Running Loss: 0.0022801668085950487
At 1298415616 positions
Running Loss: 0.0022765000010863457
At 1308426240 positions
Running Loss: 0.0022721889561404963
At 1318436864 positions
Running Loss: 0.0022678238670486477
At 1328447488 positions
Running Loss: 0.0022699990951488137
At 1338458112 positions
Running Loss: 0.0022703760384342672
At 1348468736 positions
Running Loss: 0.0022719265396193085
At 1358479360 positions
Running Loss: 0.0022672896689557016
At 1368489984 positions
Running Loss: 0.002264879339065177
At 1378500608 positions
Running Loss: 0.002268896555549384
At 1388511232 positions
Running Loss: 0.0022793928261864594
At 1398521856 positions
Running Loss: 0.0022620056342766443
At 1408532480 positions
Running Loss: 0.0022727114479202297
At 1418543104 positions
Running Loss: 0.0022651915074175196
At 1428553728 positions
Running Loss: 0.0022738264742537526
At 1438564352 positions
Running Loss: 0.0022594366838420863
At 1448574976 positions
Running Loss: 0.0022663615534231434
At 1458585600 positions
Running Loss: 0.0022776671205136665
At 1468596224 positions
Running Loss: 0.0022669494054516483
At 1478606848 positions
Running Loss: 0.0022726058959960938
At 1488617472 positions
Running Loss: 0.0022774546509288533
At 1498628096 positions
Running Loss: 0.0022792562525323096
At 1508638720 positions
Running Loss: 0.00226473593672832
At 1518649344 positions
Running Loss: 0.0022693581745004106
At 1528659968 positions
Running Loss: 0.002274303506517176
At 1538670592 positions
Running Loss: 0.0022739710472219313
At 1548681216 positions
Running Loss: 0.0022730548331078063
At 1558691840 positions
Running Loss: 0.0022647694948261968
At 1568702464 positions
Running Loss: 0.0022759884351989446
At 1578713088 positions
Running Loss: 0.0022687059377492352
At 1588723712 positions
Running Loss: 0.0022766531586842138
At 1598734336 positions
Running Loss: 0.0022572292633805846
At 1608744960 positions
Running Loss: 0.002265127122694849
At 1618755584 positions
Running Loss: 0.0022570887876220305
At 1628766208 positions
Running Loss: 0.002268161789290058
At 1638776832 positions
Running Loss: 0.002265732534193173
At 1648787456 positions
Running Loss: 0.00227348660096014
At 1658798080 positions
Running Loss: 0.00226800843658697
At 1668808704 positions
Running Loss: 0.002266842487790971
At 1678819328 positions
Running Loss: 0.002270895408530477
At 1688829952 positions
Running Loss: 0.002264677014951815
At 1698840576 positions
Running Loss: 0.0022650170833506482
At 1708851200 positions
Running Loss: 0.0022667794688048418
At 1718861824 positions
Running Loss: 0.002268850705822634
At 1728872448 positions
Running Loss: 0.002274973302738171
At 1738883072 positions
Running Loss: 0.0022659280296238276
At 1748893696 positions
Running Loss: 0.002265215700464826
At 1758904320 positions
Running Loss: 0.002273609712354095
At 1768914944 positions
Running Loss: 0.002266352383477793
At 1778925568 positions
Running Loss: 0.002265818380490067
At 1788936192 positions
Running Loss: 0.0022631380249747667
At 1798946816 positions
Running Loss: 0.0022686809642810477
At 1808957440 positions
Running Loss: 0.0022684372778610006
At 1818968064 positions
Running Loss: 0.002263135488606904
At 1828978688 positions
Running Loss: 0.002268197298440137
At 1838989312 positions
Running Loss: 0.002281525521348619
At 1848999936 positions
Running Loss: 0.002267790504055991
At 1859010560 positions
Running Loss: 0.0022678946902435853
At 1869021184 positions
Running Loss: 0.002273001569382688
At 1879031808 positions
Running Loss: 0.0022752921046680008
At 1889042432 positions
Running Loss: 0.00226524652708962
At 1899053056 positions
Running Loss: 0.0022598830845859358
At 1909063680 positions
Running Loss: 0.002255646569834208
At 1919074304 positions
Running Loss: 0.0022589547739481574
At 1929084928 positions
Running Loss: 0.002260594243113616
At 1939095552 positions
Running Loss: 0.0022700708938698526
At 1949106176 positions
Running Loss: 0.002270769565663439
At 1959116800 positions
Running Loss: 0.002276213976833512
At 1969127424 positions
Running Loss: 0.002266478616555272
At 1979138048 positions
Running Loss: 0.0022704306678959273
At 1989148672 positions
Running Loss: 0.002263338007825486
At 1999159296 positions
Running Loss: 0.0022639042031745472
At 2009169920 positions
Running Loss: 0.0022799880922133326
At 2019180544 positions
Running Loss: 0.002263287670678671
At 2029191168 positions
Running Loss: 0.0022678100145780123
At 2039201792 positions
Running Loss: 0.0022634757521109573
At 2049212416 positions
Running Loss: 0.0022685603892549557
At 2059223040 positions
Running Loss: 0.0022712120643028845
At 2069233664 positions
Running Loss: 0.0022662708294957437
At 2079244288 positions
Running Loss: 0.002256156769985068
At 2089254912 positions
Running Loss: 0.002267605349202008
At 2099265536 positions
Running Loss: 0.0022684839080086318
At 2109276160 positions
Running Loss: 0.0022594462439978766
At 2119286784 positions
Running Loss: 0.002265673027101008
At 2129297408 positions
Running Loss: 0.0022563267066318744
At 2139308032 positions
Running Loss: 0.0022600202435557465
At 2149318656 positions
Running Loss: 0.002260273099921144
At 2159329280 positions
Running Loss: 0.0022588583919693718
At 2169339904 positions
Running Loss: 0.002253006601099492
At 2179350528 positions
Running Loss: 0.002268610921506991
At 2189361152 positions
Running Loss: 0.002254640217108344
At 2199371776 positions
Running Loss: 0.0022674701412843993
At 2209382400 positions
Running Loss: 0.0022635190654698447
At 2219393024 positions
Running Loss: 0.0022662103468774775
At 2229403648 positions
Running Loss: 0.0022636571999657563
At 2239414272 positions
Running Loss: 0.002261001037497762
At 2249424896 positions
Running Loss: 0.0022576651284425425
At 2259435520 positions
Running Loss: 0.0022658168196483057
At 2269446144 positions
Running Loss: 0.0022585294445680907
At 2279456768 positions
Running Loss: 0.002259642910059852
At 2289467392 positions
Running Loss: 0.0022711781159945672
At 2299478016 positions
Running Loss: 0.002259366250857589
At 2309488640 positions
Running Loss: 0.0022622532228010962
At 2319499264 positions
Running Loss: 0.002260476399560607
At 2329509888 positions
Running Loss: 0.002266701426716756
At 2339520512 positions
Running Loss: 0.0022616409826200644
At 2349531136 positions
Running Loss: 0.0022668504871049995
At 2359541760 positions
Running Loss: 0.0022666784043007706
At 2369552384 positions
Running Loss: 0.0022631936299625276
At 2379563008 positions
Running Loss: 0.002266236295871766
At 2389573632 positions
Running Loss: 0.0022599219105247587
At 2399584256 positions
Running Loss: 0.002263937761272424
At 2409594880 positions
Running Loss: 0.0022554670730316113
At 2419605504 positions
Running Loss: 0.0022627078179641947
At 2429616128 positions
Running Loss: 0.0022508311778941053
At 2439626752 positions
Running Loss: 0.0022592532849350848
At 2449637376 positions
Running Loss: 0.0022663816492608253
At 2459648000 positions
Running Loss: 0.0022623117543671602
At 2469658624 positions
Running Loss: 0.002256689407236252
At 2479669248 positions
Running Loss: 0.002256399090668574
At 2489679872 positions
Running Loss: 0.0022610342053851987
At 2499690496 positions
Running Loss: 0.0022685814606187384
At 2509701120 positions
Running Loss: 0.0022641020398678443
At 2519711744 positions
Running Loss: 0.00226263972624234
At 2529722368 positions
Running Loss: 0.0022744406654869867
At 2539732992 positions
Running Loss: 0.002258988136940814
At 2549743616 positions
Running Loss: 0.0022548985364199076
At 2559754240 positions
Running Loss: 0.0022673316165780473
At 2569764864 positions
Running Loss: 0.0022659869514003324
At 2579775488 positions
Running Loss: 0.0022623129249984817
At 2589786112 positions
Running Loss: 0.0022539339362111694
At 2599796736 positions
Running Loss: 0.002254433405574917
At 2609807360 positions
Running Loss: 0.002255858649208581
At 2619817984 positions
Running Loss: 0.002262807516731724
At 2629828608 positions
Running Loss: 0.002258342338661906
At 2639839232 positions
Running Loss: 0.0022563231947379104
At 2649849856 positions
Running Loss: 0.0022655224058710025
At 2659860480 positions
Running Loss: 0.0022745442663589205
At 2669871104 positions
Running Loss: 0.002266999742598463
At 2679881728 positions
Running Loss: 0.0022616236182554654
At 2689892352 positions
Running Loss: 0.0022583138532997543
At 2699902976 positions
Running Loss: 0.0022531494181206885
At 2709913600 positions
Running Loss: 0.002269686536586031
At 2719924224 positions
Running Loss: 0.0022518006557333487
At 2729934848 positions
Running Loss: 0.002248058147399203
At 2739945472 positions
Running Loss: 0.00225953150497911
At 2749956096 positions
Running Loss: 0.0022574124671823656
At 2759966720 positions
Running Loss: 0.0022657182915120973
At 2769977344 positions
Running Loss: 0.002258112699817714
At 2779987968 positions
Running Loss: 0.0022526376571280673
At 2789998592 positions
Running Loss: 0.002253486950151659
At 2800009216 positions
Running Loss: 0.002260873243578522
At 2810019840 positions
Running Loss: 0.0022606822355679328
At 2820030464 positions
Running Loss: 0.002246383559294106
At 2830041088 positions
Running Loss: 0.0022531948776369983
At 2840051712 positions
Running Loss: 0.002256416845243613
At 2850062336 positions
Running Loss: 0.0022502035244006766
At 2860072960 positions
Running Loss: 0.0022536578623245664
At 2870083584 positions
Running Loss: 0.002243657354052055
At 2880094208 positions
Running Loss: 0.002253190000006493
At 2890104832 positions
Running Loss: 0.002247060769513469
At 2900115456 positions
Running Loss: 0.0022558336757403934
At 2910126080 positions
Running Loss: 0.0022651829227878302
At 2920136704 positions
Running Loss: 0.002268149107450744
At 2930147328 positions
Running Loss: 0.0022526499487569404
At 2940157952 positions
Running Loss: 0.002256026439697965
At 2950168576 positions
Running Loss: 0.0022553133301180827
At 2960179200 positions
Running Loss: 0.002257317450940121
At 2970189824 positions
Running Loss: 0.0022532705784624415
At 2980200448 positions
Running Loss: 0.002248908220843676
At 2990211072 positions
Running Loss: 0.0022520734128312083
At 3000221696 positions
Running Loss: 0.0022597759718200384
At 3010232320 positions
Running Loss: 0.0022555320430699423
At 3020242944 positions
Running Loss: 0.002254178012841657
At 3030253568 positions
Running Loss: 0.0022504823297603625
At 3040264192 positions
Running Loss: 0.002254236349302501
At 3050274816 positions
Running Loss: 0.0022539331557902883
At 3060285440 positions
Running Loss: 0.002251886111819803
At 3070296064 positions
Running Loss: 0.0022498968189945
At 3080306688 positions
Running Loss: 0.0022626629437635455
At 3090317312 positions
Running Loss: 0.0022574185154441923
At 3100327936 positions
Running Loss: 0.002252903390437999
At 3110338560 positions
Running Loss: 0.002248909586580217
At 3120349184 positions
Running Loss: 0.0022468627377149517
At 3130359808 positions
Running Loss: 0.002252942021271601
At 3140370432 positions
Running Loss: 0.00225824634689356
At 3150381056 positions
Running Loss: 0.002257485826745166
At 3160391680 positions
Running Loss: 0.0022466851919645567
At 3170402304 positions
Running Loss: 0.002252965629003247
At 3180412928 positions
Running Loss: 0.002257752730686419
At 3190423552 positions
Running Loss: 0.0022523970923915434
At 3200434176 positions
Running Loss: 0.002253446758476295
At 3210444800 positions
Running Loss: 0.002252149113656651
At 3220455424 positions
Running Loss: 0.002254669482891376
At 3230466048 positions
Running Loss: 0.002252775401413538
At 3240476672 positions
Running Loss: 0.0022460514902093017
At 3250487296 positions
Running Loss: 0.002253878136118188
At 3260497920 positions
Running Loss: 0.002247845092498729
At 3270508544 positions
Running Loss: 0.002253913645268267
At 3280519168 positions
Running Loss: 0.0022556631537779264
At 3290529792 positions
Running Loss: 0.002240456652914444
At 3300540416 positions
Running Loss: 0.002248846372488868
epoch 8
epoch train loss: 0.0022670003418367585
epoch pos/s: 1246816.3418247213
At 901120 positions
Running Loss: 0.0022355844853552587
At 10911744 positions
Running Loss: 0.0022787017634964615
At 20922368 positions
Running Loss: 0.0022713248351201682
At 30932992 positions
Running Loss: 0.0022772236463481197
At 40943616 positions
Running Loss: 0.002267706023495638
At 50954240 positions
Running Loss: 0.002271511355710693
At 60964864 positions
Running Loss: 0.0022686409677109038
At 70975488 positions
Running Loss: 0.002279070707467886
At 80986112 positions
Running Loss: 0.0022610539110124402
At 90996736 positions
Running Loss: 0.0022728017816371886
At 101007360 positions
Running Loss: 0.0022751288015986815
At 111017984 positions
Running Loss: 0.0022680170212166593
At 121028608 positions
Running Loss: 0.0022680207282158435
At 131039232 positions
Running Loss: 0.002272755931910438
At 141049856 positions
Running Loss: 0.002278302188005463
At 151060480 positions
Running Loss: 0.002277559422432108
At 161071104 positions
Running Loss: 0.0022696514176463924
At 171081728 positions
Running Loss: 0.002273010934433258
At 181092352 positions
Running Loss: 0.002277036930652375
At 191102976 positions
Running Loss: 0.0022750983651843282
At 201113600 positions
Running Loss: 0.0022703824769065347
At 211124224 positions
Running Loss: 0.002261938518080891
At 221134848 positions
Running Loss: 0.002276400497424037
At 231145472 positions
Running Loss: 0.002271852204530407
At 241156096 positions
Running Loss: 0.002272824804053174
At 251166720 positions
Running Loss: 0.0022824846586111916
At 261177344 positions
Running Loss: 0.0022676494429817763
At 271187968 positions
Running Loss: 0.002273700826491935
At 281198592 positions
Running Loss: 0.0022769302080969177
At 291209216 positions
Running Loss: 0.002270758639771107
At 301219840 positions
Running Loss: 0.002264998743459948
At 311230464 positions
Running Loss: 0.0022734469946004364
At 321241088 positions
Running Loss: 0.0022707988314464712
At 331251712 positions
Running Loss: 0.0022722330499202648
At 341262336 positions
Running Loss: 0.002268030288371634
At 351272960 positions
Running Loss: 0.002272204759663334
At 361283584 positions
Running Loss: 0.002281295687399207
At 371294208 positions
Running Loss: 0.0022710257388175803
At 381304832 positions
Running Loss: 0.002279398679343066
At 391315456 positions
Running Loss: 0.0022728634348867763
At 401326080 positions
Running Loss: 0.0022789196960274405
At 411336704 positions
Running Loss: 0.0022649965973025256
At 421347328 positions
Running Loss: 0.002273813207098778
At 431357952 positions
Running Loss: 0.002272681206611096
At 441368576 positions
Running Loss: 0.0022683908428185896
At 451379200 positions
Running Loss: 0.0022762077334664652
At 461389824 positions
Running Loss: 0.002265074444285391
At 471400448 positions
Running Loss: 0.002268066773047814
At 481411072 positions
Running Loss: 0.0022664409612477704
At 491421696 positions
Running Loss: 0.0022734038763467693
At 501432320 positions
Running Loss: 0.002255370886158046
At 511442944 positions
Running Loss: 0.002258773911409019
At 521453568 positions
Running Loss: 0.0022682037369124042
At 531464192 positions
Running Loss: 0.0022609382136168535
At 541474816 positions
Running Loss: 0.002265715169828574
At 551485440 positions
Running Loss: 0.0022742309273752564
At 561496064 positions
Running Loss: 0.0022791411404523834
At 571506688 positions
Running Loss: 0.0022576986865404194
At 581517312 positions
Running Loss: 0.0022769503039346
At 591527936 positions
Running Loss: 0.002272504246176362
At 601538560 positions
Running Loss: 0.002264422597744656
At 611549184 positions
Running Loss: 0.002270840583963597
At 621559808 positions
Running Loss: 0.0022824971453452854
At 631570432 positions
Running Loss: 0.00227137224568868
At 641581056 positions
Running Loss: 0.002267879667141629
At 651591680 positions
Running Loss: 0.0022691256090779156
At 661602304 positions
Running Loss: 0.0022642631967797412
At 671612928 positions
Running Loss: 0.0022709670121462957
At 681623552 positions
Running Loss: 0.0022710068136112195
At 691634176 positions
Running Loss: 0.0022636782713295394
At 701644800 positions
Running Loss: 0.0022645970218115275
At 711655424 positions
Running Loss: 0.0022666739168807058
At 721666048 positions
Running Loss: 0.002265548940180952
At 731676672 positions
Running Loss: 0.0022683516266693267
At 741687296 positions
Running Loss: 0.002277623026733898
At 751697920 positions
Running Loss: 0.0022701046470729497
At 761708544 positions
Running Loss: 0.0022726833527685186
At 771719168 positions
Running Loss: 0.0022677118766522447
At 781729792 positions
Running Loss: 0.002276295140605121
At 791740416 positions
Running Loss: 0.0022662513189737224
At 801751040 positions
Running Loss: 0.0022674594104972875
At 811761664 positions
Running Loss: 0.0022599322511014297
At 821772288 positions
Running Loss: 0.002263082615092226
At 831782912 positions
Running Loss: 0.0022574251490216795
At 841793536 positions
Running Loss: 0.00226618517830407
At 851804160 positions
Running Loss: 0.002272738567545839
At 861814784 positions
Running Loss: 0.0022705559254473048
At 871825408 positions
Running Loss: 0.0022634903850024734
At 881836032 positions
Running Loss: 0.0022657733111841978
At 891846656 positions
Running Loss: 0.0022699992902540343
At 901857280 positions
Running Loss: 0.002269988949677363
At 911867904 positions
Running Loss: 0.002278473685494031
At 921878528 positions
Running Loss: 0.0022628239055702223
At 931889152 positions
Running Loss: 0.0022699366614783454
At 941899776 positions
Running Loss: 0.0022687621280526567
At 951910400 positions
Running Loss: 0.0022675985205193004
At 961921024 positions
Running Loss: 0.002271504136817545
At 971931648 positions
Running Loss: 0.0022627620572154145
At 981942272 positions
Running Loss: 0.0022663106309606675
At 991952896 positions
Running Loss: 0.002260629947368915
At 1001963520 positions
Running Loss: 0.0022751239239681763
At 1011974144 positions
Running Loss: 0.002259162951218126
At 1021984768 positions
Running Loss: 0.0022659771961393215
At 1031995392 positions
Running Loss: 0.002266990377547893
At 1042006016 positions
Running Loss: 0.002262909361656676
At 1052016640 positions
Running Loss: 0.0022754253615334067
At 1062027264 positions
Running Loss: 0.0022634105869674057
At 1072037888 positions
Running Loss: 0.0022714305821495244
At 1082048512 positions
Running Loss: 0.0022633776141851897
At 1092059136 positions
Running Loss: 0.0022686788181236254
At 1102069760 positions
Running Loss: 0.00226362403207832
At 1112080384 positions
Running Loss: 0.0022565348839018425
At 1122091008 positions
Running Loss: 0.0022657639461336277
At 1132101632 positions
Running Loss: 0.0022633600547153705
At 1142112256 positions
Running Loss: 0.0022577726314188806
At 1152122880 positions
Running Loss: 0.00226272147532961
At 1162133504 positions
Running Loss: 0.0022650016700382514
At 1172144128 positions
Running Loss: 0.0022742679973670973
At 1182154752 positions
Running Loss: 0.002270491345619414
At 1192165376 positions
Running Loss: 0.0022623117543671602
At 1202176000 positions
Running Loss: 0.002258240688842174
At 1212186624 positions
Running Loss: 0.002266694012718388
At 1222197248 positions
Running Loss: 0.0022603759203721967
At 1232207872 positions
Running Loss: 0.00226759813030886
At 1242218496 positions
Running Loss: 0.002263703244797727
At 1252229120 positions
Running Loss: 0.002253084838292798
At 1262239744 positions
Running Loss: 0.0022714153639423478
At 1272250368 positions
Running Loss: 0.002267216309392901
At 1282260992 positions
Running Loss: 0.0022746328441288974
At 1292271616 positions
Running Loss: 0.0022703415048102894
At 1302282240 positions
Running Loss: 0.002274989496471449
At 1312292864 positions
Running Loss: 0.00225787233018641
At 1322303488 positions
Running Loss: 0.002266903750830118
At 1332314112 positions
Running Loss: 0.0022596167659603436
At 1342324736 positions
Running Loss: 0.0022710015457702735
At 1352335360 positions
Running Loss: 0.0022649271398441297
At 1362345984 positions
Running Loss: 0.0022627183536460863
At 1372356608 positions
Running Loss: 0.0022595510155011315
At 1382367232 positions
Running Loss: 0.0022686634048112286
At 1392377856 positions
Running Loss: 0.0022615845972114228
At 1402388480 positions
Running Loss: 0.002268401378500481
At 1412399104 positions
Running Loss: 0.002266081577432136
At 1422409728 positions
Running Loss: 0.0022633549819796447
At 1432420352 positions
Running Loss: 0.0022644758614697746
At 1442430976 positions
Running Loss: 0.0022499241337253302
At 1452441600 positions
Running Loss: 0.002265352274118976
At 1462452224 positions
Running Loss: 0.0022691638497010776
At 1472462848 positions
Running Loss: 0.0022747522485236683
At 1482473472 positions
Running Loss: 0.002264653017009729
At 1492484096 positions
Running Loss: 0.002268808953305508
At 1502494720 positions
Running Loss: 0.002265278329240515
At 1512505344 positions
Running Loss: 0.002265582888489269
At 1522515968 positions
Running Loss: 0.002262246784328829
At 1532526592 positions
Running Loss: 0.002267583302312124
At 1542537216 positions
Running Loss: 0.00226999558325485
At 1552547840 positions
Running Loss: 0.002266505345970441
At 1562558464 positions
Running Loss: 0.0022640491663531662
At 1572569088 positions
Running Loss: 0.002266828830425556
At 1582579712 positions
Running Loss: 0.0022694174864873557
At 1592590336 positions
Running Loss: 0.0022662491728163
At 1602600960 positions
Running Loss: 0.002249754587288964
At 1612611584 positions
Running Loss: 0.0022634201471231964
At 1622622208 positions
Running Loss: 0.0022491690765231017
At 1632632832 positions
Running Loss: 0.0022636328118132297
At 1642643456 positions
Running Loss: 0.0022650309358212837
At 1652654080 positions
Running Loss: 0.0022629563820147475
At 1662664704 positions
Running Loss: 0.0022682454894295302
At 1672675328 positions
Running Loss: 0.0022604687904570183
At 1682685952 positions
Running Loss: 0.002268378356084496
At 1692696576 positions
Running Loss: 0.002255562284379076
At 1702707200 positions
Running Loss: 0.002265397928740506
At 1712717824 positions
Running Loss: 0.002259604864541911
At 1722728448 positions
Running Loss: 0.0022651696556328558
At 1732739072 positions
Running Loss: 0.002269370466129284
At 1742749696 positions
Running Loss: 0.002255638570520179
At 1752760320 positions
Running Loss: 0.0022647369122544207
At 1762770944 positions
Running Loss: 0.002270564119866554
At 1772781568 positions
Running Loss: 0.0022615625503215383
At 1782792192 positions
Running Loss: 0.002257227702538823
At 1792802816 positions
Running Loss: 0.0022639006912805837
At 1802813440 positions
Running Loss: 0.0022647004275782407
At 1812824064 positions
Running Loss: 0.002255152368311406
At 1822834688 positions
Running Loss: 0.002264664723322942
At 1832845312 positions
Running Loss: 0.002265971342982715
At 1842855936 positions
Running Loss: 0.0022721462280972694
At 1852866560 positions
Running Loss: 0.00226418008195593
At 1862877184 positions
Running Loss: 0.0022656648326817587
At 1872887808 positions
Running Loss: 0.0022687906134148082
At 1882898432 positions
Running Loss: 0.0022657108775137294
At 1892909056 positions
Running Loss: 0.0022566626778210827
At 1902919680 positions
Running Loss: 0.002257426904968661
At 1912930304 positions
Running Loss: 0.002256201449080497
At 1922940928 positions
Running Loss: 0.002247792804299712
At 1932951552 positions
Running Loss: 0.002254613487693175
At 1942962176 positions
Running Loss: 0.0022759035644281515
At 1952972800 positions
Running Loss: 0.002265743460085505
At 1962983424 positions
Running Loss: 0.002263537600465765
At 1972994048 positions
Running Loss: 0.0022653436894892864
At 1983004672 positions
Running Loss: 0.002258130259287533
At 1993015296 positions
Running Loss: 0.0022637791407283904
At 2003025920 positions
Running Loss: 0.0022683379693039115
At 2013036544 positions
Running Loss: 0.0022731469227717472
At 2023047168 positions
Running Loss: 0.0022521163359796553
At 2033057792 positions
Running Loss: 0.0022666352860471035
At 2043068416 positions
Running Loss: 0.002260817638590761
At 2053079040 positions
Running Loss: 0.0022626102653540876
At 2063089664 positions
Running Loss: 0.0022691351692337063
At 2073100288 positions
Running Loss: 0.0022569102663455346
At 2083110912 positions
Running Loss: 0.0022548809769500884
At 2093121536 positions
Running Loss: 0.0022600280477645548
At 2103132160 positions
Running Loss: 0.002266152595732294
At 2113142784 positions
Running Loss: 0.0022520638526754176
At 2123153408 positions
Running Loss: 0.0022571098589858137
At 2133164032 positions
Running Loss: 0.0022566146819369103
At 2143174656 positions
Running Loss: 0.002252016637212126
At 2153185280 positions
Running Loss: 0.002258435794062388
At 2163195904 positions
Running Loss: 0.002248178137109635
At 2173206528 positions
Running Loss: 0.002258421941591753
At 2183217152 positions
Running Loss: 0.0022581928880632215
At 2193227776 positions
Running Loss: 0.002247531168199405
At 2203238400 positions
Running Loss: 0.002271444044409719
At 2213249024 positions
Running Loss: 0.00225862914333562
At 2223259648 positions
Running Loss: 0.002258460182214915
At 2233270272 positions
Running Loss: 0.0022604514260924193
At 2243280896 positions
Running Loss: 0.002254489595878339
At 2253291520 positions
Running Loss: 0.0022636152523434106
At 2263302144 positions
Running Loss: 0.002253631718225058
At 2273312768 positions
Running Loss: 0.0022554555618236184
At 2283323392 positions
Running Loss: 0.0022542020107837435
At 2293334016 positions
Running Loss: 0.0022632096285905854
At 2303344640 positions
Running Loss: 0.0022617678010132037
At 2313355264 positions
Running Loss: 0.0022548940489998427
At 2323365888 positions
Running Loss: 0.0022549039993660733
At 2333376512 positions
Running Loss: 0.0022663387261123782
At 2343387136 positions
Running Loss: 0.0022581456725999298
At 2353397760 positions
Running Loss: 0.0022619080816665377
At 2363408384 positions
Running Loss: 0.002264665893954263
At 2373419008 positions
Running Loss: 0.0022612716484381994
At 2383429632 positions
Running Loss: 0.0022543924334786723
At 2393440256 positions
Running Loss: 0.002262596607988673
At 2403450880 positions
Running Loss: 0.002255880891203685
At 2413461504 positions
Running Loss: 0.002250234936341131
At 2423472128 positions
Running Loss: 0.0022558323100038517
At 2433482752 positions
Running Loss: 0.0022507065056583883
At 2443493376 positions
Running Loss: 0.0022501305550483167
At 2453504000 positions
Running Loss: 0.0022682934853137026
At 2463514624 positions
Running Loss: 0.0022580147569971664
At 2473525248 positions
Running Loss: 0.0022453143826873328
At 2483535872 positions
Running Loss: 0.002256480644650623
At 2493546496 positions
Running Loss: 0.0022618680850963937
At 2503557120 positions
Running Loss: 0.0022597156843069924
At 2513567744 positions
Running Loss: 0.002263748899419257
At 2523578368 positions
Running Loss: 0.0022576383990273734
At 2533588992 positions
Running Loss: 0.0022672496723855576
At 2543599616 positions
Running Loss: 0.002257883256078742
At 2553610240 positions
Running Loss: 0.0022528813435481144
At 2563620864 positions
Running Loss: 0.0022644469858971827
At 2573631488 positions
Running Loss: 0.0022591830470558077
At 2583642112 positions
Running Loss: 0.0022570386455804353
At 2593652736 positions
Running Loss: 0.0022497286382946757
At 2603663360 positions
Running Loss: 0.002252336999983717
At 2613673984 positions
Running Loss: 0.0022555392619630905
At 2623684608 positions
Running Loss: 0.002253201121004045
At 2633695232 positions
Running Loss: 0.00225533830358627
At 2643705856 positions
Running Loss: 0.0022578247245126776
At 2653716480 positions
Running Loss: 0.0022589731138388577
At 2663727104 positions
Running Loss: 0.0022718957129945145
At 2673737728 positions
Running Loss: 0.002263020766737418
At 2683748352 positions
Running Loss: 0.002258037974518372
At 2693758976 positions
Running Loss: 0.002251293187055572
At 2703769600 positions
Running Loss: 0.0022553287434304795
At 2713780224 positions
Running Loss: 0.0022613491052106242
At 2723790848 positions
Running Loss: 0.0022430669656556875
At 2733801472 positions
Running Loss: 0.0022537300512560456
At 2743812096 positions
Running Loss: 0.0022513454752545897
At 2753822720 positions
Running Loss: 0.002252380313342605
At 2763833344 positions
Running Loss: 0.002261070104745718
At 2773843968 positions
Running Loss: 0.002255980004655554
At 2783854592 positions
Running Loss: 0.002251980347641166
At 2793865216 positions
Running Loss: 0.0022487039456781117
At 2803875840 positions
Running Loss: 0.0022588482464979205
At 2813886464 positions
Running Loss: 0.002255463170927207
At 2823897088 positions
Running Loss: 0.0022445757143236024
At 2833907712 positions
Running Loss: 0.002248051708926936
At 2843918336 positions
Running Loss: 0.0022442416941865963
At 2853928960 positions
Running Loss: 0.0022594093691112563
At 2863939584 positions
Running Loss: 0.0022453391610503
At 2873950208 positions
Running Loss: 0.0022426814377405446
At 2883960832 positions
Running Loss: 0.002243990593768181
At 2893971456 positions
Running Loss: 0.0022484467969978695
At 2903982080 positions
Running Loss: 0.0022512892849511678
At 2913992704 positions
Running Loss: 0.002271458287090795
At 2924003328 positions
Running Loss: 0.0022548245915414464
At 2934013952 positions
Running Loss: 0.0022519951756379024
At 2944024576 positions
Running Loss: 0.002250731479126576
At 2954035200 positions
Running Loss: 0.00225222091237769
At 2964045824 positions
Running Loss: 0.002252721162162319
At 2974056448 positions
Running Loss: 0.0022470293575730144
At 2984067072 positions
Running Loss: 0.002248546495765399
At 2994077696 positions
Running Loss: 0.0022538383346532645
At 3004088320 positions
Running Loss: 0.002254466963672794
At 3014098944 positions
Running Loss: 0.0022547225515112744
At 3024109568 positions
Running Loss: 0.002245661474874094
At 3034120192 positions
Running Loss: 0.002250752355385139
At 3044130816 positions
Running Loss: 0.002252935387694114
At 3054141440 positions
Running Loss: 0.002247518291254871
At 3064152064 positions
Running Loss: 0.0022498925266796555
At 3074162688 positions
Running Loss: 0.0022539815418849015
At 3084173312 positions
Running Loss: 0.0022514449789168985
At 3094183936 positions
Running Loss: 0.002250808740793781
At 3104194560 positions
Running Loss: 0.002253166002064407
At 3114205184 positions
Running Loss: 0.002242946195524375
At 3124215808 positions
Running Loss: 0.0022513226479438245
At 3134226432 positions
Running Loss: 0.0022500616829055813
At 3144237056 positions
Running Loss: 0.002256215301551132
At 3154247680 positions
Running Loss: 0.0022496948850915786
At 3164258304 positions
Running Loss: 0.002245944962759065
At 3174268928 positions
Running Loss: 0.002257401151079593
At 3184279552 positions
Running Loss: 0.002245912380187289
At 3194290176 positions
Running Loss: 0.002253381398227523
At 3204300800 positions
Running Loss: 0.002243813048017786
At 3214311424 positions
Running Loss: 0.002253759317039078
At 3224322048 positions
Running Loss: 0.0022515029251673024
At 3234332672 positions
Running Loss: 0.002251266652745623
At 3244343296 positions
Running Loss: 0.0022456620601897545
At 3254353920 positions
Running Loss: 0.0022487382841968693
At 3264364544 positions
Running Loss: 0.0022489903601413857
At 3274375168 positions
Running Loss: 0.0022503994100417715
At 3284385792 positions
Running Loss: 0.002245536607533157
At 3294396416 positions
Running Loss: 0.0022441187778978614
At 3304407040 positions
Running Loss: 0.0022391145241045913
epoch 9
epoch train loss: 0.0022622410771469146
epoch pos/s: 1245755.0546964186
At 4767744 positions
Running Loss: 0.0022519635685922276
At 14778368 positions
Running Loss: 0.0022715402312832845
At 24788992 positions
Running Loss: 0.0022661305488424098
At 34799616 positions
Running Loss: 0.0022664901277632643
At 44810240 positions
Running Loss: 0.0022641041860252667
At 54820864 positions
Running Loss: 0.0022632500153711697
At 64831488 positions
Running Loss: 0.0022674654587591142
At 74842112 positions
Running Loss: 0.002272011800600542
At 84852736 positions
Running Loss: 0.002254804885914205
At 94863360 positions
Running Loss: 0.0022750765133996644
At 104873984 positions
Running Loss: 0.0022644940062552543
At 114884608 positions
Running Loss: 0.002263416049913572
At 124895232 positions
Running Loss: 0.00226675956807238
At 134905856 positions
Running Loss: 0.0022670682245307587
At 144916480 positions
Running Loss: 0.00227546438257745
At 154927104 positions
Running Loss: 0.0022667150840821712
At 164937728 positions
Running Loss: 0.002264867242541524
At 174948352 positions
Running Loss: 0.0022739583653826174
At 184958976 positions
Running Loss: 0.002266666697987558
At 194969600 positions
Running Loss: 0.002274664256069352
At 204980224 positions
Running Loss: 0.002256891731349614
At 214990848 positions
Running Loss: 0.002261070104745718
At 225001472 positions
Running Loss: 0.002267963757491541
At 235012096 positions
Running Loss: 0.002263944980165572
At 245022720 positions
Running Loss: 0.002272001655129091
At 255033344 positions
Running Loss: 0.002271952488613597
At 265043968 positions
Running Loss: 0.002266907262724082
At 275054592 positions
Running Loss: 0.002264967331519494
At 285065216 positions
Running Loss: 0.002279961753008604
At 295075840 positions
Running Loss: 0.0022591063707042636
At 305086464 positions
Running Loss: 0.002263919421381724
At 315097088 positions
Running Loss: 0.002265063323287839
At 325107712 positions
Running Loss: 0.0022685274164727393
At 335118336 positions
Running Loss: 0.002262358774725232
At 345128960 positions
Running Loss: 0.0022681054038814165
At 355139584 positions
Running Loss: 0.002271350198798796
At 365150208 positions
Running Loss: 0.0022693154464571838
At 375160832 positions
Running Loss: 0.0022742800938907503
At 385171456 positions
Running Loss: 0.002264581998709571
At 395182080 positions
Running Loss: 0.002274385255604446
At 405192704 positions
Running Loss: 0.0022662193217176073
At 415203328 positions
Running Loss: 0.002270173909426126
At 425213952 positions
Running Loss: 0.002260261588713151
At 435224576 positions
Running Loss: 0.002268891677918879
At 445235200 positions
Running Loss: 0.0022692065777443044
At 455245824 positions
Running Loss: 0.0022659688066148523
At 465256448 positions
Running Loss: 0.002264737887780522
At 475267072 positions
Running Loss: 0.002258740938626803
At 485277696 positions
Running Loss: 0.002264122721021187
At 495288320 positions
Running Loss: 0.002260121112954597
At 505298944 positions
Running Loss: 0.0022545030581385336
At 515309568 positions
Running Loss: 0.0022550337443375157
At 525320192 positions
Running Loss: 0.0022603704574260305
At 535330816 positions
Running Loss: 0.0022520858995653016
At 545341440 positions
Running Loss: 0.002274646891704753
At 555352064 positions
Running Loss: 0.0022687400811627727
At 565362688 positions
Running Loss: 0.002265750483873433
At 575373312 positions
Running Loss: 0.0022645139069877164
At 585383936 positions
Running Loss: 0.002266710401556886
At 595394560 positions
Running Loss: 0.002262305315894893
At 605405184 positions
Running Loss: 0.0022609444569839003
At 615415808 positions
Running Loss: 0.0022747497121558056
At 625426432 positions
Running Loss: 0.0022703442362833727
At 635437056 positions
Running Loss: 0.0022654240728400147
At 645447680 positions
Running Loss: 0.0022615646964789606
At 655458304 positions
Running Loss: 0.0022652199927796707
At 665468928 positions
Running Loss: 0.0022603054873876994
At 675479552 positions
Running Loss: 0.0022652568676662915
At 685490176 positions
Running Loss: 0.0022701649345859957
At 695500800 positions
Running Loss: 0.0022536408881704078
At 705511424 positions
Running Loss: 0.0022616846861893925
At 715522048 positions
Running Loss: 0.0022609066065711787
At 725532672 positions
Running Loss: 0.0022587224036308825
At 735543296 positions
Running Loss: 0.002271322884067966
At 745553920 positions
Running Loss: 0.00226775343406415
At 755564544 positions
Running Loss: 0.002264334410185119
At 765575168 positions
Running Loss: 0.0022672268450747925
At 775585792 positions
Running Loss: 0.00226897459763747
At 785596416 positions
Running Loss: 0.002272411961407201
At 795607040 positions
Running Loss: 0.0022523288055644685
At 805617664 positions
Running Loss: 0.0022710150080304686
At 815628288 positions
Running Loss: 0.002245224439180814
At 825638912 positions
Running Loss: 0.002258378433127645
At 835649536 positions
Running Loss: 0.002251963763697448
At 845660160 positions
Running Loss: 0.002266128012474547
At 855670784 positions
Running Loss: 0.0022663373603758366
At 865681408 positions
Running Loss: 0.0022674036104043064
At 875692032 positions
Running Loss: 0.0022573835916097737
At 885702656 positions
Running Loss: 0.0022689744025322497
At 895713280 positions
Running Loss: 0.0022618343318932966
At 905723904 positions
Running Loss: 0.002270838437806175
At 915734528 positions
Running Loss: 0.0022592770877719512
At 925745152 positions
Running Loss: 0.002265598692012106
At 935755776 positions
Running Loss: 0.002258397553439226
At 945766400 positions
Running Loss: 0.0022734296302358375
At 955777024 positions
Running Loss: 0.002262509005744797
At 965787648 positions
Running Loss: 0.002259684272366538
At 975798272 positions
Running Loss: 0.002266474324240427
At 985808896 positions
Running Loss: 0.00225016099146267
At 995819520 positions
Running Loss: 0.002266341262480241
At 1005830144 positions
Running Loss: 0.0022640913090807326
At 1015840768 positions
Running Loss: 0.0022578056042010966
At 1025851392 positions
Running Loss: 0.002258627192283418
At 1035862016 positions
Running Loss: 0.002263929371747955
At 1045872640 positions
Running Loss: 0.0022617211708655725
At 1055883264 positions
Running Loss: 0.0022656839529933397
At 1065893888 positions
Running Loss: 0.0022658033573881107
At 1075904512 positions
Running Loss: 0.002261520212488752
At 1085915136 positions
Running Loss: 0.0022622573200107208
At 1095925760 positions
Running Loss: 0.0022611914601926913
At 1105936384 positions
Running Loss: 0.002255205046720864
At 1115947008 positions
Running Loss: 0.002258863854915538
At 1125957632 positions
Running Loss: 0.002261228530184532
At 1135968256 positions
Running Loss: 0.0022558613806816638
At 1145978880 positions
Running Loss: 0.0022551849508831816
At 1155989504 positions
Running Loss: 0.002256885292877347
At 1166000128 positions
Running Loss: 0.002265590107382417
At 1176010752 positions
Running Loss: 0.0022678092341571316
At 1186021376 positions
Running Loss: 0.0022612474553908926
At 1196032000 positions
Running Loss: 0.002256640045615538
At 1206042624 positions
Running Loss: 0.0022617330722840053
At 1216053248 positions
Running Loss: 0.002252637462022847
At 1226063872 positions
Running Loss: 0.0022601068702735212
At 1236074496 positions
Running Loss: 0.0022615170908052286
At 1246085120 positions
Running Loss: 0.0022545329092372264
At 1256095744 positions
Running Loss: 0.0022573184264662225
At 1266106368 positions
Running Loss: 0.0022633214238817682
At 1276116992 positions
Running Loss: 0.00226294038338669
At 1286127616 positions
Running Loss: 0.002272156958884381
At 1296138240 positions
Running Loss: 0.0022675103329597634
At 1306148864 positions
Running Loss: 0.002265536648552078
At 1316159488 positions
Running Loss: 0.002258323218350325
At 1326170112 positions
Running Loss: 0.0022592199219424285
At 1336180736 positions
Running Loss: 0.0022605335653901296
At 1346191360 positions
Running Loss: 0.002261539527905553
At 1356201984 positions
Running Loss: 0.0022595463329758464
At 1366212608 positions
Running Loss: 0.002255824896005484
At 1376223232 positions
Running Loss: 0.002258007147893578
At 1386233856 positions
Running Loss: 0.0022715148676046566
At 1396244480 positions
Running Loss: 0.0022528432980301726
At 1406255104 positions
Running Loss: 0.002260001513454606
At 1416265728 positions
Running Loss: 0.002260284025813476
At 1426276352 positions
Running Loss: 0.0022624313538671514
At 1436286976 positions
Running Loss: 0.002250357462419426
At 1446297600 positions
Running Loss: 0.0022564679628113093
At 1456308224 positions
Running Loss: 0.002266115135530013
At 1466318848 positions
Running Loss: 0.0022631331473442614
At 1476329472 positions
Running Loss: 0.0022639791235791094
At 1486340096 positions
Running Loss: 0.0022607339384512893
At 1496350720 positions
Running Loss: 0.002271677195147875
At 1506361344 positions
Running Loss: 0.0022576030849825145
At 1516371968 positions
Running Loss: 0.002257306134837349
At 1526382592 positions
Running Loss: 0.0022639006912805837
At 1536393216 positions
Running Loss: 0.002265132585641015
At 1546403840 positions
Running Loss: 0.0022634170254396727
At 1556414464 positions
Running Loss: 0.002254992967346491
At 1566425088 positions
Running Loss: 0.002267528867955684
At 1576435712 positions
Running Loss: 0.0022614866543908753
At 1586446336 positions
Running Loss: 0.0022677454347501216
At 1596456960 positions
Running Loss: 0.0022509189752432015
At 1606467584 positions
Running Loss: 0.0022538121905537555
At 1616478208 positions
Running Loss: 0.002249488268663372
At 1626488832 positions
Running Loss: 0.0022512315338059845
At 1636499456 positions
Running Loss: 0.0022632063118018415
At 1646510080 positions
Running Loss: 0.0022609188982000523
At 1656520704 positions
Running Loss: 0.002261867499780733
At 1666531328 positions
Running Loss: 0.00225781750561953
At 1676541952 positions
Running Loss: 0.0022525430310962632
At 1686552576 positions
Running Loss: 0.0022623025844218103
At 1696563200 positions
Running Loss: 0.0022585185186757588
At 1706573824 positions
Running Loss: 0.002257629619292464
At 1716584448 positions
Running Loss: 0.0022587860079326724
At 1726595072 positions
Running Loss: 0.0022655942045920413
At 1736605696 positions
Running Loss: 0.002257594305247605
At 1746616320 positions
Running Loss: 0.0022598690370100806
At 1756626944 positions
Running Loss: 0.0022591131993869714
At 1766637568 positions
Running Loss: 0.002262310583735839
At 1776648192 positions
Running Loss: 0.0022571654639735746
At 1786658816 positions
Running Loss: 0.0022547408914019747
At 1796669440 positions
Running Loss: 0.002259532870715652
At 1806680064 positions
Running Loss: 0.0022585614418242058
At 1816690688 positions
Running Loss: 0.002253067083717758
At 1826701312 positions
Running Loss: 0.0022619299334512015
At 1836711936 positions
Running Loss: 0.0022660827480634575
At 1846722560 positions
Running Loss: 0.0022650730785488495
At 1856733184 positions
Running Loss: 0.0022564398676595985
At 1866743808 positions
Running Loss: 0.0022597367556707756
At 1876754432 positions
Running Loss: 0.0022738116462570164
At 1886765056 positions
Running Loss: 0.0022581450872842693
At 1896775680 positions
Running Loss: 0.0022488760284823405
At 1906786304 positions
Running Loss: 0.002249147224738438
At 1916796928 positions
Running Loss: 0.0022492508256103717
At 1926807552 positions
Running Loss: 0.0022557845092248995
At 1936818176 positions
Running Loss: 0.0022529433870081424
At 1946828800 positions
Running Loss: 0.002266206249667853
At 1956839424 positions
Running Loss: 0.0022632176279046142
At 1966850048 positions
Running Loss: 0.002261574841950412
At 1976860672 positions
Running Loss: 0.002261721561076013
At 1986871296 positions
Running Loss: 0.00225333301213291
At 1996881920 positions
Running Loss: 0.002258948920791551
At 2006892544 positions
Running Loss: 0.0022717731869162203
At 2016903168 positions
Running Loss: 0.0022521510647088533
At 2026913792 positions
Running Loss: 0.002260148622790647
At 2036924416 positions
Running Loss: 0.00225233036640623
At 2046935040 positions
Running Loss: 0.002258403016385392
At 2056945664 positions
Running Loss: 0.0022666497238333994
At 2066956288 positions
Running Loss: 0.0022607807637041407
At 2076966912 positions
Running Loss: 0.0022497138102979394
At 2086977536 positions
Running Loss: 0.002256896218769679
At 2096988160 positions
Running Loss: 0.0022556688118293127
At 2106998784 positions
Running Loss: 0.002258252785365827
At 2117009408 positions
Running Loss: 0.0022528885624412626
At 2127020032 positions
Running Loss: 0.0022491167883240846
At 2137030656 positions
Running Loss: 0.0022483878752213647
At 2147041280 positions
Running Loss: 0.002253330475765047
At 2157051904 positions
Running Loss: 0.002254220935990104
At 2167062528 positions
Running Loss: 0.0022434417627837187
At 2177073152 positions
Running Loss: 0.0022584594017940342
At 2187083776 positions
Running Loss: 0.0022494734406666357
At 2197094400 positions
Running Loss: 0.0022561081887852346
At 2207105024 positions
Running Loss: 0.0022600690198608
At 2217115648 positions
Running Loss: 0.0022546006107486407
At 2227126272 positions
Running Loss: 0.002255924204562573
At 2237136896 positions
Running Loss: 0.0022575747947255836
At 2247147520 positions
Running Loss: 0.002247049063200256
At 2257158144 positions
Running Loss: 0.0022562410554402
At 2267168768 positions
Running Loss: 0.0022524004091802868
At 2277179392 positions
Running Loss: 0.0022534810969950525
At 2287190016 positions
Running Loss: 0.0022584342332206265
At 2297200640 positions
Running Loss: 0.0022526515095987023
At 2307211264 positions
Running Loss: 0.0022605105429741442
At 2317221888 positions
Running Loss: 0.002247296066409047
At 2327232512 positions
Running Loss: 0.0022618854494609927
At 2337243136 positions
Running Loss: 0.002255209924351369
At 2347253760 positions
Running Loss: 0.002252525276521224
At 2357264384 positions
Running Loss: 0.00226078934833383
At 2367275008 positions
Running Loss: 0.002263559257145209
At 2377285632 positions
Running Loss: 0.0022575941101423847
At 2387296256 positions
Running Loss: 0.0022477040314245146
At 2397306880 positions
Running Loss: 0.0022572138500681874
At 2407317504 positions
Running Loss: 0.0022498478475842265
At 2417328128 positions
Running Loss: 0.0022505826138435525
At 2427338752 positions
Running Loss: 0.0022506594853003168
At 2437349376 positions
Running Loss: 0.0022470102372614334
At 2447360000 positions
Running Loss: 0.00225239436091846
At 2457370624 positions
Running Loss: 0.0022630584220449195
At 2467381248 positions
Running Loss: 0.0022481153132287257
At 2477391872 positions
Running Loss: 0.0022486143923820335
At 2487402496 positions
Running Loss: 0.0022544983756132486
At 2497413120 positions
Running Loss: 0.0022569272404996932
At 2507423744 positions
Running Loss: 0.002255423369462283
At 2517434368 positions
Running Loss: 0.002260439914884427
At 2527444992 positions
Running Loss: 0.002259833918070442
At 2537455616 positions
Running Loss: 0.0022606445802604313
At 2547466240 positions
Running Loss: 0.002247081060456371
At 2557476864 positions
Running Loss: 0.0022548236160153455
At 2567487488 positions
Running Loss: 0.0022640054627838385
At 2577498112 positions
Running Loss: 0.002251632084823084
At 2587508736 positions
Running Loss: 0.002252452502274084
At 2597519360 positions
Running Loss: 0.0022473821078111615
At 2607529984 positions
Running Loss: 0.002246228450644036
At 2617540608 positions
Running Loss: 0.002253245800099474
At 2627551232 positions
Running Loss: 0.0022521420898687235
At 2637561856 positions
Running Loss: 0.002251459806913635
At 2647572480 positions
Running Loss: 0.002255683639826049
At 2657583104 positions
Running Loss: 0.0022652170662013677
At 2667593728 positions
Running Loss: 0.0022646625771655196
At 2677604352 positions
Running Loss: 0.0022557716322803654
At 2687614976 positions
Running Loss: 0.002247730760839684
At 2697625600 positions
Running Loss: 0.0022519370342822787
At 2707636224 positions
Running Loss: 0.002254951800145026
At 2717646848 positions
Running Loss: 0.002249191903833867
At 2727657472 positions
Running Loss: 0.002246338294883016
At 2737668096 positions
Running Loss: 0.002250958386497685
At 2747678720 positions
Running Loss: 0.0022484442606300068
At 2757689344 positions
Running Loss: 0.002253468805366179
At 2767699968 positions
Running Loss: 0.0022586106083397
At 2777710592 positions
Running Loss: 0.0022449877765486946
At 2787721216 positions
Running Loss: 0.0022463357585151534
At 2797731840 positions
Running Loss: 0.0022563150003186614
At 2807742464 positions
Running Loss: 0.0022525642975652666
At 2817753088 positions
Running Loss: 0.0022411083043499588
At 2827763712 positions
Running Loss: 0.0022458526779899034
At 2837774336 positions
Running Loss: 0.002247231096370716
At 2847784960 positions
Running Loss: 0.002246910538493904
At 2857795584 positions
Running Loss: 0.0022481406769073536
At 2867806208 positions
Running Loss: 0.0022382545002938878
At 2877816832 positions
Running Loss: 0.0022476942761635037
At 2887827456 positions
Running Loss: 0.002241991545681868
At 2897838080 positions
Running Loss: 0.002243480198512101
At 2907848704 positions
Running Loss: 0.002254165331002343
At 2917859328 positions
Running Loss: 0.0022640247782006397
At 2927869952 positions
Running Loss: 0.0022522326186909026
At 2937880576 positions
Running Loss: 0.0022491267386903152
At 2947891200 positions
Running Loss: 0.0022513511333059756
At 2957901824 positions
Running Loss: 0.0022479920067295504
At 2967912448 positions
Running Loss: 0.002246871127239421
At 2977923072 positions
Running Loss: 0.0022439695224043977
At 2987933696 positions
Running Loss: 0.0022431317405887984
At 2997944320 positions
Running Loss: 0.0022564509886571506
At 3007954944 positions
Running Loss: 0.0022469673141129864
At 3017965568 positions
Running Loss: 0.0022523317321427715
At 3027976192 positions
Running Loss: 0.0022422576692022397
At 3037986816 positions
Running Loss: 0.0022466982640143114
At 3047997440 positions
Running Loss: 0.0022574023217109144
At 3058008064 positions
Running Loss: 0.002242088512976314
At 3068018688 positions
Running Loss: 0.002244175358411723
At 3078029312 positions
Running Loss: 0.0022545293973432624
At 3088039936 positions
Running Loss: 0.002248390021378787
At 3098050560 positions
Running Loss: 0.0022506762643492552
At 3108061184 positions
Running Loss: 0.0022466916304368237
At 3118071808 positions
Running Loss: 0.0022395564374283763
At 3128082432 positions
Running Loss: 0.0022492982361788836
At 3138093056 positions
Running Loss: 0.002251278359058836
At 3148103680 positions
Running Loss: 0.0022507119686045545
At 3158114304 positions
Running Loss: 0.0022426648537968263
At 3168124928 positions
Running Loss: 0.002245241608440193
At 3178135552 positions
Running Loss: 0.002253991882461573
At 3188146176 positions
Running Loss: 0.0022465369119971943
At 3198156800 positions
Running Loss: 0.0022547537683465088
At 3208167424 positions
Running Loss: 0.002238268352764523
At 3218178048 positions
Running Loss: 0.0022505597865327878
At 3228188672 positions
Running Loss: 0.0022461158749319723
At 3238199296 positions
Running Loss: 0.0022470599890925883
At 3248209920 positions
Running Loss: 0.002246695337436008
At 3258220544 positions
Running Loss: 0.002242882396117365
At 3268231168 positions
Running Loss: 0.002250293858117636
At 3278241792 positions
Running Loss: 0.0022468672251350166
At 3288252416 positions
Running Loss: 0.002241878189548923
At 3298263040 positions
Running Loss: 0.0022419238441704534
At 3308273664 positions
Running Loss: 0.0022339772085511354
epoch 10
epoch train loss: 0.0022582255467067645
epoch pos/s: 1242590.8824619784
At 8634368 positions
Running Loss: 0.0022595051657743814
At 18644992 positions
Running Loss: 0.0022654623134631766
At 28655616 positions
Running Loss: 0.002261714342182865
At 38666240 positions
Running Loss: 0.002257124101666889
At 48676864 positions
Running Loss: 0.0022669778908137993
At 58687488 positions
Running Loss: 0.002259254065355966
At 68698112 positions
Running Loss: 0.0022648260753400586
At 78708736 positions
Running Loss: 0.0022574961673218373
At 88719360 positions
Running Loss: 0.0022605969745866992
At 98729984 positions
Running Loss: 0.0022647622759330486
At 108740608 positions
Running Loss: 0.0022622060073378045
At 118751232 positions
Running Loss: 0.0022549572630911918
At 128761856 positions
Running Loss: 0.0022640948209746966
At 138772480 positions
Running Loss: 0.0022656039598530522
At 148783104 positions
Running Loss: 0.002265267598453403
At 158793728 positions
Running Loss: 0.002263200848855676
At 168804352 positions
Running Loss: 0.0022637389490530262
At 178814976 positions
Running Loss: 0.0022692881317263537
At 188825600 positions
Running Loss: 0.0022659531981972353
At 198836224 positions
Running Loss: 0.0022632724524714945
At 208846848 positions
Running Loss: 0.0022520008336892887
At 218857472 positions
Running Loss: 0.002263773677782224
At 228868096 positions
Running Loss: 0.002258239713316073
At 238878720 positions
Running Loss: 0.0022643420192887077
At 248889344 positions
Running Loss: 0.002276533754289443
At 258899968 positions
Running Loss: 0.002254191475101852
At 268910592 positions
Running Loss: 0.0022704218881610177
At 278921216 positions
Running Loss: 0.002259902595107957
At 288931840 positions
Running Loss: 0.002267441655922248
At 298942464 positions
Running Loss: 0.0022551609529410954
At 308953088 positions
Running Loss: 0.002260449279934997
At 318963712 positions
Running Loss: 0.0022650081085105185
At 328974336 positions
Running Loss: 0.0022607723741796715
At 338984960 positions
Running Loss: 0.002261839599734242
At 348995584 positions
Running Loss: 0.0022601765228371378
At 359006208 positions
Running Loss: 0.002271465115773502
At 369016832 positions
Running Loss: 0.0022633140098834
At 379027456 positions
Running Loss: 0.0022658031622828905
At 389038080 positions
Running Loss: 0.0022667855170666685
At 399048704 positions
Running Loss: 0.0022717318246095347
At 409059328 positions
Running Loss: 0.0022577628761578697
At 419069952 positions
Running Loss: 0.002264487957993428
At 429080576 positions
Running Loss: 0.002254656801052062
At 439091200 positions
Running Loss: 0.002262893948344279
At 449101824 positions
Running Loss: 0.0022679805365404793
At 459112448 positions
Running Loss: 0.002264436255110071
At 469123072 positions
Running Loss: 0.0022565317622183193
At 479133696 positions
Running Loss: 0.0022532941861940874
At 489144320 positions
Running Loss: 0.0022605400038623966
At 499154944 positions
Running Loss: 0.0022528864162838402
At 509165568 positions
Running Loss: 0.0022488980753722246
At 519176192 positions
Running Loss: 0.0022557542679157664
At 529186816 positions
Running Loss: 0.00225329672256195
At 539197440 positions
Running Loss: 0.00225393452152683
At 549208064 positions
Running Loss: 0.002268678427913185
At 559218688 positions
Running Loss: 0.002264359578758527
At 569229312 positions
Running Loss: 0.0022554910709736975
At 579239936 positions
Running Loss: 0.0022621406470890327
At 589250560 positions
Running Loss: 0.002267293766165326
At 599261184 positions
Running Loss: 0.0022551660256768208
At 609271808 positions
Running Loss: 0.0022576387892378137
At 619282432 positions
Running Loss: 0.002277567421746137
At 629293056 positions
Running Loss: 0.002261661273562967
At 639303680 positions
Running Loss: 0.002262394283875311
At 649314304 positions
Running Loss: 0.0022579478359066327
At 659324928 positions
Running Loss: 0.00225348812078298
At 669335552 positions
Running Loss: 0.002262177521975653
At 679346176 positions
Running Loss: 0.002262534954739085
At 689356800 positions
Running Loss: 0.0022576028898772943
At 699367424 positions
Running Loss: 0.002255159001888893
At 709378048 positions
Running Loss: 0.002255424930304045
At 719388672 positions
Running Loss: 0.002254395750267416
At 729399296 positions
Running Loss: 0.0022627583502162303
At 739409920 positions
Running Loss: 0.0022651846787348122
At 749420544 positions
Running Loss: 0.0022626289954552283
At 759431168 positions
Running Loss: 0.002261784580062142
At 769441792 positions
Running Loss: 0.0022619301285564217
At 779452416 positions
Running Loss: 0.0022677536291693706
At 789463040 positions
Running Loss: 0.002258568855822574
At 799473664 positions
Running Loss: 0.002252597270347483
At 809484288 positions
Running Loss: 0.0022604531820394013
At 819494912 positions
Running Loss: 0.0022513199164707416
At 829505536 positions
Running Loss: 0.0022481734545843498
At 839516160 positions
Running Loss: 0.002254877074845684
At 849526784 positions
Running Loss: 0.0022643254353449894
At 859537408 positions
Running Loss: 0.0022635910592961037
At 869548032 positions
Running Loss: 0.002253749756883287
At 879558656 positions
Running Loss: 0.0022575308960510352
At 889569280 positions
Running Loss: 0.0022652898404485074
At 899579904 positions
Running Loss: 0.0022614093927236702
At 909590528 positions
Running Loss: 0.0022619375425547896
At 919601152 positions
Running Loss: 0.0022589093144318477
At 929611776 positions
Running Loss: 0.0022610213284406646
At 939622400 positions
Running Loss: 0.002254701285042271
At 949633024 positions
Running Loss: 0.0022628972651330226
At 959643648 positions
Running Loss: 0.002265719462143419
At 969654272 positions
Running Loss: 0.0022508680527807256
At 979664896 positions
Running Loss: 0.002261557477585813
At 989675520 positions
Running Loss: 0.002246053441261504
At 999686144 positions
Running Loss: 0.002269092246085259
At 1009696768 positions
Running Loss: 0.0022515167776379374
At 1019707392 positions
Running Loss: 0.0022543641432217413
At 1029718016 positions
Running Loss: 0.002259706709466862
At 1039728640 positions
Running Loss: 0.002258635581807887
At 1049739264 positions
Running Loss: 0.0022666512846751612
At 1059749888 positions
Running Loss: 0.0022538073129232503
At 1069760512 positions
Running Loss: 0.0022560451697991053
At 1079771136 positions
Running Loss: 0.0022597855319758287
At 1089781760 positions
Running Loss: 0.0022616628344047283
At 1099792384 positions
Running Loss: 0.0022559922962844276
At 1109803008 positions
Running Loss: 0.0022493042844407103
At 1119813632 positions
Running Loss: 0.0022557536826001054
At 1129824256 positions
Running Loss: 0.0022560248788562032
At 1139834880 positions
Running Loss: 0.0022482409609905435
At 1149845504 positions
Running Loss: 0.0022541202616964736
At 1159856128 positions
Running Loss: 0.0022544519405708376
At 1169866752 positions
Running Loss: 0.002267820940470344
At 1179877376 positions
Running Loss: 0.0022595654532874274
At 1189888000 positions
Running Loss: 0.0022518232879388937
At 1199898624 positions
Running Loss: 0.002256700333128584
At 1209909248 positions
Running Loss: 0.002257299891470302
At 1219919872 positions
Running Loss: 0.0022471393969172152
At 1229930496 positions
Running Loss: 0.002262047972109431
At 1239941120 positions
Running Loss: 0.0022606194116870236
At 1249951744 positions
Running Loss: 0.002248379095486455
At 1259962368 positions
Running Loss: 0.0022540051496165473
At 1269972992 positions
Running Loss: 0.002258402821280172
At 1279983616 positions
Running Loss: 0.002265502700243761
At 1289994240 positions
Running Loss: 0.0022664893473423836
At 1300004864 positions
Running Loss: 0.002261098199897429
At 1310015488 positions
Running Loss: 0.0022579269596480697
At 1320026112 positions
Running Loss: 0.0022546954318856645
At 1330036736 positions
Running Loss: 0.002254576417701334
At 1340047360 positions
Running Loss: 0.0022567407199091684
At 1350057984 positions
Running Loss: 0.0022602178851438234
At 1360068608 positions
Running Loss: 0.0022542203506744434
At 1370079232 positions
Running Loss: 0.0022495477757555372
At 1380089856 positions
Running Loss: 0.002260950310140507
At 1390100480 positions
Running Loss: 0.0022573352055151605
At 1400111104 positions
Running Loss: 0.002257012891691367
At 1410121728 positions
Running Loss: 0.0022559005968309266
At 1420132352 positions
Running Loss: 0.00225498282187504
At 1430142976 positions
Running Loss: 0.0022595453574497455
At 1440153600 positions
Running Loss: 0.0022414345202781565
At 1450164224 positions
Running Loss: 0.0022553999568358575
At 1460174848 positions
Running Loss: 0.0022659167135210554
At 1470185472 positions
Running Loss: 0.002256767449324338
At 1480196096 positions
Running Loss: 0.0022561918889247063
At 1490206720 positions
Running Loss: 0.002264898654481978
At 1500217344 positions
Running Loss: 0.0022623037550531314
At 1510227968 positions
Running Loss: 0.002254993162451711
At 1520238592 positions
Running Loss: 0.002257256383006194
At 1530249216 positions
Running Loss: 0.002258454914373969
At 1540259840 positions
Running Loss: 0.0022602832453925948
At 1550270464 positions
Running Loss: 0.002260113113640568
At 1560281088 positions
Running Loss: 0.0022539961747764176
At 1570291712 positions
Running Loss: 0.0022619826118606594
At 1580302336 positions
Running Loss: 0.002258849222024022
At 1590312960 positions
Running Loss: 0.0022625117372178797
At 1600323584 positions
Running Loss: 0.0022441156562143377
At 1610334208 positions
Running Loss: 0.002255647350255089
At 1620344832 positions
Running Loss: 0.0022417078626916762
At 1630355456 positions
Running Loss: 0.0022532842358278563
At 1640366080 positions
Running Loss: 0.0022560681922150906
At 1650376704 positions
Running Loss: 0.0022532268748931134
At 1660387328 positions
Running Loss: 0.0022626871368108523
At 1670397952 positions
Running Loss: 0.002249931352618478
At 1680408576 positions
Running Loss: 0.0022585682705069136
At 1690419200 positions
Running Loss: 0.0022521961340147226
At 1700429824 positions
Running Loss: 0.002256810177367565
At 1710440448 positions
Running Loss: 0.0022506510957758475
At 1720451072 positions
Running Loss: 0.002258557734825022
At 1730461696 positions
Running Loss: 0.002262536515580847
At 1740472320 positions
Running Loss: 0.0022515087783239085
At 1750482944 positions
Running Loss: 0.002254617389797579
At 1760493568 positions
Running Loss: 0.00226222025001888
At 1770504192 positions
Running Loss: 0.0022503081007987113
At 1780514816 positions
Running Loss: 0.002255610865578909
At 1790525440 positions
Running Loss: 0.002253859601122268
At 1800536064 positions
Running Loss: 0.0022568731963536937
At 1810546688 positions
Running Loss: 0.0022535704551859105
At 1820557312 positions
Running Loss: 0.00224866590016017
At 1830567936 positions
Running Loss: 0.0022568845124564664
At 1840578560 positions
Running Loss: 0.0022684928828487615
At 1850589184 positions
Running Loss: 0.0022603212909105366
At 1860599808 positions
Running Loss: 0.0022535694796598092
At 1870610432 positions
Running Loss: 0.0022634874584241704
At 1880621056 positions
Running Loss: 0.002258202253113792
At 1890631680 positions
Running Loss: 0.0022499930058680656
At 1900642304 positions
Running Loss: 0.002250001590497755
At 1910652928 positions
Running Loss: 0.0022426457334852453
At 1920663552 positions
Running Loss: 0.002247427372222251
At 1930674176 positions
Running Loss: 0.002247179393487359
At 1940684800 positions
Running Loss: 0.0022633803456582726
At 1950695424 positions
Running Loss: 0.0022585196893070802
At 1960706048 positions
Running Loss: 0.002261804675899824
At 1970716672 positions
Running Loss: 0.002258131820129295
At 1980727296 positions
Running Loss: 0.002252279248838534
At 1990737920 positions
Running Loss: 0.0022537509275146086
At 2000748544 positions
Running Loss: 0.002255897084936963
At 2010759168 positions
Running Loss: 0.0022703678440150186
At 2020769792 positions
Running Loss: 0.0022463074682582225
At 2030780416 positions
Running Loss: 0.002255483266764889
At 2040791040 positions
Running Loss: 0.0022566010245714955
At 2050801664 positions
Running Loss: 0.002250933998345158
At 2060812288 positions
Running Loss: 0.002260020633766187
At 2070822912 positions
Running Loss: 0.002255858649208581
At 2080833536 positions
Running Loss: 0.002243207636519462
At 2090844160 positions
Running Loss: 0.0022555650158521587
At 2100854784 positions
Running Loss: 0.0022580211954694334
At 2110865408 positions
Running Loss: 0.002250484866128225
At 2120876032 positions
Running Loss: 0.002253316428189192
At 2130886656 positions
Running Loss: 0.0022438571417975543
At 2140897280 positions
Running Loss: 0.002248640536481542
At 2150907904 positions
Running Loss: 0.0022487074575720752
At 2160918528 positions
Running Loss: 0.0022455533865820953
At 2170929152 positions
Running Loss: 0.002243799390652371
At 2180939776 positions
Running Loss: 0.0022565610280013515
At 2190950400 positions
Running Loss: 0.002242584665551318
At 2200961024 positions
Running Loss: 0.0022568253955747414
At 2210971648 positions
Running Loss: 0.0022544693049354365
At 2220982272 positions
Running Loss: 0.0022525816619298655
At 2230992896 positions
Running Loss: 0.0022531154698123713
At 2241003520 positions
Running Loss: 0.0022440787813277174
At 2251014144 positions
Running Loss: 0.0022555375060161085
At 2261024768 positions
Running Loss: 0.002251050671266846
At 2271035392 positions
Running Loss: 0.0022471559808609335
At 2281046016 positions
Running Loss: 0.0022494988043452635
At 2291056640 positions
Running Loss: 0.0022567853990045975
At 2301067264 positions
Running Loss: 0.0022548134705438943
At 2311077888 positions
Running Loss: 0.0022446683893032043
At 2321088512 positions
Running Loss: 0.002249646108786525
At 2331099136 positions
Running Loss: 0.0022572731620551325
At 2341109760 positions
Running Loss: 0.0022540119782992547
At 2351120384 positions
Running Loss: 0.0022568380774140554
At 2361131008 positions
Running Loss: 0.002256518495063345
At 2371141632 positions
Running Loss: 0.0022528926596508867
At 2381152256 positions
Running Loss: 0.0022532296063661967
At 2391162880 positions
Running Loss: 0.0022496872759879905
At 2401173504 positions
Running Loss: 0.002252407237862994
At 2411184128 positions
Running Loss: 0.0022429346843163825
At 2421194752 positions
Running Loss: 0.0022521075562447457
At 2431205376 positions
Running Loss: 0.002242224306209583
At 2441216000 positions
Running Loss: 0.0022451136194157327
At 2451226624 positions
Running Loss: 0.0022612078490311894
At 2461237248 positions
Running Loss: 0.002252402360232489
At 2471247872 positions
Running Loss: 0.0022389541476135755
At 2481258496 positions
Running Loss: 0.0022497746831266464
At 2491269120 positions
Running Loss: 0.002252372314028576
At 2501279744 positions
Running Loss: 0.0022574827050616426
At 2511290368 positions
Running Loss: 0.002254127285484401
At 2521300992 positions
Running Loss: 0.0022491058624317527
At 2531311616 positions
Running Loss: 0.0022624604245449634
At 2541322240 positions
Running Loss: 0.0022520492197839015
At 2551332864 positions
Running Loss: 0.002246985458898466
At 2561343488 positions
Running Loss: 0.0022551357843676877
At 2571354112 positions
Running Loss: 0.0022568919264548343
At 2581364736 positions
Running Loss: 0.002250006858338701
At 2591375360 positions
Running Loss: 0.002244195844459846
At 2601385984 positions
Running Loss: 0.002244166773782034
At 2611396608 positions
Running Loss: 0.002244430165829323
At 2621407232 positions
Running Loss: 0.0022521694045995536
At 2631417856 positions
Running Loss: 0.0022532413126794093
At 2641428480 positions
Running Loss: 0.002247532729041167
At 2651439104 positions
Running Loss: 0.0022520827778817784
At 2661449728 positions
Running Loss: 0.002269659221855201
At 2671460352 positions
Running Loss: 0.0022483402695476326
At 2681470976 positions
Running Loss: 0.002254143284112459
At 2691481600 positions
Running Loss: 0.0022454640283912372
At 2701492224 positions
Running Loss: 0.0022487931087637495
At 2711502848 positions
Running Loss: 0.0022598007501830057
At 2721513472 positions
Running Loss: 0.0022401144383581884
At 2731524096 positions
Running Loss: 0.0022436403798978964
At 2741534720 positions
Running Loss: 0.00224780021829808
At 2751545344 positions
Running Loss: 0.0022443351495870785
At 2761555968 positions
Running Loss: 0.002257060107154659
At 2771566592 positions
Running Loss: 0.0022491626380508347
At 2781577216 positions
Running Loss: 0.002240696632335307
At 2791587840 positions
Running Loss: 0.0022478567988119423
At 2801598464 positions
Running Loss: 0.0022520051260041334
At 2811609088 positions
Running Loss: 0.002252778913307502
At 2821619712 positions
Running Loss: 0.002237907213001907
At 2831630336 positions
Running Loss: 0.002242503306674489
At 2841640960 positions
Running Loss: 0.0022425548144526255
At 2851651584 positions
Running Loss: 0.002243850313114847
At 2861662208 positions
Running Loss: 0.0022463878516089508
At 2871672832 positions
Running Loss: 0.0022354547403838163
At 2881683456 positions
Running Loss: 0.0022392380257089868
At 2891694080 positions
Running Loss: 0.0022398688008859386
At 2901704704 positions
Running Loss: 0.002249373546793886
At 2911715328 positions
Running Loss: 0.002258806689086015
At 2921725952 positions
Running Loss: 0.0022535304586157666
At 2931736576 positions
Running Loss: 0.00224563084335452
At 2941747200 positions
Running Loss: 0.002245716494546194
At 2951757824 positions
Running Loss: 0.0022456283069866574
At 2961768448 positions
Running Loss: 0.002249164784208257
At 2971779072 positions
Running Loss: 0.002244063953330981
At 2981789696 positions
Running Loss: 0.002239064186957776
At 2991800320 positions
Running Loss: 0.0022475664822442635
At 3001810944 positions
Running Loss: 0.0022511823672904906
At 3011821568 positions
Running Loss: 0.002248140091591693
At 3021832192 positions
Running Loss: 0.0022454175933488262
At 3031842816 positions
Running Loss: 0.0022431200342755858
At 3041853440 positions
Running Loss: 0.0022459073074515635
At 3051864064 positions
Running Loss: 0.002243814999069988
At 3061874688 positions
Running Loss: 0.002244893150516891
At 3071885312 positions
Running Loss: 0.0022409270516003795
At 3081895936 positions
Running Loss: 0.0022498704797897714
At 3091906560 positions
Running Loss: 0.0022499861771853582
At 3101917184 positions
Running Loss: 0.0022500138821266286
At 3111927808 positions
Running Loss: 0.002236266963415567
At 3121938432 positions
Running Loss: 0.0022424381415309374
At 3131949056 positions
Running Loss: 0.0022429904844093636
At 3141959680 positions
Running Loss: 0.002247589504660249
At 3151970304 positions
Running Loss: 0.0022522513487920432
At 3161980928 positions
Running Loss: 0.0022391420339406415
At 3171991552 positions
Running Loss: 0.002247483172315232
At 3182002176 positions
Running Loss: 0.0022477342727336477
At 3192012800 positions
Running Loss: 0.002247282409043632
At 3202023424 positions
Running Loss: 0.0022415129525766827
At 3212034048 positions
Running Loss: 0.0022473516713968082
At 3222044672 positions
Running Loss: 0.002244835789582148
At 3232055296 positions
Running Loss: 0.002245405887035613
At 3242065920 positions
Running Loss: 0.0022404783095938876
At 3252076544 positions
Running Loss: 0.0022444697721890265
At 3262087168 positions
Running Loss: 0.0022443690978953957
At 3272097792 positions
Running Loss: 0.002244599907370909
At 3282108416 positions
Running Loss: 0.0022442574977094335
At 3292119040 positions
Running Loss: 0.0022373540897026
At 3302129664 positions
Running Loss: 0.002237795222605504
epoch 11
epoch train loss: 0.002254704479439324
epoch pos/s: 1245968.4065169485
At 2490368 positions
Running Loss: 0.002238526086760426
At 12500992 positions
Running Loss: 0.002257710783064073
At 22511616 positions
Running Loss: 0.0022607885679129494
At 32522240 positions
Running Loss: 0.0022624018929788994
At 42532864 positions
Running Loss: 0.0022549203882045715
At 52543488 positions
Running Loss: 0.002259061886714055
At 62554112 positions
Running Loss: 0.002256540932163669
At 72564736 positions
Running Loss: 0.0022600274624488942
At 82575360 positions
Running Loss: 0.0022521795500710044
At 92585984 positions
Running Loss: 0.002258992819466099
At 102596608 positions
Running Loss: 0.002261237505024662
At 112607232 positions
Running Loss: 0.0022532424833107308
At 122617856 positions
Running Loss: 0.002253937252999913
At 132628480 positions
Running Loss: 0.0022637010986403046
At 142639104 positions
Running Loss: 0.002264707646471389
At 152649728 positions
Running Loss: 0.002262105528149394
At 162660352 positions
Running Loss: 0.0022531476621737065
At 172670976 positions
Running Loss: 0.002262844001407904
At 182681600 positions
Running Loss: 0.0022644583019999554
At 192692224 positions
Running Loss: 0.0022633625910832332
At 202702848 positions
Running Loss: 0.002252222668324672
At 212713472 positions
Running Loss: 0.002252573077300176
At 222724096 positions
Running Loss: 0.0022595964750174416
At 232734720 positions
Running Loss: 0.002258736256101518
At 242745344 positions
Running Loss: 0.0022615596237432352
At 252755968 positions
Running Loss: 0.002268718424483329
At 262766592 positions
Running Loss: 0.0022534153465358403
At 272777216 positions
Running Loss: 0.002260599510954562
At 282787840 positions
Running Loss: 0.002262708988595516
At 292798464 positions
Running Loss: 0.00226102640117639
At 302809088 positions
Running Loss: 0.002249935840038543
At 312819712 positions
Running Loss: 0.002259377176749921
At 322830336 positions
Running Loss: 0.0022555453102249172
At 332840960 positions
Running Loss: 0.002261213116872135
At 342851584 positions
Running Loss: 0.0022534920228873844
At 352862208 positions
Running Loss: 0.002264059702035058
At 362872832 positions
Running Loss: 0.002262471155332075
At 372883456 positions
Running Loss: 0.0022655296247641506
At 382894080 positions
Running Loss: 0.0022614084171975694
At 392904704 positions
Running Loss: 0.0022625343694234246
At 402915328 positions
Running Loss: 0.0022656043500634926
At 412925952 positions
Running Loss: 0.0022484563571536598
At 422936576 positions
Running Loss: 0.002262706842438094
At 432947200 positions
Running Loss: 0.0022591871442654322
At 442957824 positions
Running Loss: 0.0022569689930168188
At 452968448 positions
Running Loss: 0.002263184850227618
At 462979072 positions
Running Loss: 0.0022549795050862964
At 472989696 positions
Running Loss: 0.0022522780782072128
At 483000320 positions
Running Loss: 0.0022529022198066774
At 493010944 positions
Running Loss: 0.0022569684077011582
At 503021568 positions
Running Loss: 0.002242307421033394
At 513032192 positions
Running Loss: 0.002245807608684034
At 523042816 positions
Running Loss: 0.0022547656697649416
At 533053440 positions
Running Loss: 0.0022488541766976762
At 543064064 positions
Running Loss: 0.00225770824669621
At 553074688 positions
Running Loss: 0.0022647226695733454
At 563085312 positions
Running Loss: 0.002257732829953957
At 573095936 positions
Running Loss: 0.0022532161441060016
At 583106560 positions
Running Loss: 0.0022594505363127213
At 593117184 positions
Running Loss: 0.0022596321792727404
At 603127808 positions
Running Loss: 0.0022538008744509832
At 613138432 positions
Running Loss: 0.002260499226871372
At 623149056 positions
Running Loss: 0.0022658862771067017
At 633159680 positions
Running Loss: 0.002257816725198649
At 643170304 positions
Running Loss: 0.002253312916295228
At 653180928 positions
Running Loss: 0.0022599422014676607
At 663191552 positions
Running Loss: 0.002248871736167496
At 673202176 positions
Running Loss: 0.0022611561461478324
At 683212800 positions
Running Loss: 0.0022566314609858487
At 693223424 positions
Running Loss: 0.0022494978288191626
At 703234048 positions
Running Loss: 0.0022514338579193464
At 713244672 positions
Running Loss: 0.0022561690616139415
At 723255296 positions
Running Loss: 0.0022563341206302424
At 733265920 positions
Running Loss: 0.0022515130706387532
At 743276544 positions
Running Loss: 0.002266092503324468
At 753287168 positions
Running Loss: 0.002258540370460423
At 763297792 positions
Running Loss: 0.002260049704443999
At 773308416 positions
Running Loss: 0.002255719929397009
At 783319040 positions
Running Loss: 0.0022651540472152384
At 793329664 positions
Running Loss: 0.002251358547304344
At 803340288 positions
Running Loss: 0.0022567032597068876
At 813350912 positions
Running Loss: 0.002245568799894492
At 823361536 positions
Running Loss: 0.0022458224366807703
At 833372160 positions
Running Loss: 0.002249943254036911
At 843382784 positions
Running Loss: 0.002256397334721592
At 853393408 positions
Running Loss: 0.0022595032147221792
At 863404032 positions
Running Loss: 0.0022609746982930334
At 873414656 positions
Running Loss: 0.0022493156005434826
At 883425280 positions
Running Loss: 0.002253665471428155
At 893435904 positions
Running Loss: 0.002258360873657826
At 903446528 positions
Running Loss: 0.0022616318126747145
At 913457152 positions
Running Loss: 0.002257242530535559
At 923467776 positions
Running Loss: 0.0022529896269453333
At 933478400 positions
Running Loss: 0.002252465184113398
At 943489024 positions
Running Loss: 0.0022625929009894886
At 953499648 positions
Running Loss: 0.0022541382113767335
At 963510272 positions
Running Loss: 0.0022560207816465787
At 973520896 positions
Running Loss: 0.002258059240987375
At 983531520 positions
Running Loss: 0.0022491723933118456
At 993542144 positions
Running Loss: 0.002255553504644166
At 1003552768 positions
Running Loss: 0.0022543635579060804
At 1013563392 positions
Running Loss: 0.0022520537072039663
At 1023574016 positions
Running Loss: 0.002249045184708266
At 1033584640 positions
Running Loss: 0.002257932617699456
At 1043595264 positions
Running Loss: 0.0022541309924835854
At 1053605888 positions
Running Loss: 0.002255783533698798
At 1063616512 positions
Running Loss: 0.002259086469971802
At 1073627136 positions
Running Loss: 0.0022559776633929115
At 1083637760 positions
Running Loss: 0.002253794045768276
At 1093648384 positions
Running Loss: 0.0022548134705438943
At 1103659008 positions
Running Loss: 0.002250174453722865
At 1113669632 positions
Running Loss: 0.0022455106585388684
At 1123680256 positions
Running Loss: 0.0022566302903545272
At 1133690880 positions
Running Loss: 0.0022505898327367007
At 1143701504 positions
Running Loss: 0.002245882919299037
At 1153712128 positions
Running Loss: 0.0022500136870214084
At 1163722752 positions
Running Loss: 0.002253875599750325
At 1173733376 positions
Running Loss: 0.0022606547257318825
At 1183744000 positions
Running Loss: 0.002259304987818442
At 1193754624 positions
Running Loss: 0.002250578516633928
At 1203765248 positions
Running Loss: 0.0022496825934627054
At 1213775872 positions
Running Loss: 0.002251728076591429
At 1223786496 positions
Running Loss: 0.002248463771152028
At 1233797120 positions
Running Loss: 0.0022557690959125027
At 1243807744 positions
Running Loss: 0.0022498515545834106
At 1253818368 positions
Running Loss: 0.0022448648602599597
At 1263828992 positions
Running Loss: 0.0022590056964106333
At 1273839616 positions
Running Loss: 0.0022547118207241626
At 1283850240 positions
Running Loss: 0.0022651058562258458
At 1293860864 positions
Running Loss: 0.0022581405998642044
At 1303871488 positions
Running Loss: 0.002262709964121617
At 1313882112 positions
Running Loss: 0.002248595662280893
At 1323892736 positions
Running Loss: 0.0022547820586034397
At 1333903360 positions
Running Loss: 0.00224969586061768
At 1343913984 positions
Running Loss: 0.0022583651659726705
At 1353924608 positions
Running Loss: 0.0022499067693607312
At 1363935232 positions
Running Loss: 0.002252286662836902
At 1373945856 positions
Running Loss: 0.0022494205671519576
At 1383956480 positions
Running Loss: 0.002260902314256334
At 1393967104 positions
Running Loss: 0.002246872492975962
At 1403977728 positions
Running Loss: 0.0022563005625323655
At 1413988352 positions
Running Loss: 0.0022526044892406307
At 1423998976 positions
Running Loss: 0.0022515567742080814
At 1434009600 positions
Running Loss: 0.0022517364661158983
At 1444020224 positions
Running Loss: 0.002242321078398809
At 1454030848 positions
Running Loss: 0.0022550989094810674
At 1464041472 positions
Running Loss: 0.0022582547364180293
At 1474052096 positions
Running Loss: 0.0022606863327775573
At 1484062720 positions
Running Loss: 0.0022550146240259347
At 1494073344 positions
Running Loss: 0.002261195752507536
At 1504083968 positions
Running Loss: 0.0022525369828344365
At 1514094592 positions
Running Loss: 0.0022526649718588973
At 1524105216 positions
Running Loss: 0.002251135151827199
At 1534115840 positions
Running Loss: 0.0022565272747982544
At 1544126464 positions
Running Loss: 0.0022600140001886996
At 1554137088 positions
Running Loss: 0.0022517483675343316
At 1564147712 positions
Running Loss: 0.0022537501470937275
At 1574158336 positions
Running Loss: 0.0022573785188740483
At 1584168960 positions
Running Loss: 0.002258885901805422
At 1594179584 positions
Running Loss: 0.002248498499881226
At 1604190208 positions
Running Loss: 0.00224274094483271
At 1614200832 positions
Running Loss: 0.0022501334816266197
At 1624211456 positions
Running Loss: 0.00224145578674716
At 1634222080 positions
Running Loss: 0.0022541192861703727
At 1644232704 positions
Running Loss: 0.0022552101194565893
At 1654243328 positions
Running Loss: 0.002251203633759494
At 1664253952 positions
Running Loss: 0.00225463631500394
At 1674264576 positions
Running Loss: 0.002249203024831419
At 1684275200 positions
Running Loss: 0.002258031145835664
At 1694285824 positions
Running Loss: 0.002245404716404292
At 1704296448 positions
Running Loss: 0.0022528694421296816
At 1714307072 positions
Running Loss: 0.002250655192985472
At 1724317696 positions
Running Loss: 0.002260577073854237
At 1734328320 positions
Running Loss: 0.0022502400090768566
At 1744338944 positions
Running Loss: 0.0022490502574439913
At 1754349568 positions
Running Loss: 0.002253981932095342
At 1764360192 positions
Running Loss: 0.002255833480635173
At 1774370816 positions
Running Loss: 0.002249397934946413
At 1784381440 positions
Running Loss: 0.0022489138788950617
At 1794392064 positions
Running Loss: 0.002252999187101124
At 1804402688 positions
Running Loss: 0.0022560679971098704
At 1814413312 positions
Running Loss: 0.002241887749704714
At 1824423936 positions
Running Loss: 0.0022562369582305756
At 1834434560 positions
Running Loss: 0.002258654311909028
At 1844445184 positions
Running Loss: 0.0022585220305697228
At 1854455808 positions
Running Loss: 0.0022556003298970172
At 1864466432 positions
Running Loss: 0.002251235826120829
At 1874477056 positions
Running Loss: 0.002263976977421687
At 1884487680 positions
Running Loss: 0.0022505277892766727
At 1894498304 positions
Running Loss: 0.002249208292672365
At 1904508928 positions
Running Loss: 0.0022416458192316482
At 1914519552 positions
Running Loss: 0.002244980167445106
At 1924530176 positions
Running Loss: 0.002242770991036623
At 1934540800 positions
Running Loss: 0.0022449329519818144
At 1944551424 positions
Running Loss: 0.002262917360970705
At 1954562048 positions
Running Loss: 0.0022567407199091684
At 1964572672 positions
Running Loss: 0.002254356729223373
At 1974583296 positions
Running Loss: 0.0022518156788353056
At 1984593920 positions
Running Loss: 0.0022492761892889995
At 1994604544 positions
Running Loss: 0.0022526518998091426
At 2004615168 positions
Running Loss: 0.0022603887973167308
At 2014625792 positions
Running Loss: 0.002256868708933629
At 2024636416 positions
Running Loss: 0.002248231010624313
At 2034647040 positions
Running Loss: 0.0022490350392368147
At 2044657664 positions
Running Loss: 0.0022540299279795147
At 2054668288 positions
Running Loss: 0.0022557626574402356
At 2064678912 positions
Running Loss: 0.0022532832603017554
At 2074689536 positions
Running Loss: 0.0022490621588624245
At 2084700160 positions
Running Loss: 0.002246172260340614
At 2094710784 positions
Running Loss: 0.002246636220554283
At 2104721408 positions
Running Loss: 0.002257022842057598
At 2114732032 positions
Running Loss: 0.0022410333839453962
At 2124742656 positions
Running Loss: 0.002248865492800449
At 2134753280 positions
Running Loss: 0.00224411780237176
At 2144763904 positions
Running Loss: 0.0022447961832224445
At 2154774528 positions
Running Loss: 0.002248941583836332
At 2164785152 positions
Running Loss: 0.0022369798778902293
At 2174795776 positions
Running Loss: 0.00225006051227426
At 2184806400 positions
Running Loss: 0.002243367232589597
At 2194817024 positions
Running Loss: 0.0022457303470168294
At 2204827648 positions
Running Loss: 0.002259235920570486
At 2214838272 positions
Running Loss: 0.002250016223389271
At 2224848896 positions
Running Loss: 0.002246463162223953
At 2234859520 positions
Running Loss: 0.002251466245385902
At 2244870144 positions
Running Loss: 0.002243268314242948
At 2254880768 positions
Running Loss: 0.002251365961302712
At 2264891392 positions
Running Loss: 0.002245898722821874
At 2274902016 positions
Running Loss: 0.0022437726612372015
At 2284912640 positions
Running Loss: 0.0022505094493859724
At 2294923264 positions
Running Loss: 0.002252335829352396
At 2304933888 positions
Running Loss: 0.0022501951348762074
At 2314944512 positions
Running Loss: 0.0022430476502388864
At 2324955136 positions
Running Loss: 0.0022489187565255674
At 2334965760 positions
Running Loss: 0.0022579109610200124
At 2344976384 positions
Running Loss: 0.002246174796708477
At 2354987008 positions
Running Loss: 0.002253403445117407
At 2364997632 positions
Running Loss: 0.0022547426473489567
At 2375008256 positions
Running Loss: 0.00225666033655844
At 2385018880 positions
Running Loss: 0.002241216977957618
At 2395029504 positions
Running Loss: 0.0022481217517009927
At 2405040128 positions
Running Loss: 0.002249081669384446
At 2415050752 positions
Running Loss: 0.0022436819373098022
At 2425061376 positions
Running Loss: 0.002243768759132797
At 2435072000 positions
Running Loss: 0.0022419642309510377
At 2445082624 positions
Running Loss: 0.0022423298581337185
At 2455093248 positions
Running Loss: 0.002257710783064073
At 2465103872 positions
Running Loss: 0.002245635525879805
At 2475114496 positions
Running Loss: 0.0022392969474854915
At 2485125120 positions
Running Loss: 0.0022499454001943336
At 2495135744 positions
Running Loss: 0.00225153745879128
At 2505146368 positions
Running Loss: 0.0022490803036479047
At 2515156992 positions
Running Loss: 0.0022545809051213992
At 2525167616 positions
Running Loss: 0.002248171113321707
At 2535178240 positions
Running Loss: 0.0022607048677734773
At 2545188864 positions
Running Loss: 0.002246201135913206
At 2555199488 positions
Running Loss: 0.0022435941399607056
At 2565210112 positions
Running Loss: 0.0022584627185827776
At 2575220736 positions
Running Loss: 0.0022481613580606964
At 2585231360 positions
Running Loss: 0.002247984202520742
At 2595241984 positions
Running Loss: 0.0022398766050947473
At 2605252608 positions
Running Loss: 0.0022412895570995376
At 2615263232 positions
Running Loss: 0.0022455801159972644
At 2625273856 positions
Running Loss: 0.002250941022133086
At 2635284480 positions
Running Loss: 0.0022418709706557753
At 2645295104 positions
Running Loss: 0.0022475926263437725
At 2655305728 positions
Running Loss: 0.0022543703865887882
At 2665316352 positions
Running Loss: 0.002264925774107588
At 2675326976 positions
Running Loss: 0.002250108117947992
At 2685337600 positions
Running Loss: 0.00224659700440502
At 2695348224 positions
Running Loss: 0.0022462627891627934
At 2705358848 positions
Running Loss: 0.002249203219936639
At 2715369472 positions
Running Loss: 0.00224530228616368
At 2725380096 positions
Running Loss: 0.002240121657251336
At 2735390720 positions
Running Loss: 0.0022457047882329813
At 2745401344 positions
Running Loss: 0.002240645514767611
At 2755411968 positions
Running Loss: 0.00224668772833242
At 2765422592 positions
Running Loss: 0.0022530142102030804
At 2775433216 positions
Running Loss: 0.0022456306482493
At 2785443840 positions
Running Loss: 0.0022398738736216645
At 2795454464 positions
Running Loss: 0.0022441316548423955
At 2805465088 positions
Running Loss: 0.0022500099800222243
At 2815475712 positions
Running Loss: 0.002244138483525103
At 2825486336 positions
Running Loss: 0.002237501784354302
At 2835496960 positions
Running Loss: 0.002238392244579359
At 2845507584 positions
Running Loss: 0.0022373503827034158
At 2855518208 positions
Running Loss: 0.002252702432061178
At 2865528832 positions
Running Loss: 0.0022306643219119006
At 2875539456 positions
Running Loss: 0.0022378970675304556
At 2885550080 positions
Running Loss: 0.0022371941034220245
At 2895560704 positions
Running Loss: 0.0022408419857243666
At 2905571328 positions
Running Loss: 0.002246242498219891
At 2915581952 positions
Running Loss: 0.002260218665564704
At 2925592576 positions
Running Loss: 0.0022485966378069937
At 2935603200 positions
Running Loss: 0.002239556242323156
At 2945613824 positions
Running Loss: 0.002248452455049256
At 2955624448 positions
Running Loss: 0.0022408527165114784
At 2965635072 positions
Running Loss: 0.002245007482175936
At 2975645696 positions
Running Loss: 0.0022373919401153216
At 2985656320 positions
Running Loss: 0.002241322139671313
At 2995666944 positions
Running Loss: 0.0022510311607448247
At 3005677568 positions
Running Loss: 0.00223947800512985
At 3015688192 positions
Running Loss: 0.0022485607384464742
At 3025698816 positions
Running Loss: 0.0022367141445802977
At 3035709440 positions
Running Loss: 0.0022440553687012917
At 3045720064 positions
Running Loss: 0.002248026345248308
At 3055730688 positions
Running Loss: 0.002237186494318436
At 3065741312 positions
Running Loss: 0.002242284593722629
At 3075751936 positions
Running Loss: 0.0022456322090910617
At 3085762560 positions
Running Loss: 0.002245806047842272
At 3095773184 positions
Running Loss: 0.0022441708709916583
At 3105783808 positions
Running Loss: 0.0022448474958953607
At 3115794432 positions
Running Loss: 0.002235482640430307
At 3125805056 positions
Running Loss: 0.0022415666065122414
At 3135815680 positions
Running Loss: 0.00224669709338299
At 3145826304 positions
Running Loss: 0.002247334502137429
At 3155836928 positions
Running Loss: 0.002240459579492747
At 3165847552 positions
Running Loss: 0.002237095965496257
At 3175858176 positions
Running Loss: 0.0022500482206453862
At 3185868800 positions
Running Loss: 0.0022397205209185762
At 3195879424 positions
Running Loss: 0.0022497967300165304
At 3205890048 positions
Running Loss: 0.002233202055511225
At 3215900672 positions
Running Loss: 0.0022476864719546954
At 3225911296 positions
Running Loss: 0.0022463472697231463
At 3235921920 positions
Running Loss: 0.002237435448579429
At 3245932544 positions
Running Loss: 0.002241669426963294
At 3255943168 positions
Running Loss: 0.002239900212826393
At 3265953792 positions
Running Loss: 0.0022451869789785334
At 3275964416 positions
Running Loss: 0.002241115913453547
At 3285975040 positions
Running Loss: 0.002240268181271717
At 3295985664 positions
Running Loss: 0.0022362439409995822
At 3305996288 positions
Running Loss: 0.0022330970889027496
epoch 12
epoch train loss: 0.0022515317873861413
epoch pos/s: 1247340.1606549476
At 6356992 positions
Running Loss: 0.0022407836492635224
At 16367616 positions
Running Loss: 0.0022629665274861988
At 26378240 positions
Running Loss: 0.002252507131735744
At 36388864 positions
Running Loss: 0.002255758560230611
At 46399488 positions
Running Loss: 0.002255448928246131
At 56410112 positions
Running Loss: 0.0022525280079943068
At 66420736 positions
Running Loss: 0.00225091741440144
At 76431360 positions
Running Loss: 0.0022606752117800047
At 86441984 positions
Running Loss: 0.0022455007081726374
At 96452608 positions
Running Loss: 0.0022610404487522456
At 106463232 positions
Running Loss: 0.0022563680689385596
At 116473856 positions
Running Loss: 0.002248596052491333
At 126484480 positions
Running Loss: 0.002252324708354844
At 136495104 positions
Running Loss: 0.002259690710838805
At 146505728 positions
Running Loss: 0.0022662384420291883
At 156516352 positions
Running Loss: 0.002246930439226366
At 166526976 positions
Running Loss: 0.0022552267034003076
At 176537600 positions
Running Loss: 0.0022643367514477617
At 186548224 positions
Running Loss: 0.002258614705549324
At 196558848 positions
Running Loss: 0.0022571490751350765
At 206569472 positions
Running Loss: 0.0022491325918469218
At 216580096 positions
Running Loss: 0.002250872735306011
At 226590720 positions
Running Loss: 0.0022519618126452456
At 236601344 positions
Running Loss: 0.002256761205957291
At 246611968 positions
Running Loss: 0.002259155537219758
At 256622592 positions
Running Loss: 0.0022584244779596157
At 266633216 positions
Running Loss: 0.0022572357018528517
At 276643840 positions
Running Loss: 0.002253021429096228
At 286654464 positions
Running Loss: 0.0022632843538899273
At 296665088 positions
Running Loss: 0.0022521436507104853
At 306675712 positions
Running Loss: 0.0022519807378516064
At 316686336 positions
Running Loss: 0.002253253604308283
At 326696960 positions
Running Loss: 0.002257250529849588
At 336707584 positions
Running Loss: 0.0022498207279586166
At 346718208 positions
Running Loss: 0.0022553878603122045
At 356728832 positions
Running Loss: 0.0022635586718295483
At 366739456 positions
Running Loss: 0.0022563306087362784
At 376750080 positions
Running Loss: 0.0022635284305204152
At 386760704 positions
Running Loss: 0.002256119699993227
At 396771328 positions
Running Loss: 0.0022640255586215204
At 406781952 positions
Running Loss: 0.0022506770447701364
At 416792576 positions
Running Loss: 0.002262258490642042
At 426803200 positions
Running Loss: 0.0022462294261701367
At 436813824 positions
Running Loss: 0.0022568519298846903
At 446824448 positions
Running Loss: 0.0022588254191871554
At 456835072 positions
Running Loss: 0.002250559591427567
At 466845696 positions
Running Loss: 0.002254795911074075
At 476856320 positions
Running Loss: 0.0022502253761853405
At 486866944 positions
Running Loss: 0.002252876075707169
At 496877568 positions
Running Loss: 0.0022464971105322705
At 506888192 positions
Running Loss: 0.002244414557411706
At 516898816 positions
Running Loss: 0.002244535132437798
At 526909440 positions
Running Loss: 0.0022478441169726283
At 536920064 positions
Running Loss: 0.0022421690914322624
At 546930688 positions
Running Loss: 0.0022637820673066934
At 556941312 positions
Running Loss: 0.0022560412676947013
At 566951936 positions
Running Loss: 0.0022506766545596956
At 576962560 positions
Running Loss: 0.002258485740998763
At 586973184 positions
Running Loss: 0.0022521686241786724
At 596983808 positions
Running Loss: 0.0022561118957844187
At 606994432 positions
Running Loss: 0.0022505812481070113
At 617005056 positions
Running Loss: 0.002266288779176003
At 627015680 positions
Running Loss: 0.002254372922956651
At 637026304 positions
Running Loss: 0.0022554571226653802
At 647036928 positions
Running Loss: 0.0022520589750449124
At 657047552 positions
Running Loss: 0.0022477459790468607
At 667058176 positions
Running Loss: 0.002254851320956616
At 677068800 positions
Running Loss: 0.0022578260902492192
At 687079424 positions
Running Loss: 0.0022535833321304446
At 697090048 positions
Running Loss: 0.0022444998183929394
At 707100672 positions
Running Loss: 0.0022491960010434914
At 717111296 positions
Running Loss: 0.0022470375519922634
At 727121920 positions
Running Loss: 0.002254642168160546
At 737132544 positions
Running Loss: 0.0022601172108501926
At 747143168 positions
Running Loss: 0.0022519860056925524
At 757153792 positions
Running Loss: 0.0022550115023424115
At 767164416 positions
Running Loss: 0.0022585261277793473
At 777175040 positions
Running Loss: 0.002256936020234603
At 787185664 positions
Running Loss: 0.0022582568825754517
At 797196288 positions
Running Loss: 0.002242657439798458
At 807206912 positions
Running Loss: 0.00226110834536888
At 817217536 positions
Running Loss: 0.0022346817335013283
At 827228160 positions
Running Loss: 0.002244127752737991
At 837238784 positions
Running Loss: 0.0022452620944883156
At 847249408 positions
Running Loss: 0.002257871549765529
At 857260032 positions
Running Loss: 0.002255117639582208
At 867270656 positions
Running Loss: 0.0022539493495235662
At 877281280 positions
Running Loss: 0.002247697202741807
At 887291904 positions
Running Loss: 0.0022601823759937443
At 897302528 positions
Running Loss: 0.0022489919209831475
At 907313152 positions
Running Loss: 0.0022594171733200646
At 917323776 positions
Running Loss: 0.002248391777325769
At 927334400 positions
Running Loss: 0.002253104153709599
At 937345024 positions
Running Loss: 0.002250848347153484
At 947355648 positions
Running Loss: 0.0022591418798543427
At 957366272 positions
Running Loss: 0.0022540712902862
At 967376896 positions
Running Loss: 0.0022513610836722067
At 977387520 positions
Running Loss: 0.002254521398029234
At 987398144 positions
Running Loss: 0.002236750043940817
At 997408768 positions
Running Loss: 0.0022595473085019477
At 1007419392 positions
Running Loss: 0.002254182695366942
At 1017430016 positions
Running Loss: 0.0022447435048129866
At 1027440640 positions
Running Loss: 0.002251574918993561
At 1037451264 positions
Running Loss: 0.0022502007929275938
At 1047461888 positions
Running Loss: 0.0022590060866210736
At 1057472512 positions
Running Loss: 0.0022493202830687676
At 1067483136 positions
Running Loss: 0.0022526362913915256
At 1077493760 positions
Running Loss: 0.00225145531949357
At 1087504384 positions
Running Loss: 0.002253107080287902
At 1097515008 positions
Running Loss: 0.00224950446239665
At 1107525632 positions
Running Loss: 0.0022437744171841835
At 1117536256 positions
Running Loss: 0.002251541946211345
At 1127546880 positions
Running Loss: 0.002245905161294141
At 1137557504 positions
Running Loss: 0.0022474732219490015
At 1147568128 positions
Running Loss: 0.0022451953685030026
At 1157578752 positions
Running Loss: 0.0022484657222042303
At 1167589376 positions
Running Loss: 0.002257003331535577
At 1177600000 positions
Running Loss: 0.0022547235270373757
At 1187610624 positions
Running Loss: 0.0022519364489666177
At 1197621248 positions
Running Loss: 0.0022466998248560728
At 1207631872 positions
Running Loss: 0.002253429394111696
At 1217642496 positions
Running Loss: 0.0022363016921447655
At 1227653120 positions
Running Loss: 0.0022546400220031237
At 1237663744 positions
Running Loss: 0.002251325184311687
At 1247674368 positions
Running Loss: 0.0022426131509134697
At 1257684992 positions
Running Loss: 0.002252719406215337
At 1267695616 positions
Running Loss: 0.0022513747410376215
At 1277706240 positions
Running Loss: 0.0022543514613824274
At 1287716864 positions
Running Loss: 0.002260370847636471
At 1297727488 positions
Running Loss: 0.0022556169138407355
At 1307738112 positions
Running Loss: 0.002255605207527523
At 1317748736 positions
Running Loss: 0.0022463919488185753
At 1327759360 positions
Running Loss: 0.002249298626389324
At 1337769984 positions
Running Loss: 0.002250811667372084
At 1347780608 positions
Running Loss: 0.002253175367114977
At 1357791232 positions
Running Loss: 0.002244277788652336
At 1367801856 positions
Running Loss: 0.0022472465096831126
At 1377812480 positions
Running Loss: 0.002249214731144632
At 1387823104 positions
Running Loss: 0.0022613094988509206
At 1397833728 positions
Running Loss: 0.0022423029336133293
At 1407844352 positions
Running Loss: 0.0022500573905907366
At 1417854976 positions
Running Loss: 0.002247862456863328
At 1427865600 positions
Running Loss: 0.0022531541006459736
At 1437876224 positions
Running Loss: 0.002239750176912049
At 1447886848 positions
Running Loss: 0.002247556531878033
At 1457897472 positions
Running Loss: 0.002257415588865889
At 1467908096 positions
Running Loss: 0.0022488167164953954
At 1477918720 positions
Running Loss: 0.0022513224528386043
At 1487929344 positions
Running Loss: 0.0022600403393934283
At 1497939968 positions
Running Loss: 0.002259005501305413
At 1507950592 positions
Running Loss: 0.002245082012370058
At 1517961216 positions
Running Loss: 0.002250373461047483
At 1527971840 positions
Running Loss: 0.0022564673774956487
At 1537982464 positions
Running Loss: 0.0022530487438270582
At 1547993088 positions
Running Loss: 0.0022556471551498686
At 1558003712 positions
Running Loss: 0.002244804962957354
At 1568014336 positions
Running Loss: 0.0022572714061081505
At 1578024960 positions
Running Loss: 0.002249534508600563
At 1588035584 positions
Running Loss: 0.0022594185390566062
At 1598046208 positions
Running Loss: 0.0022369870967833775
At 1608056832 positions
Running Loss: 0.0022463357585151534
At 1618067456 positions
Running Loss: 0.002238004765612014
At 1628078080 positions
Running Loss: 0.0022491296652686187
At 1638088704 positions
Running Loss: 0.0022495789925907716
At 1648099328 positions
Running Loss: 0.002254899902156449
At 1658109952 positions
Running Loss: 0.002246320930518417
At 1668120576 positions
Running Loss: 0.0022484405536308226
At 1678131200 positions
Running Loss: 0.002254608414957449
At 1688141824 positions
Running Loss: 0.002244761064282806
At 1698152448 positions
Running Loss: 0.002246971411322611
At 1708163072 positions
Running Loss: 0.002248354317123488
At 1718173696 positions
Running Loss: 0.0022497356620826033
At 1728184320 positions
Running Loss: 0.00225645040334149
At 1738194944 positions
Running Loss: 0.00224810985028256
At 1748205568 positions
Running Loss: 0.002247647841121093
At 1758216192 positions
Running Loss: 0.0022556520327803743
At 1768226816 positions
Running Loss: 0.00224973234529386
At 1778237440 positions
Running Loss: 0.0022437861234973966
At 1788248064 positions
Running Loss: 0.002247294895777726
At 1798258688 positions
Running Loss: 0.0022487593555606524
At 1808269312 positions
Running Loss: 0.0022508869779870864
At 1818279936 positions
Running Loss: 0.0022434308368913867
At 1828290560 positions
Running Loss: 0.002249589138062223
At 1838301184 positions
Running Loss: 0.0022632790860489817
At 1848311808 positions
Running Loss: 0.0022507894253769793
At 1858322432 positions
Running Loss: 0.002250402141514855
At 1868333056 positions
Running Loss: 0.002251682421969899
At 1878343680 positions
Running Loss: 0.0022580278290469206
At 1888354304 positions
Running Loss: 0.002250840347839455
At 1898364928 positions
Running Loss: 0.002240891737555521
At 1908375552 positions
Running Loss: 0.0022376974748901765
At 1918386176 positions
Running Loss: 0.0022399292835042052
At 1928396800 positions
Running Loss: 0.0022449001743048186
At 1938407424 positions
Running Loss: 0.002249634987788973
At 1948418048 positions
Running Loss: 0.0022563823116196354
At 1958428672 positions
Running Loss: 0.0022537156134697497
At 1968439296 positions
Running Loss: 0.0022526080011345947
At 1978449920 positions
Running Loss: 0.0022520078574772163
At 1988460544 positions
Running Loss: 0.0022457412729091613
At 1998471168 positions
Running Loss: 0.0022482745190884204
At 2008481792 positions
Running Loss: 0.002258667383958782
At 2018492416 positions
Running Loss: 0.0022453575009410004
At 2028503040 positions
Running Loss: 0.0022501012892652845
At 2038513664 positions
Running Loss: 0.00224723499847512
At 2048524288 positions
Running Loss: 0.0022498414091119594
At 2058534912 positions
Running Loss: 0.0022548819524761893
At 2068545536 positions
Running Loss: 0.0022489138788950617
At 2078556160 positions
Running Loss: 0.002240044980899792
At 2088566784 positions
Running Loss: 0.0022513718144593184
At 2098577408 positions
Running Loss: 0.002247339574873155
At 2108588032 positions
Running Loss: 0.0022445007939190403
At 2118598656 positions
Running Loss: 0.002248485818041912
At 2128609280 positions
Running Loss: 0.0022380336411846054
At 2138619904 positions
Running Loss: 0.0022421400207544503
At 2148630528 positions
Running Loss: 0.002245550460003792
At 2158641152 positions
Running Loss: 0.0022434015711083545
At 2168651776 positions
Running Loss: 0.0022347506056440637
At 2178662400 positions
Running Loss: 0.002250332098740798
At 2188673024 positions
Running Loss: 0.0022402295504381146
At 2198683648 positions
Running Loss: 0.002248743747143035
At 2208694272 positions
Running Loss: 0.002247020968048545
At 2218704896 positions
Running Loss: 0.0022492363878240757
At 2228715520 positions
Running Loss: 0.0022473272832442812
At 2238726144 positions
Running Loss: 0.002243526633554512
At 2248736768 positions
Running Loss: 0.002240238330173024
At 2258747392 positions
Running Loss: 0.0022502335706045895
At 2268758016 positions
Running Loss: 0.002241363892188439
At 2278768640 positions
Running Loss: 0.0022456764979760504
At 2288779264 positions
Running Loss: 0.0022531810251663633
At 2298789888 positions
Running Loss: 0.002242785819033359
At 2308800512 positions
Running Loss: 0.002249539581336288
At 2318811136 positions
Running Loss: 0.0022396134081526784
At 2328821760 positions
Running Loss: 0.002251201097391631
At 2338832384 positions
Running Loss: 0.0022443624643179085
At 2348843008 positions
Running Loss: 0.0022521368220277775
At 2358853632 positions
Running Loss: 0.0022478515309709963
At 2368864256 positions
Running Loss: 0.0022532430686263913
At 2378874880 positions
Running Loss: 0.002248144579011758
At 2388885504 positions
Running Loss: 0.0022449419268219446
At 2398896128 positions
Running Loss: 0.0022459857397500896
At 2408906752 positions
Running Loss: 0.0022398547533100835
At 2418917376 positions
Running Loss: 0.0022439556699337623
At 2428928000 positions
Running Loss: 0.0022397429580189006
At 2438938624 positions
Running Loss: 0.002241372867028569
At 2448949248 positions
Running Loss: 0.002246179479233762
At 2458959872 positions
Running Loss: 0.002250269665070329
At 2468970496 positions
Running Loss: 0.0022414052544951243
At 2478981120 positions
Running Loss: 0.002241217953483719
At 2488991744 positions
Running Loss: 0.002246367170455608
At 2499002368 positions
Running Loss: 0.002250517253594781
At 2509012992 positions
Running Loss: 0.0022458739444589067
At 2519023616 positions
Running Loss: 0.002249460173511661
At 2529034240 positions
Running Loss: 0.0022578186762508513
At 2539044864 positions
Running Loss: 0.0022470092617353325
At 2549055488 positions
Running Loss: 0.0022389196139895973
At 2559066112 positions
Running Loss: 0.0022519028908687413
At 2569076736 positions
Running Loss: 0.002250000614971654
At 2579087360 positions
Running Loss: 0.0022456774735021513
At 2589097984 positions
Running Loss: 0.002241679182224305
At 2599108608 positions
Running Loss: 0.002237314093132456
At 2609119232 positions
Running Loss: 0.0022398805071991517
At 2619129856 positions
Running Loss: 0.002245563336948326
At 2629140480 positions
Running Loss: 0.00224564898814
At 2639151104 positions
Running Loss: 0.002240525134846739
At 2649161728 positions
Running Loss: 0.0022546987486744084
At 2659172352 positions
Running Loss: 0.002256191693819486
At 2669182976 positions
Running Loss: 0.0022501178732090028
At 2679193600 positions
Running Loss: 0.0022486647295288484
At 2689204224 positions
Running Loss: 0.002242587787234842
At 2699214848 positions
Running Loss: 0.002241288386468216
At 2709225472 positions
Running Loss: 0.0022523580713475003
At 2719236096 positions
Running Loss: 0.0022410050936884653
At 2729246720 positions
Running Loss: 0.0022314919582560487
At 2739257344 positions
Running Loss: 0.0022477030558984137
At 2749267968 positions
Running Loss: 0.0022403388093614343
At 2759278592 positions
Running Loss: 0.0022511651980311118
At 2769289216 positions
Running Loss: 0.0022442190619810514
At 2779299840 positions
Running Loss: 0.002238178409258004
At 2789310464 positions
Running Loss: 0.0022381942127808418
At 2799321088 positions
Running Loss: 0.0022471938312736547
At 2809331712 positions
Running Loss: 0.002244228036821181
At 2819342336 positions
Running Loss: 0.002233906580461418
At 2829352960 positions
Running Loss: 0.0022395433653786215
At 2839363584 positions
Running Loss: 0.0022437988053367105
At 2849374208 positions
Running Loss: 0.0022364491916912472
At 2859384832 positions
Running Loss: 0.002238023300607934
At 2869395456 positions
Running Loss: 0.0022300604712553384
At 2879406080 positions
Running Loss: 0.002240075807524586
At 2889416704 positions
Running Loss: 0.002231822466499091
At 2899427328 positions
Running Loss: 0.002242243231415944
At 2909437952 positions
Running Loss: 0.0022510009194356916
At 2919448576 positions
Running Loss: 0.002251461953071057
At 2929459200 positions
Running Loss: 0.002240870861296958
At 2939469824 positions
Running Loss: 0.002242887859063531
At 2949480448 positions
Running Loss: 0.002245538363480139
At 2959491072 positions
Running Loss: 0.002239955817814154
At 2969501696 positions
Running Loss: 0.0022418614104999846
At 2979512320 positions
Running Loss: 0.002234613251569033
At 2989522944 positions
Running Loss: 0.0022377485924578726
At 2999533568 positions
Running Loss: 0.0022477924140892717
At 3009544192 positions
Running Loss: 0.0022420768066631013
At 3019554816 positions
Running Loss: 0.0022399780598092588
At 3029565440 positions
Running Loss: 0.0022401665314519853
At 3039576064 positions
Running Loss: 0.002242421362481999
At 3049586688 positions
Running Loss: 0.0022417816124649173
At 3059597312 positions
Running Loss: 0.00223711703686004
At 3069607936 positions
Running Loss: 0.002237466080099003
At 3079618560 positions
Running Loss: 0.0022502961993802785
At 3089629184 positions
Running Loss: 0.0022423253707136537
At 3099639808 positions
Running Loss: 0.0022426314908041696
At 3109650432 positions
Running Loss: 0.0022357975402557324
At 3119661056 positions
Running Loss: 0.0022351277440347374
At 3129671680 positions
Running Loss: 0.002237707815466848
At 3139682304 positions
Running Loss: 0.002249624257001861
At 3149692928 positions
Running Loss: 0.002242155238961627
At 3159703552 positions
Running Loss: 0.002237866240905662
At 3169714176 positions
Running Loss: 0.0022357858339425193
At 3179724800 positions
Running Loss: 0.0022470601841978084
At 3189735424 positions
Running Loss: 0.0022396044333125487
At 3199746048 positions
Running Loss: 0.0022437232996164874
At 3209756672 positions
Running Loss: 0.0022383017157571795
At 3219767296 positions
Running Loss: 0.0022418145852471333
At 3229777920 positions
Running Loss: 0.002244403241308933
At 3239788544 positions
Running Loss: 0.0022334039894141462
At 3249799168 positions
Running Loss: 0.0022390913065833858
At 3259809792 positions
Running Loss: 0.002237049725559066
At 3269820416 positions
Running Loss: 0.0022430351635047926
At 3279831040 positions
Running Loss: 0.002242608858598625
At 3289841664 positions
Running Loss: 0.0022321935566279386
At 3299852288 positions
Running Loss: 0.0022387885032816137
epoch 13
epoch train loss: 0.0022487026361990574
epoch pos/s: 1245414.2791916549
At 212992 positions
Running Loss: 0.002219744282736521
At 10223616 positions
Running Loss: 0.0022593904439048955
At 20234240 positions
Running Loss: 0.0022517436850090465
At 30244864 positions
Running Loss: 0.0022563007576375856
At 40255488 positions
Running Loss: 0.0022442879341237868
At 50266112 positions
Running Loss: 0.002255893377937779
At 60276736 positions
Running Loss: 0.0022487322359350426
At 70287360 positions
Running Loss: 0.002256325340895333
At 80297984 positions
Running Loss: 0.002243866116637684
At 90308608 positions
Running Loss: 0.0022517838766844107
At 100319232 positions
Running Loss: 0.0022507839624308136
At 110329856 positions
Running Loss: 0.002251414347397325
At 120340480 positions
Running Loss: 0.0022486674610019317
At 130351104 positions
Running Loss: 0.0022517782186330243
At 140361728 positions
Running Loss: 0.0022574271000738817
At 150372352 positions
Running Loss: 0.0022571172729841816
At 160382976 positions
Running Loss: 0.0022505541284814014
At 170393600 positions
Running Loss: 0.0022518732348752687
At 180404224 positions
Running Loss: 0.0022603173888061322
At 190414848 positions
Running Loss: 0.0022547920089696707
At 200425472 positions
Running Loss: 0.002250059146537718
At 210436096 positions
Running Loss: 0.0022429339038955013
At 220446720 positions
Running Loss: 0.002255512727653141
At 230457344 positions
Running Loss: 0.0022488532011715754
At 240467968 positions
Running Loss: 0.002255469414294254
At 250478592 positions
Running Loss: 0.002262633873085734
At 260489216 positions
Running Loss: 0.002247615063444097
At 270499840 positions
Running Loss: 0.0022566074630437625
At 280510464 positions
Running Loss: 0.0022566724330820936
At 290521088 positions
Running Loss: 0.002250090753583393
At 300531712 positions
Running Loss: 0.002246136556085315
At 310542336 positions
Running Loss: 0.0022511710511877183
At 320552960 positions
Running Loss: 0.0022544318447331557
At 330563584 positions
Running Loss: 0.0022494422238314017
At 340574208 positions
Running Loss: 0.0022506848489789446
At 350584832 positions
Running Loss: 0.0022540119782992547
At 360595456 positions
Running Loss: 0.002261255064494481
At 370606080 positions
Running Loss: 0.0022540143195618973
At 380616704 positions
Running Loss: 0.0022559878088643623
At 390627328 positions
Running Loss: 0.0022535878195505095
At 400637952 positions
Running Loss: 0.002260049314233558
At 410648576 positions
Running Loss: 0.0022473130405632055
At 420659200 positions
Running Loss: 0.002255217143244517
At 430669824 positions
Running Loss: 0.002251403031294553
At 440680448 positions
Running Loss: 0.0022483381233902103
At 450691072 positions
Running Loss: 0.0022598272844929546
At 460701696 positions
Running Loss: 0.002248972410461126
At 470712320 positions
Running Loss: 0.0022461242644564415
At 480722944 positions
Running Loss: 0.0022468699566080995
At 490733568 positions
Running Loss: 0.002252279248838534
At 500744192 positions
Running Loss: 0.0022393970364634613
At 510754816 positions
Running Loss: 0.0022387243136641633
At 520765440 positions
Running Loss: 0.0022456281118814372
At 530776064 positions
Running Loss: 0.0022448393014761116
At 540786688 positions
Running Loss: 0.0022467411871627584
At 550797312 positions
Running Loss: 0.00225468196962547
At 560807936 positions
Running Loss: 0.002261127270575241
At 570818560 positions
Running Loss: 0.0022382970332318944
At 580829184 positions
Running Loss: 0.002257078251940139
At 590839808 positions
Running Loss: 0.002250833909367188
At 600850432 positions
Running Loss: 0.0022492262423526245
At 610861056 positions
Running Loss: 0.002251182952606151
At 620871680 positions
Running Loss: 0.002263419952017976
At 630882304 positions
Running Loss: 0.002251974884695
At 640892928 positions
Running Loss: 0.0022494931462938776
At 650903552 positions
Running Loss: 0.0022513400123084235
At 660914176 positions
Running Loss: 0.0022430745747592756
At 670924800 positions
Running Loss: 0.002252900073649255
At 680935424 positions
Running Loss: 0.002254232447198097
At 690946048 positions
Running Loss: 0.002247018821891123
At 700956672 positions
Running Loss: 0.002244219647296712
At 710967296 positions
Running Loss: 0.0022451819062428075
At 720977920 positions
Running Loss: 0.0022467921096252343
At 730988544 positions
Running Loss: 0.0022520226854739526
At 740999168 positions
Running Loss: 0.0022571902423365415
At 751009792 positions
Running Loss: 0.002251678519865495
At 761020416 positions
Running Loss: 0.002253883403959134
At 771031040 positions
Running Loss: 0.002249301357862407
At 781041664 positions
Running Loss: 0.0022589485305811105
At 791052288 positions
Running Loss: 0.0022498704797897714
At 801062912 positions
Running Loss: 0.002247191490011012
At 811073536 positions
Running Loss: 0.002241722300477972
At 821084160 positions
Running Loss: 0.002245868481512741
At 831094784 positions
Running Loss: 0.002238036957973349
At 841105408 positions
Running Loss: 0.002246060074838991
At 851116032 positions
Running Loss: 0.002254009441931392
At 861126656 positions
Running Loss: 0.0022527301370024485
At 871137280 positions
Running Loss: 0.002245449200394501
At 881147904 positions
Running Loss: 0.0022474568331105034
At 891158528 positions
Running Loss: 0.002254240641617346
At 901169152 positions
Running Loss: 0.002250146358571154
At 911179776 positions
Running Loss: 0.0022579172043870593
At 921190400 positions
Running Loss: 0.0022479986403070376
At 931201024 positions
Running Loss: 0.0022491579555255496
At 941211648 positions
Running Loss: 0.002249506218343632
At 951222272 positions
Running Loss: 0.002250770695275839
At 961232896 positions
Running Loss: 0.0022565491265829182
At 971243520 positions
Running Loss: 0.002242667390164689
At 981254144 positions
Running Loss: 0.0022483236856039143
At 991264768 positions
Running Loss: 0.002241841509767523
At 1001275392 positions
Running Loss: 0.002258090457822609
At 1011286016 positions
Running Loss: 0.002243370939588781
At 1021296640 positions
Running Loss: 0.002243188516207881
At 1031307264 positions
Running Loss: 0.002251677154128953
At 1041317888 positions
Running Loss: 0.0022460333454238216
At 1051328512 positions
Running Loss: 0.002257041767263959
At 1061339136 positions
Running Loss: 0.0022456349405641446
At 1071349760 positions
Running Loss: 0.0022506309999381657
At 1081360384 positions
Running Loss: 0.0022501395298884464
At 1091371008 positions
Running Loss: 0.0022477662699897628
At 1101381632 positions
Running Loss: 0.0022501957201918684
At 1111392256 positions
Running Loss: 0.002236010595156206
At 1121402880 positions
Running Loss: 0.002248426896265408
At 1131413504 positions
Running Loss: 0.0022471790032769184
At 1141424128 positions
Running Loss: 0.002237060846556618
At 1151434752 positions
Running Loss: 0.002244774721648221
At 1161445376 positions
Running Loss: 0.0022488740774301384
At 1171456000 positions
Running Loss: 0.0022581727922255396
At 1181466624 positions
Running Loss: 0.002251144516877769
At 1191477248 positions
Running Loss: 0.002241686596222673
At 1201487872 positions
Running Loss: 0.0022441505800487563
At 1211498496 positions
Running Loss: 0.002248111606229542
At 1221509120 positions
Running Loss: 0.002241090354669699
At 1231519744 positions
Running Loss: 0.0022517641710571687
At 1241530368 positions
Running Loss: 0.002246054806998045
At 1251540992 positions
Running Loss: 0.002237269999352688
At 1261551616 positions
Running Loss: 0.0022531857076916483
At 1271562240 positions
Running Loss: 0.002250086461268548
At 1281572864 positions
Running Loss: 0.0022569373859711445
At 1291583488 positions
Running Loss: 0.002252380508447825
At 1301594112 positions
Running Loss: 0.0022582882945159062
At 1311604736 positions
Running Loss: 0.0022424974535178825
At 1321615360 positions
Running Loss: 0.002249866577685367
At 1331625984 positions
Running Loss: 0.0022410374811550208
At 1341636608 positions
Running Loss: 0.0022527956923564406
At 1351647232 positions
Running Loss: 0.0022466818751758133
At 1361657856 positions
Running Loss: 0.0022449466093472296
At 1371668480 positions
Running Loss: 0.002244314468433736
At 1381679104 positions
Running Loss: 0.002252260323632173
At 1391689728 positions
Running Loss: 0.0022439295258342537
At 1401700352 positions
Running Loss: 0.0022494625147743037
At 1411710976 positions
Running Loss: 0.002248887734795553
At 1421721600 positions
Running Loss: 0.0022464223852329285
At 1431732224 positions
Running Loss: 0.0022491052771160917
At 1441742848 positions
Running Loss: 0.0022305814021933096
At 1451753472 positions
Running Loss: 0.0022517503185865337
At 1461764096 positions
Running Loss: 0.00225069870144958
At 1471774720 positions
Running Loss: 0.0022564379166073963
At 1481785344 positions
Running Loss: 0.0022448564707354905
At 1491795968 positions
Running Loss: 0.002253760682775619
At 1501806592 positions
Running Loss: 0.0022499598379806295
At 1511817216 positions
Running Loss: 0.0022516176470367883
At 1521827840 positions
Running Loss: 0.0022439180146262613
At 1531838464 positions
Running Loss: 0.0022502177670817524
At 1541849088 positions
Running Loss: 0.002252820665824628
At 1551859712 positions
Running Loss: 0.0022497666838126175
At 1561870336 positions
Running Loss: 0.0022476240382842266
At 1571880960 positions
Running Loss: 0.002251758903216223
At 1581891584 positions
Running Loss: 0.002252058389729252
At 1591902208 positions
Running Loss: 0.0022496443528395435
At 1601912832 positions
Running Loss: 0.0022352635372680065
At 1611923456 positions
Running Loss: 0.0022459929586432373
At 1621934080 positions
Running Loss: 0.0022357481786350183
At 1631944704 positions
Running Loss: 0.0022444717232412287
At 1641955328 positions
Running Loss: 0.002248544934923637
At 1651965952 positions
Running Loss: 0.002246958924588517
At 1661976576 positions
Running Loss: 0.002249279701182963
At 1671987200 positions
Running Loss: 0.0022458606773039323
At 1681997824 positions
Running Loss: 0.002250667679719566
At 1692008448 positions
Running Loss: 0.0022425721788172245
At 1702019072 positions
Running Loss: 0.0022455965048357625
At 1712029696 positions
Running Loss: 0.002244306078909267
At 1722040320 positions
Running Loss: 0.002248725212147115
At 1732050944 positions
Running Loss: 0.0022523042223067213
At 1742061568 positions
Running Loss: 0.0022418957490187427
At 1752072192 positions
Running Loss: 0.0022478616764424475
At 1762082816 positions
Running Loss: 0.002254597489065117
At 1772093440 positions
Running Loss: 0.00224500162901933
At 1782104064 positions
Running Loss: 0.0022439804482967296
At 1792114688 positions
Running Loss: 0.0022451231795715234
At 1802125312 positions
Running Loss: 0.002248136774802949
At 1812135936 positions
Running Loss: 0.0022416569402292003
At 1822146560 positions
Running Loss: 0.002245209806289298
At 1832157184 positions
Running Loss: 0.0022499292064610556
At 1842167808 positions
Running Loss: 0.002258460377320135
At 1852178432 positions
Running Loss: 0.0022498786742090205
At 1862189056 positions
Running Loss: 0.0022478398246577836
At 1872199680 positions
Running Loss: 0.002253315647768311
At 1882210304 positions
Running Loss: 0.002251056914633893
At 1892220928 positions
Running Loss: 0.0022390025337081882
At 1902231552 positions
Running Loss: 0.002242364781968137
At 1912242176 positions
Running Loss: 0.002238811525697599
At 1922252800 positions
Running Loss: 0.0022343529812052674
At 1932263424 positions
Running Loss: 0.0022402605721681284
At 1942274048 positions
Running Loss: 0.0022575974269311285
At 1952284672 positions
Running Loss: 0.00224956826180366
At 1962295296 positions
Running Loss: 0.0022496301101584677
At 1972305920 positions
Running Loss: 0.002250035148595632
At 1982316544 positions
Running Loss: 0.0022427417252535906
At 1992327168 positions
Running Loss: 0.0022467218717459572
At 2002337792 positions
Running Loss: 0.0022529868954722504
At 2012348416 positions
Running Loss: 0.0022551422228399547
At 2022359040 positions
Running Loss: 0.002239262023651073
At 2032369664 positions
Running Loss: 0.0022493745223199873
At 2042380288 positions
Running Loss: 0.0022461972338088014
At 2052390912 positions
Running Loss: 0.0022460711958365433
At 2062401536 positions
Running Loss: 0.002252205499065293
At 2072412160 positions
Running Loss: 0.002243711983513715
At 2082422784 positions
Running Loss: 0.002238131779110373
At 2092433408 positions
Running Loss: 0.002244889833728147
At 2102444032 positions
Running Loss: 0.002252147357709669
At 2112454656 positions
Running Loss: 0.0022397591517521786
At 2122465280 positions
Running Loss: 0.0022406722441827803
At 2132475904 positions
Running Loss: 0.002241846192292808
At 2142486528 positions
Running Loss: 0.0022370649437662427
At 2152497152 positions
Running Loss: 0.0022424420436353417
At 2162507776 positions
Running Loss: 0.0022376744524741916
At 2172518400 positions
Running Loss: 0.002238487260821603
At 2182529024 positions
Running Loss: 0.0022449403659801827
At 2192539648 positions
Running Loss: 0.0022318316364444415
At 2202550272 positions
Running Loss: 0.0022552382146083
At 2212560896 positions
Running Loss: 0.002246137726716636
At 2222571520 positions
Running Loss: 0.002243009019405284
At 2232582144 positions
Running Loss: 0.002246700215066513
At 2242592768 positions
Running Loss: 0.002237884971006802
At 2252603392 positions
Running Loss: 0.0022480753166585817
At 2262614016 positions
Running Loss: 0.0022410571867822627
At 2272624640 positions
Running Loss: 0.002240689218336939
At 2282635264 positions
Running Loss: 0.0022399407947121977
At 2292645888 positions
Running Loss: 0.002249642206682121
At 2302656512 positions
Running Loss: 0.0022450866948953434
At 2312667136 positions
Running Loss: 0.0022400172759585216
At 2322677760 positions
Running Loss: 0.002239109061158425
At 2332688384 positions
Running Loss: 0.0022520199540008697
At 2342699008 positions
Running Loss: 0.0022450720620038273
At 2352709632 positions
Running Loss: 0.002246946047643983
At 2362720256 positions
Running Loss: 0.0022517893396305764
At 2372730880 positions
Running Loss: 0.002245895796243571
At 2382741504 positions
Running Loss: 0.0022408732025596006
At 2392752128 positions
Running Loss: 0.002245029724171041
At 2402762752 positions
Running Loss: 0.0022452117573415003
At 2412773376 positions
Running Loss: 0.0022355154181073027
At 2422784000 positions
Running Loss: 0.0022429442444721727
At 2432794624 positions
Running Loss: 0.0022336630891465906
At 2442805248 positions
Running Loss: 0.002234822989680763
At 2452815872 positions
Running Loss: 0.0022569104614507548
At 2462826496 positions
Running Loss: 0.002244929830298291
At 2472837120 positions
Running Loss: 0.0022316695040064437
At 2482847744 positions
Running Loss: 0.0022392296361845175
At 2492858368 positions
Running Loss: 0.002248432944527234
At 2502868992 positions
Running Loss: 0.002246051880419742
At 2512879616 positions
Running Loss: 0.002251581357465828
At 2522890240 positions
Running Loss: 0.002238790844544256
At 2532900864 positions
Running Loss: 0.0022570706428365504
At 2542911488 positions
Running Loss: 0.002241996228207153
At 2552922112 positions
Running Loss: 0.002242809426765005
At 2562932736 positions
Running Loss: 0.0022465355462606526
At 2572943360 positions
Running Loss: 0.002245709275653046
At 2582953984 positions
Running Loss: 0.0022440122504476245
At 2592964608 positions
Running Loss: 0.0022357341310591627
At 2602975232 positions
Running Loss: 0.0022387026569847196
At 2612985856 positions
Running Loss: 0.0022411912240685498
At 2622996480 positions
Running Loss: 0.0022422040152666805
At 2633007104 positions
Running Loss: 0.002242253571992615
At 2643017728 positions
Running Loss: 0.002240957097804293
At 2653028352 positions
Running Loss: 0.002247122812973497
At 2663038976 positions
Running Loss: 0.0022583095609849096
At 2673049600 positions
Running Loss: 0.002246535936471093
At 2683060224 positions
Running Loss: 0.002245335454051116
At 2693070848 positions
Running Loss: 0.002237395842219726
At 2703081472 positions
Running Loss: 0.002243981814033271
At 2713092096 positions
Running Loss: 0.002250706700763609
At 2723102720 positions
Running Loss: 0.0022262303606773166
At 2733113344 positions
Running Loss: 0.0022413865243939837
At 2743123968 positions
Running Loss: 0.002238906541939843
At 2753134592 positions
Running Loss: 0.0022389473189308676
At 2763145216 positions
Running Loss: 0.002249100984801247
At 2773155840 positions
Running Loss: 0.002244034687547949
At 2783166464 positions
Running Loss: 0.0022359108963886766
At 2793177088 positions
Running Loss: 0.0022366236157581186
At 2803187712 positions
Running Loss: 0.002247144664758161
At 2813198336 positions
Running Loss: 0.0022445985416343676
At 2823208960 positions
Running Loss: 0.0022298868276093477
At 2833219584 positions
Running Loss: 0.002235332994726403
At 2843230208 positions
Running Loss: 0.0022323730534305353
At 2853240832 positions
Running Loss: 0.0022426108096508268
At 2863251456 positions
Running Loss: 0.0022369978275704893
At 2873262080 positions
Running Loss: 0.0022285983527350543
At 2883272704 positions
Running Loss: 0.002232390222689914
At 2893283328 positions
Running Loss: 0.0022339370168757713
At 2903293952 positions
Running Loss: 0.002241089379143598
At 2913304576 positions
Running Loss: 0.0022536717147952014
At 2923315200 positions
Running Loss: 0.0022447680880707337
At 2933325824 positions
Running Loss: 0.002239311970587448
At 2943336448 positions
Running Loss: 0.002239306897851722
At 2953347072 positions
Running Loss: 0.0022366454675427825
At 2963357696 positions
Running Loss: 0.0022424576520529587
At 2973368320 positions
Running Loss: 0.0022365814730305523
At 2983378944 positions
Running Loss: 0.00223481108826233
At 2993389568 positions
Running Loss: 0.0022396457956192343
At 3003400192 positions
Running Loss: 0.0022434347389957907
At 3013410816 positions
Running Loss: 0.002243208807150783
At 3023421440 positions
Running Loss: 0.002234717242651407
At 3033432064 positions
Running Loss: 0.0022356328714498714
At 3043442688 positions
Running Loss: 0.0022413240907235153
At 3053453312 positions
Running Loss: 0.002235300412154627
At 3063463936 positions
Running Loss: 0.002241622796815663
At 3073474560 positions
Running Loss: 0.002238546572808548
At 3083485184 positions
Running Loss: 0.0022391814451951245
At 3093495808 positions
Running Loss: 0.0022408107688891322
At 3103506432 positions
Running Loss: 0.002244346075479411
At 3113517056 positions
Running Loss: 0.0022293735057749646
At 3123527680 positions
Running Loss: 0.002237047774506864
At 3133538304 positions
Running Loss: 0.0022389834133966073
At 3143548928 positions
Running Loss: 0.0022411662506003622
At 3153559552 positions
Running Loss: 0.002243813243123006
At 3163570176 positions
Running Loss: 0.0022336070939483893
At 3173580800 positions
Running Loss: 0.0022421608970130133
At 3183591424 positions
Running Loss: 0.0022369069085378694
At 3193602048 positions
Running Loss: 0.002242220794315619
At 3203612672 positions
Running Loss: 0.0022317489118310707
At 3213623296 positions
Running Loss: 0.002242142947332754
At 3223633920 positions
Running Loss: 0.002243172322474603
At 3233644544 positions
Running Loss: 0.0022365808877148918
At 3243655168 positions
Running Loss: 0.002236520014886185
At 3253665792 positions
Running Loss: 0.002235653162392774
At 3263676416 positions
Running Loss: 0.0022397749552750157
At 3273687040 positions
Running Loss: 0.0022375893865981783
At 3283697664 positions
Running Loss: 0.0022375417809244458
At 3293708288 positions
Running Loss: 0.002231951626154873
At 3303718912 positions
Running Loss: 0.002228563428900636
epoch 14
epoch train loss: 0.002246108555191239
epoch pos/s: 1244019.6878460147
At 4079616 positions
Running Loss: 0.0022344349253977575
At 14090240 positions
Running Loss: 0.0022502784448052387
At 24100864 positions
Running Loss: 0.002253167758011389
At 34111488 positions
Running Loss: 0.0022499635449798132
At 44122112 positions
Running Loss: 0.002244934122613136
At 54132736 positions
Running Loss: 0.002246929658805485
At 64143360 positions
Running Loss: 0.002248289737295597
At 74153984 positions
Running Loss: 0.0022518264096224173
At 84164608 positions
Running Loss: 0.002239737690177955
At 94175232 positions
Running Loss: 0.0022552821132828483
At 104185856 positions
Running Loss: 0.002248682288998668
At 114196480 positions
Running Loss: 0.002245004555597633
At 124207104 positions
Running Loss: 0.002245558849528261
At 134217728 positions
Running Loss: 0.002252592587822198
At 144228352 positions
Running Loss: 0.0022570550344189334
At 154238976 positions
Running Loss: 0.002253454367579883
At 164249600 positions
Running Loss: 0.002244551716381516
At 174260224 positions
Running Loss: 0.002257420856706835
At 184270848 positions
Running Loss: 0.0022476482313315334
At 194281472 positions
Running Loss: 0.002258243225210037
At 204292096 positions
Running Loss: 0.0022385664735410102
At 214302720 positions
Running Loss: 0.0022441579940471242
At 224313344 positions
Running Loss: 0.0022508249345270584
At 234323968 positions
Running Loss: 0.002246601491825085
At 244334592 positions
Running Loss: 0.0022526343403393235
At 254345216 positions
Running Loss: 0.002256555174844745
At 264355840 positions
Running Loss: 0.002248552934237666
At 274366464 positions
Running Loss: 0.00224886685853699
At 284377088 positions
Running Loss: 0.0022606246795279696
At 294387712 positions
Running Loss: 0.002245354769467917
At 304398336 positions
Running Loss: 0.002244891589675129
At 314408960 positions
Running Loss: 0.0022458195101024672
At 324419584 positions
Running Loss: 0.0022505986124716102
At 334430208 positions
Running Loss: 0.002249152102368943
At 344440832 positions
Running Loss: 0.0022490176748722157
At 354451456 positions
Running Loss: 0.0022527999846712853
At 364462080 positions
Running Loss: 0.002256064680321127
At 374472704 positions
Running Loss: 0.002255969859184103
At 384483328 positions
Running Loss: 0.0022479529856855077
At 394493952 positions
Running Loss: 0.0022555037528130114
At 404504576 positions
Running Loss: 0.002251953228015556
At 414515200 positions
Running Loss: 0.002247070134564039
At 424525824 positions
Running Loss: 0.0022474478582703737
At 434536448 positions
Running Loss: 0.0022518457250392185
At 444547072 positions
Running Loss: 0.002251936839177058
At 454557696 positions
Running Loss: 0.0022512092918108803
At 464568320 positions
Running Loss: 0.002243766808080595
At 474578944 positions
Running Loss: 0.002246088169990702
At 484589568 positions
Running Loss: 0.0022470724758266816
At 494600192 positions
Running Loss: 0.002239603847996888
At 504610816 positions
Running Loss: 0.002239695937660829
At 514621440 positions
Running Loss: 0.0022377072301511874
At 524632064 positions
Running Loss: 0.0022451614201946853
At 534642688 positions
Running Loss: 0.002233886874834176
At 544653312 positions
Running Loss: 0.0022561198950984476
At 554663936 positions
Running Loss: 0.002253837944442824
At 564674560 positions
Running Loss: 0.0022498256055891223
At 574685184 positions
Running Loss: 0.0022449362687705582
At 584695808 positions
Running Loss: 0.002250797229585788
At 594706432 positions
Running Loss: 0.0022465975897206806
At 604717056 positions
Running Loss: 0.0022444442134051785
At 614727680 positions
Running Loss: 0.002257508654055931
At 624738304 positions
Running Loss: 0.0022531556614877354
At 634748928 positions
Running Loss: 0.0022485909797556078
At 644759552 positions
Running Loss: 0.0022437554919778227
At 654770176 positions
Running Loss: 0.0022511575889275232
At 664780800 positions
Running Loss: 0.0022425390109297883
At 674791424 positions
Running Loss: 0.002250207231399861
At 684802048 positions
Running Loss: 0.00225244860016968
At 694812672 positions
Running Loss: 0.0022350022913781398
At 704823296 positions
Running Loss: 0.002244083073642562
At 714833920 positions
Running Loss: 0.0022492769697098802
At 724844544 positions
Running Loss: 0.0022439962518195668
At 734855168 positions
Running Loss: 0.002248992701404028
At 744865792 positions
Running Loss: 0.002253341401657379
At 754876416 positions
Running Loss: 0.0022471150087646882
At 764887040 positions
Running Loss: 0.002254567247755984
At 774897664 positions
Running Loss: 0.002250013101705748
At 784908288 positions
Running Loss: 0.002252732283159871
At 794918912 positions
Running Loss: 0.0022411564953393514
At 804929536 positions
Running Loss: 0.002251817434782287
At 814940160 positions
Running Loss: 0.0022319447974721656
At 824950784 positions
Running Loss: 0.0022407645289519414
At 834961408 positions
Running Loss: 0.002232750191821209
At 844972032 positions
Running Loss: 0.002253822726235647
At 854982656 positions
Running Loss: 0.0022492960900214612
At 864993280 positions
Running Loss: 0.0022505336424332788
At 875003904 positions
Running Loss: 0.0022420213967805605
At 885014528 positions
Running Loss: 0.0022522570068434296
At 895025152 positions
Running Loss: 0.0022461279714556257
At 905035776 positions
Running Loss: 0.0022546013911695214
At 915046400 positions
Running Loss: 0.0022431227657486686
At 925057024 positions
Running Loss: 0.002246833081721479
At 935067648 positions
Running Loss: 0.002244736481025059
At 945078272 positions
Running Loss: 0.0022558787450462628
At 955088896 positions
Running Loss: 0.0022446356116262085
At 965099520 positions
Running Loss: 0.002245479441703634
At 975110144 positions
Running Loss: 0.0022520831680922187
At 985120768 positions
Running Loss: 0.0022349671724385014
At 995131392 positions
Running Loss: 0.0022498244349578008
At 1005142016 positions
Running Loss: 0.0022469474133805247
At 1015152640 positions
Running Loss: 0.002242126753599476
At 1025163264 positions
Running Loss: 0.002242672853110855
At 1035173888 positions
Running Loss: 0.0022492024395157585
At 1045184512 positions
Running Loss: 0.002246770648051011
At 1055195136 positions
Running Loss: 0.0022482434973584062
At 1065205760 positions
Running Loss: 0.002250108313053212
At 1075216384 positions
Running Loss: 0.002245364524728928
At 1085227008 positions
Running Loss: 0.0022483480737564413
At 1095237632 positions
Running Loss: 0.002243680961783701
At 1105248256 positions
Running Loss: 0.002241745908209618
At 1115258880 positions
Running Loss: 0.002242580763446914
At 1125269504 positions
Running Loss: 0.00224321524562305
At 1135280128 positions
Running Loss: 0.0022416721584363774
At 1145290752 positions
Running Loss: 0.002237799905130789
At 1155301376 positions
Running Loss: 0.0022412751193132416
At 1165312000 positions
Running Loss: 0.00225092638924157
At 1175322624 positions
Running Loss: 0.0022520164421069057
At 1185333248 positions
Running Loss: 0.0022475737011374117
At 1195343872 positions
Running Loss: 0.0022430187746662945
At 1205354496 positions
Running Loss: 0.002244098486954959
At 1215365120 positions
Running Loss: 0.002240033079481359
At 1225375744 positions
Running Loss: 0.002240256474958504
At 1235386368 positions
Running Loss: 0.0022465445211007824
At 1245396992 positions
Running Loss: 0.0022416380150228395
At 1255407616 positions
Running Loss: 0.0022399386485547753
At 1265418240 positions
Running Loss: 0.0022496968361437808
At 1275428864 positions
Running Loss: 0.002245784781373269
At 1285439488 positions
Running Loss: 0.0022576897117002896
At 1295450112 positions
Running Loss: 0.0022478171924522387
At 1305460736 positions
Running Loss: 0.0022541994744158804
At 1315471360 positions
Running Loss: 0.002240588348938088
At 1325481984 positions
Running Loss: 0.0022454150569809635
At 1335492608 positions
Running Loss: 0.0022418678489722517
At 1345503232 positions
Running Loss: 0.0022502788350156795
At 1355513856 positions
Running Loss: 0.002244151165364417
At 1365524480 positions
Running Loss: 0.0022403509058850878
At 1375535104 positions
Running Loss: 0.0022455791404711635
At 1385545728 positions
Running Loss: 0.0022515552133663195
At 1395556352 positions
Running Loss: 0.0022399837178606447
At 1405566976 positions
Running Loss: 0.0022435410713408073
At 1415577600 positions
Running Loss: 0.002245720981966259
At 1425588224 positions
Running Loss: 0.002246362487930323
At 1435598848 positions
Running Loss: 0.002237107086493809
At 1445609472 positions
Running Loss: 0.002240365733881824
At 1455620096 positions
Running Loss: 0.002247022528890307
At 1465630720 positions
Running Loss: 0.00225071704134028
At 1475641344 positions
Running Loss: 0.002250196500612749
At 1485651968 positions
Running Loss: 0.002245305602952423
At 1495662592 positions
Running Loss: 0.002256580928733813
At 1505673216 positions
Running Loss: 0.0022427746980358066
At 1515683840 positions
Running Loss: 0.002242135143123945
At 1525694464 positions
Running Loss: 0.002249929401566276
At 1535705088 positions
Running Loss: 0.0022475350703038094
At 1545715712 positions
Running Loss: 0.00224834690312512
At 1555726336 positions
Running Loss: 0.002241953695269146
At 1565736960 positions
Running Loss: 0.0022521731115987373
At 1575747584 positions
Running Loss: 0.002245160249563364
At 1585758208 positions
Running Loss: 0.002253295551930629
At 1595768832 positions
Running Loss: 0.002236952172948959
At 1605779456 positions
Running Loss: 0.002238573497328938
At 1615790080 positions
Running Loss: 0.0022384595558803326
At 1625800704 positions
Running Loss: 0.0022357368625322456
At 1635811328 positions
Running Loss: 0.002245471052179165
At 1645821952 positions
Running Loss: 0.0022486284399578886
At 1655832576 positions
Running Loss: 0.0022449988975462467
At 1665843200 positions
Running Loss: 0.002242785819033359
At 1675853824 positions
Running Loss: 0.0022404923571697427
At 1685864448 positions
Running Loss: 0.0022485535195533265
At 1695875072 positions
Running Loss: 0.002243483515300844
At 1705885696 positions
Running Loss: 0.0022415414379388337
At 1715896320 positions
Running Loss: 0.0022444416770373158
At 1725906944 positions
Running Loss: 0.0022505379347481235
At 1735917568 positions
Running Loss: 0.0022441841381466332
At 1745928192 positions
Running Loss: 0.0022434017662135747
At 1755938816 positions
Running Loss: 0.002245401789825989
At 1765949440 positions
Running Loss: 0.002250429066035244
At 1775960064 positions
Running Loss: 0.0022413367725628293
At 1785970688 positions
Running Loss: 0.002240948903385044
At 1795981312 positions
Running Loss: 0.0022441232653179263
At 1805991936 positions
Running Loss: 0.002243901430682543
At 1816002560 positions
Running Loss: 0.00223752734313815
At 1826013184 positions
Running Loss: 0.0022497091277726543
At 1836023808 positions
Running Loss: 0.002250745136491991
At 1846034432 positions
Running Loss: 0.0022515431168426666
At 1856045056 positions
Running Loss: 0.0022448904190438077
At 1866055680 positions
Running Loss: 0.0022456565972435883
At 1876066304 positions
Running Loss: 0.002258260979785076
At 1886076928 positions
Running Loss: 0.0022431992469949926
At 1896087552 positions
Running Loss: 0.002236881154648801
At 1906098176 positions
Running Loss: 0.0022336773318276664
At 1916108800 positions
Running Loss: 0.0022334960790780876
At 1926119424 positions
Running Loss: 0.0022424670171035293
At 1936130048 positions
Running Loss: 0.0022402338427529593
At 1946140672 positions
Running Loss: 0.002250444674452861
At 1956151296 positions
Running Loss: 0.0022497889258077217
At 1966161920 positions
Running Loss: 0.0022458608724091524
At 1976172544 positions
Running Loss: 0.002248058732714864
At 1986183168 positions
Running Loss: 0.0022378270247563987
At 1996193792 positions
Running Loss: 0.002248833495544334
At 2006204416 positions
Running Loss: 0.002254020562928944
At 2016215040 positions
Running Loss: 0.002243679205836719
At 2026225664 positions
Running Loss: 0.0022423735617030467
At 2036236288 positions
Running Loss: 0.0022405364509495112
At 2046246912 positions
Running Loss: 0.0022427144105227606
At 2056257536 positions
Running Loss: 0.002252491718423347
At 2066268160 positions
Running Loss: 0.0022449764604459224
At 2076278784 positions
Running Loss: 0.00223969671808171
At 2086289408 positions
Running Loss: 0.002239948208710566
At 2096300032 positions
Running Loss: 0.0022440709771189087
At 2106310656 positions
Running Loss: 0.0022447598936514847
At 2116321280 positions
Running Loss: 0.0022384008292090484
At 2126331904 positions
Running Loss: 0.0022363758321284465
At 2136342528 positions
Running Loss: 0.0022362868641480293
At 2146353152 positions
Running Loss: 0.0022382143086185236
At 2156363776 positions
Running Loss: 0.002241616943659057
At 2166374400 positions
Running Loss: 0.0022298083953108216
At 2176385024 positions
Running Loss: 0.00224347063835631
At 2186395648 positions
Running Loss: 0.0022368440846569602
At 2196406272 positions
Running Loss: 0.002242561643135333
At 2206416896 positions
Running Loss: 0.0022457968778969222
At 2216427520 positions
Running Loss: 0.0022428593737013796
At 2226438144 positions
Running Loss: 0.0022404744074894832
At 2236448768 positions
Running Loss: 0.002244799304905968
At 2246459392 positions
Running Loss: 0.0022342571845421423
At 2256470016 positions
Running Loss: 0.0022408484241966337
At 2266480640 positions
Running Loss: 0.002241653818545677
At 2276491264 positions
Running Loss: 0.002238129828058171
At 2286501888 positions
Running Loss: 0.0022440005441344115
At 2296512512 positions
Running Loss: 0.0022431290091157155
At 2306523136 positions
Running Loss: 0.002244937049191439
At 2316533760 positions
Running Loss: 0.0022374009149554513
At 2326544384 positions
Running Loss: 0.0022454673451799806
At 2336555008 positions
Running Loss: 0.002242517159145124
At 2346565632 positions
Running Loss: 0.00224049879564201
At 2356576256 positions
Running Loss: 0.0022467521130550903
At 2366586880 positions
Running Loss: 0.0022481752105313313
At 2376597504 positions
Running Loss: 0.0022479982500965973
At 2386608128 positions
Running Loss: 0.0022327031714631375
At 2396618752 positions
Running Loss: 0.0022451643467729884
At 2406629376 positions
Running Loss: 0.0022401062439389393
At 2416640000 positions
Running Loss: 0.0022345679871579433
At 2426650624 positions
Running Loss: 0.0022388651796331578
At 2436661248 positions
Running Loss: 0.0022375271480329297
At 2446671872 positions
Running Loss: 0.002236549280669217
At 2456682496 positions
Running Loss: 0.0022488652976952288
At 2466693120 positions
Running Loss: 0.0022352982659972044
At 2476703744 positions
Running Loss: 0.0022381715805752968
At 2486714368 positions
Running Loss: 0.0022410710392528977
At 2496724992 positions
Running Loss: 0.0022438440697478
At 2506735616 positions
Running Loss: 0.0022424371660048365
At 2516746240 positions
Running Loss: 0.0022480497578747337
At 2526756864 positions
Running Loss: 0.002244073708591992
At 2536767488 positions
Running Loss: 0.0022476593523290856
At 2546778112 positions
Running Loss: 0.002236564693981614
At 2556788736 positions
Running Loss: 0.002241896334334403
At 2566799360 positions
Running Loss: 0.0022508075701624594
At 2576809984 positions
Running Loss: 0.00224190257770145
At 2586820608 positions
Running Loss: 0.00223814699731755
At 2596831232 positions
Running Loss: 0.002237676208421173
At 2606841856 positions
Running Loss: 0.0022317561307242184
At 2616852480 positions
Running Loss: 0.002239404060251389
At 2626863104 positions
Running Loss: 0.002242353465865365
At 2636873728 positions
Running Loss: 0.0022364396315354565
At 2646884352 positions
Running Loss: 0.002243635112056951
At 2656894976 positions
Running Loss: 0.0022494648560369463
At 2666905600 positions
Running Loss: 0.0022557443175495353
At 2676916224 positions
Running Loss: 0.002241677426277323
At 2686926848 positions
Running Loss: 0.0022366489794367465
At 2696937472 positions
Running Loss: 0.0022409496838059245
At 2706948096 positions
Running Loss: 0.0022422090880024064
At 2716958720 positions
Running Loss: 0.002238030519501082
At 2726969344 positions
Running Loss: 0.0022358755823438177
At 2736979968 positions
Running Loss: 0.002236892860962014
At 2746990592 positions
Running Loss: 0.0022372543909350705
At 2757001216 positions
Running Loss: 0.0022386013973754284
At 2767011840 positions
Running Loss: 0.0022492828228664868
At 2777022464 positions
Running Loss: 0.0022344833114923703
At 2787033088 positions
Running Loss: 0.002232203116783729
At 2797043712 positions
Running Loss: 0.002244896077095194
At 2807054336 positions
Running Loss: 0.0022426669999542487
At 2817064960 positions
Running Loss: 0.0022286916130303167
At 2827075584 positions
Running Loss: 0.00223178461608637
At 2837086208 positions
Running Loss: 0.0022363299824016965
At 2847096832 positions
Running Loss: 0.002233570414166989
At 2857107456 positions
Running Loss: 0.0022394450323476338
At 2867118080 positions
Running Loss: 0.002224666592337301
At 2877128704 positions
Running Loss: 0.002237758933034544
At 2887139328 positions
Running Loss: 0.002229458766756198
At 2897149952 positions
Running Loss: 0.002232693611307347
At 2907160576 positions
Running Loss: 0.002239576533266058
At 2917171200 positions
Running Loss: 0.002251860162825514
At 2927181824 positions
Running Loss: 0.002241889505651696
At 2937192448 positions
Running Loss: 0.0022364047077010384
At 2947203072 positions
Running Loss: 0.0022412903375204182
At 2957213696 positions
Running Loss: 0.002236002400736957
At 2967224320 positions
Running Loss: 0.0022351981770192346
At 2977234944 positions
Running Loss: 0.00223259605869724
At 2987245568 positions
Running Loss: 0.0022332028359321058
At 2997256192 positions
Running Loss: 0.0022437954885479667
At 3007266816 positions
Running Loss: 0.0022375443172923085
At 3017277440 positions
Running Loss: 0.002238179774994546
At 3027288064 positions
Running Loss: 0.0022294626688606025
At 3037298688 positions
Running Loss: 0.0022395240499618204
At 3047309312 positions
Running Loss: 0.002246167772920549
At 3057319936 positions
Running Loss: 0.00223012583150411
At 3067330560 positions
Running Loss: 0.00223350759028608
At 3077341184 positions
Running Loss: 0.0022415008560530292
At 3087351808 positions
Running Loss: 0.0022385867644839122
At 3097362432 positions
Running Loss: 0.0022397062782375005
At 3107373056 positions
Running Loss: 0.0022358500235599697
At 3117383680 positions
Running Loss: 0.002229379163826351
At 3127394304 positions
Running Loss: 0.002235178276286773
At 3137404928 positions
Running Loss: 0.002241806781038325
At 3147415552 positions
Running Loss: 0.0022409085166044595
At 3157426176 positions
Running Loss: 0.0022330256803921515
At 3167436800 positions
Running Loss: 0.0022308408921361943
At 3177447424 positions
Running Loss: 0.0022456302580388596
At 3187458048 positions
Running Loss: 0.002236664978064804
At 3197468672 positions
Running Loss: 0.002241529731625621
At 3207479296 positions
Running Loss: 0.0022290416317953805
At 3217489920 positions
Running Loss: 0.002240512257902205
At 3227500544 positions
Running Loss: 0.0022345882781008458
At 3237511168 positions
Running Loss: 0.002235342554882193
At 3247521792 positions
Running Loss: 0.0022360942952956778
At 3257532416 positions
Running Loss: 0.0022338256117950287
At 3267543040 positions
Running Loss: 0.002238377806793063
At 3277553664 positions
Running Loss: 0.0022352619764262447
At 3287564288 positions
Running Loss: 0.0022331261595805616
At 3297574912 positions
Running Loss: 0.0022316099969142784
At 3307585536 positions
Running Loss: 0.0022235304946399944
epoch 15
epoch train loss: 0.0022437209914938677
epoch pos/s: 1246138.6747724363
At 7946240 positions
Running Loss: 0.0022413658432406413
At 17956864 positions
Running Loss: 0.002251638718400571
At 27967488 positions
Running Loss: 0.0022442688138122058
At 37978112 positions
Running Loss: 0.0022442604242877365
At 47988736 positions
Running Loss: 0.0022486381952188995
At 57999360 positions
Running Loss: 0.002243567995861197
At 68009984 positions
Running Loss: 0.002248510011089219
At 78020608 positions
Running Loss: 0.002242726702151634
At 88031232 positions
Running Loss: 0.002242262741937965
At 98041856 positions
Running Loss: 0.0022503902400964216
At 108052480 positions
Running Loss: 0.0022463913635029143
At 118063104 positions
Running Loss: 0.0022406386860849034
At 128073728 positions
Running Loss: 0.0022462136226472995
At 138084352 positions
Running Loss: 0.0022511090077276903
At 148094976 positions
Running Loss: 0.002251443222969917
At 158105600 positions
Running Loss: 0.002244265301918242
At 168116224 positions
Running Loss: 0.0022487815975557567
At 178126848 positions
Running Loss: 0.0022534512458963598
At 188137472 positions
Running Loss: 0.002251675007971531
At 198148096 positions
Running Loss: 0.0022467349437957115
At 208158720 positions
Running Loss: 0.002236653076646371
At 218169344 positions
Running Loss: 0.0022479894703616877
At 228179968 positions
Running Loss: 0.002243495026508837
At 238190592 positions
Running Loss: 0.002245760003010302
At 248201216 positions
Running Loss: 0.002258201472692911
At 258211840 positions
Running Loss: 0.0022438774327404563
At 268222464 positions
Running Loss: 0.002251875381032691
At 278233088 positions
Running Loss: 0.0022455672390527303
At 288243712 positions
Running Loss: 0.0022517784137382445
At 298254336 positions
Running Loss: 0.002239819049054784
At 308264960 positions
Running Loss: 0.0022464498950689788
At 318275584 positions
Running Loss: 0.0022474716611072397
At 328286208 positions
Running Loss: 0.002245957644598379
At 338296832 positions
Running Loss: 0.0022488928075312786
At 348307456 positions
Running Loss: 0.002243509464295133
At 358318080 positions
Running Loss: 0.002256038731326838
At 368328704 positions
Running Loss: 0.0022468871258674783
At 378339328 positions
Running Loss: 0.002250609343258722
At 388349952 positions
Running Loss: 0.0022529980164698025
At 398360576 positions
Running Loss: 0.002256251786227312
At 408371200 positions
Running Loss: 0.002241739469737351
At 418381824 positions
Running Loss: 0.0022524796218996936
At 428392448 positions
Running Loss: 0.0022381969442539246
At 438403072 positions
Running Loss: 0.0022485203516658904
At 448413696 positions
Running Loss: 0.00225068953150423
At 458424320 positions
Running Loss: 0.002248578688126734
At 468434944 positions
Running Loss: 0.0022429750710969668
At 478445568 positions
Running Loss: 0.0022383965368942037
At 488456192 positions
Running Loss: 0.002245377206568242
At 498466816 positions
Running Loss: 0.0022389237111992218
At 508477440 positions
Running Loss: 0.0022334092572550922
At 518488064 positions
Running Loss: 0.002239127986364786
At 528498688 positions
Running Loss: 0.0022392329529732614
At 538509312 positions
Running Loss: 0.0022360080587883434
At 548519936 positions
Running Loss: 0.0022553254266417357
At 558530560 positions
Running Loss: 0.002248820033284139
At 568541184 positions
Running Loss: 0.002239922064611057
At 578551808 positions
Running Loss: 0.0022495715785924033
At 588562432 positions
Running Loss: 0.0022483802661177766
At 598573056 positions
Running Loss: 0.0022430970118596004
At 608583680 positions
Running Loss: 0.0022418116586688302
At 618594304 positions
Running Loss: 0.002263709878375214
At 628604928 positions
Running Loss: 0.002245745565224006
At 638615552 positions
Running Loss: 0.0022467212864302963
At 648626176 positions
Running Loss: 0.0022438083654925008
At 658636800 positions
Running Loss: 0.00223778254076619
At 668647424 positions
Running Loss: 0.0022470112127875347
At 678658048 positions
Running Loss: 0.0022474907814188207
At 688668672 positions
Running Loss: 0.0022438029025463346
At 698679296 positions
Running Loss: 0.0022407616023736384
At 708689920 positions
Running Loss: 0.002240530792898125
At 718700544 positions
Running Loss: 0.0022360265937842634
At 728711168 positions
Running Loss: 0.0022521418947635033
At 738721792 positions
Running Loss: 0.0022493969594203117
At 748732416 positions
Running Loss: 0.0022448102307983
At 758743040 positions
Running Loss: 0.0022481716986373678
At 768753664 positions
Running Loss: 0.0022490414777090817
At 778764288 positions
Running Loss: 0.00225221174243234
At 788774912 positions
Running Loss: 0.002246542765153801
At 798785536 positions
Running Loss: 0.0022345662312109613
At 808796160 positions
Running Loss: 0.0022504554052399733
At 818806784 positions
Running Loss: 0.002232817698227403
At 828817408 positions
Running Loss: 0.002233679673090309
At 838828032 positions
Running Loss: 0.00223659747165861
At 848838656 positions
Running Loss: 0.0022536740560578443
At 858849280 positions
Running Loss: 0.0022484112878477904
At 868859904 positions
Running Loss: 0.0022395831668435453
At 878870528 positions
Running Loss: 0.0022429676570985984
At 888881152 positions
Running Loss: 0.0022495707981715226
At 898891776 positions
Running Loss: 0.002246549398731288
At 908902400 positions
Running Loss: 0.0022473520616072486
At 918913024 positions
Running Loss: 0.002245370963201195
At 928923648 positions
Running Loss: 0.002247038137307924
At 938934272 positions
Running Loss: 0.0022375591452890448
At 948944896 positions
Running Loss: 0.002252628487182717
At 958955520 positions
Running Loss: 0.0022487131156234616
At 968966144 positions
Running Loss: 0.0022366811717980817
At 978976768 positions
Running Loss: 0.0022478571890223826
At 988987392 positions
Running Loss: 0.0022328838388970557
At 998998016 positions
Running Loss: 0.002252133505239034
At 1009008640 positions
Running Loss: 0.0022400715152097414
At 1019019264 positions
Running Loss: 0.00223753631797828
At 1029029888 positions
Running Loss: 0.0022465973946154605
At 1039040512 positions
Running Loss: 0.002247259776838087
At 1049051136 positions
Running Loss: 0.002250912146560494
At 1059061760 positions
Running Loss: 0.0022365804975044514
At 1069072384 positions
Running Loss: 0.0022440579050691544
At 1079083008 positions
Running Loss: 0.00224498367933907
At 1089093632 positions
Running Loss: 0.0022472420222630477
At 1099104256 positions
Running Loss: 0.002240969389433166
At 1109114880 positions
Running Loss: 0.002236258768996318
At 1119125504 positions
Running Loss: 0.00224333386959694
At 1129136128 positions
Running Loss: 0.0022409686090122853
At 1139146752 positions
Running Loss: 0.0022355889727753236
At 1149157376 positions
Running Loss: 0.002239527171645344
At 1159168000 positions
Running Loss: 0.002240577227940536
At 1169178624 positions
Running Loss: 0.0022511866596053353
At 1179189248 positions
Running Loss: 0.002244701947401081
At 1189199872 positions
Running Loss: 0.002241406815336886
At 1199210496 positions
Running Loss: 0.0022421544585407463
At 1209221120 positions
Running Loss: 0.002244636196941869
At 1219231744 positions
Running Loss: 0.0022302793793124187
At 1229242368 positions
Running Loss: 0.0022476335984400173
At 1239252992 positions
Running Loss: 0.0022471846613283048
At 1249263616 positions
Running Loss: 0.002235162472763936
At 1259274240 positions
Running Loss: 0.0022389049810980816
At 1269284864 positions
Running Loss: 0.002246703726960477
At 1279295488 positions
Running Loss: 0.002248007224936727
At 1289306112 positions
Running Loss: 0.002253326768765863
At 1299316736 positions
Running Loss: 0.0022498146796967903
At 1309327360 positions
Running Loss: 0.0022413084823058984
At 1319337984 positions
Running Loss: 0.0022432138798865087
At 1329348608 positions
Running Loss: 0.002238699340195976
At 1339359232 positions
Running Loss: 0.002246206013543711
At 1349369856 positions
Running Loss: 0.0022418163411941153
At 1359380480 positions
Running Loss: 0.0022414483727487915
At 1369391104 positions
Running Loss: 0.002237438765368173
At 1379401728 positions
Running Loss: 0.002244046393861162
At 1389412352 positions
Running Loss: 0.0022490873274358322
At 1399422976 positions
Running Loss: 0.0022395123436486078
At 1409433600 positions
Running Loss: 0.0022418696049192337
At 1419444224 positions
Running Loss: 0.002241216587747177
At 1429454848 positions
Running Loss: 0.00224646023564565
At 1439465472 positions
Running Loss: 0.0022250181719441265
At 1449476096 positions
Running Loss: 0.0022437186170912024
At 1459486720 positions
Running Loss: 0.0022510973014144772
At 1469497344 positions
Running Loss: 0.0022421893823751644
At 1479507968 positions
Running Loss: 0.002244317004801599
At 1489518592 positions
Running Loss: 0.002251494340537613
At 1499529216 positions
Running Loss: 0.002250128018680454
At 1509539840 positions
Running Loss: 0.002243759198977007
At 1519550464 positions
Running Loss: 0.0022414025230220415
At 1529561088 positions
Running Loss: 0.00224566713292548
At 1539571712 positions
Running Loss: 0.0022465433504694613
At 1549582336 positions
Running Loss: 0.0022471214472369553
At 1559592960 positions
Running Loss: 0.002238117731534518
At 1569603584 positions
Running Loss: 0.0022507904009030806
At 1579614208 positions
Running Loss: 0.002245890723507845
At 1589624832 positions
Running Loss: 0.002246682460491474
At 1599635456 positions
Running Loss: 0.002233594217003855
At 1609646080 positions
Running Loss: 0.00223986080157191
At 1619656704 positions
Running Loss: 0.0022299311164943364
At 1629667328 positions
Running Loss: 0.0022411953212781743
At 1639677952 positions
Running Loss: 0.002242817621184254
At 1649688576 positions
Running Loss: 0.002240533524371208
At 1659699200 positions
Running Loss: 0.002248879345271084
At 1669709824 positions
Running Loss: 0.0022359590873780697
At 1679720448 positions
Running Loss: 0.002246273324844685
At 1689731072 positions
Running Loss: 0.002238039494341212
At 1699741696 positions
Running Loss: 0.0022419064798058544
At 1709752320 positions
Running Loss: 0.0022400008871200235
At 1719762944 positions
Running Loss: 0.0022440216154981946
At 1729773568 positions
Running Loss: 0.0022485263999277166
At 1739784192 positions
Running Loss: 0.0022409231494959756
At 1749794816 positions
Running Loss: 0.002240510501955223
At 1759805440 positions
Running Loss: 0.0022479209884293926
At 1769816064 positions
Running Loss: 0.0022370360681936512
At 1779826688 positions
Running Loss: 0.002242921026950967
At 1789837312 positions
Running Loss: 0.002238487260821603
At 1799847936 positions
Running Loss: 0.0022450667941628813
At 1809858560 positions
Running Loss: 0.0022409951433222343
At 1819869184 positions
Running Loss: 0.0022375378788200414
At 1829879808 positions
Running Loss: 0.0022421661648539593
At 1839890432 positions
Running Loss: 0.002255439563195561
At 1849901056 positions
Running Loss: 0.0022471854417491855
At 1859911680 positions
Running Loss: 0.0022425567655048276
At 1869922304 positions
Running Loss: 0.002249010651084288
At 1879932928 positions
Running Loss: 0.0022469655581660044
At 1889943552 positions
Running Loss: 0.0022392838754357373
At 1899954176 positions
Running Loss: 0.002235876362764699
At 1909964800 positions
Running Loss: 0.0022284344643500745
At 1919975424 positions
Running Loss: 0.0022348393785192613
At 1929986048 positions
Running Loss: 0.002237638553113672
At 1939996672 positions
Running Loss: 0.002246219475803906
At 1950007296 positions
Running Loss: 0.0022457079099165046
At 1960017920 positions
Running Loss: 0.0022509209262954037
At 1970028544 positions
Running Loss: 0.002242309176980376
At 1980039168 positions
Running Loss: 0.0022409498789111447
At 1990049792 positions
Running Loss: 0.0022401591174536174
At 2000060416 positions
Running Loss: 0.0022445651786417112
At 2010071040 positions
Running Loss: 0.0022565860014695386
At 2020081664 positions
Running Loss: 0.0022370110947254637
At 2030092288 positions
Running Loss: 0.0022402086741795516
At 2040102912 positions
Running Loss: 0.0022423560022332275
At 2050113536 positions
Running Loss: 0.002239316848217953
At 2060124160 positions
Running Loss: 0.0022468898573405616
At 2070134784 positions
Running Loss: 0.0022453204309491595
At 2080145408 positions
Running Loss: 0.0022295403207382475
At 2090156032 positions
Running Loss: 0.0022441650178350522
At 2100166656 positions
Running Loss: 0.00224481959584887
At 2110177280 positions
Running Loss: 0.0022356765750191996
At 2120187904 positions
Running Loss: 0.0022425183297764455
At 2130198528 positions
Running Loss: 0.002231180375219367
At 2140209152 positions
Running Loss: 0.0022375197340345617
At 2150219776 positions
Running Loss: 0.002236464409898424
At 2160230400 positions
Running Loss: 0.002233560463800758
At 2170241024 positions
Running Loss: 0.00222962421598294
At 2180251648 positions
Running Loss: 0.0022453352589458958
At 2190262272 positions
Running Loss: 0.00223200352414345
At 2200272896 positions
Running Loss: 0.0022427128496809987
At 2210283520 positions
Running Loss: 0.0022404773340677863
At 2220294144 positions
Running Loss: 0.002239287582434921
At 2230304768 positions
Running Loss: 0.0022442461816066612
At 2240315392 positions
Running Loss: 0.0022361723373837635
At 2250326016 positions
Running Loss: 0.002236298570461242
At 2260336640 positions
Running Loss: 0.002241572459668848
At 2270347264 positions
Running Loss: 0.0022355189300012667
At 2280357888 positions
Running Loss: 0.0022380865146992834
At 2290368512 positions
Running Loss: 0.002246155091081235
At 2300379136 positions
Running Loss: 0.0022372262957833598
At 2310389760 positions
Running Loss: 0.0022362505745770695
At 2320400384 positions
Running Loss: 0.002237219076890212
At 2330411008 positions
Running Loss: 0.0022466703639678204
At 2340421632 positions
Running Loss: 0.0022417398599477913
At 2350432256 positions
Running Loss: 0.0022409963139535557
At 2360442880 positions
Running Loss: 0.002246579640040421
At 2370453504 positions
Running Loss: 0.0022391303276274284
At 2380464128 positions
Running Loss: 0.0022441810164631096
At 2390474752 positions
Running Loss: 0.002236628493388624
At 2400485376 positions
Running Loss: 0.002241422423754503
At 2410496000 positions
Running Loss: 0.002231080091136177
At 2420506624 positions
Running Loss: 0.0022403216401020555
At 2430517248 positions
Running Loss: 0.002229572513099583
At 2440527872 positions
Running Loss: 0.0022347913826350884
At 2450538496 positions
Running Loss: 0.0022477770007768745
At 2460549120 positions
Running Loss: 0.002239898066668971
At 2470559744 positions
Running Loss: 0.0022297853728948367
At 2480570368 positions
Running Loss: 0.0022366901466382115
At 2490580992 positions
Running Loss: 0.002240523378899757
At 2500591616 positions
Running Loss: 0.002245128642517689
At 2510602240 positions
Running Loss: 0.002242280886723445
At 2520612864 positions
Running Loss: 0.0022390302386494586
At 2530623488 positions
Running Loss: 0.0022499734953460443
At 2540634112 positions
Running Loss: 0.0022399050904568984
At 2550644736 positions
Running Loss: 0.002236848962287466
At 2560655360 positions
Running Loss: 0.0022443419782697863
At 2570665984 positions
Running Loss: 0.0022422695706206725
At 2580676608 positions
Running Loss: 0.0022380549076536087
At 2590687232 positions
Running Loss: 0.002233923359510356
At 2600697856 positions
Running Loss: 0.002234035154801539
At 2610708480 positions
Running Loss: 0.0022324230003669104
At 2620719104 positions
Running Loss: 0.002241433739857276
At 2630729728 positions
Running Loss: 0.0022403423212553984
At 2640740352 positions
Running Loss: 0.002233754593494871
At 2650750976 positions
Running Loss: 0.0022424020470651978
At 2660761600 positions
Running Loss: 0.0022545200322926923
At 2670772224 positions
Running Loss: 0.0022420194457283583
At 2680782848 positions
Running Loss: 0.0022417609313115745
At 2690793472 positions
Running Loss: 0.0022364324126423088
At 2700804096 positions
Running Loss: 0.002236539330302986
At 2710814720 positions
Running Loss: 0.002246110997301467
At 2720825344 positions
Running Loss: 0.002232794870916638
At 2730835968 positions
Running Loss: 0.0022279993797089974
At 2740846592 positions
Running Loss: 0.00223887630063071
At 2750857216 positions
Running Loss: 0.002233880631467129
At 2760867840 positions
Running Loss: 0.002247030723309556
At 2770878464 positions
Running Loss: 0.0022372181013641107
At 2780889088 positions
Running Loss: 0.0022296507502928887
At 2790899712 positions
Running Loss: 0.0022360583959351583
At 2800910336 positions
Running Loss: 0.0022414124733882725
At 2810920960 positions
Running Loss: 0.0022434733698293934
At 2820931584 positions
Running Loss: 0.0022233457299964516
At 2830942208 positions
Running Loss: 0.002233130061684966
At 2840952832 positions
Running Loss: 0.0022332648793921338
At 2850963456 positions
Running Loss: 0.002231703647419981
At 2860974080 positions
Running Loss: 0.002237068650765427
At 2870984704 positions
Running Loss: 0.002221522861923992
At 2880995328 positions
Running Loss: 0.002232342421910962
At 2891005952 positions
Running Loss: 0.002226605352910568
At 2901016576 positions
Running Loss: 0.002237339651916304
At 2911027200 positions
Running Loss: 0.0022463029808381576
At 2921037824 positions
Running Loss: 0.00224471931176568
At 2931048448 positions
Running Loss: 0.0022346618327688662
At 2941059072 positions
Running Loss: 0.002236037714781816
At 2951069696 positions
Running Loss: 0.002233403794308926
At 2961080320 positions
Running Loss: 0.002239664135509934
At 2971090944 positions
Running Loss: 0.0022340505681139357
At 2981101568 positions
Running Loss: 0.002227407625576088
At 2991112192 positions
Running Loss: 0.002234014473648196
At 3001122816 positions
Running Loss: 0.0022423745372291476
At 3011133440 positions
Running Loss: 0.0022373390666006435
At 3021144064 positions
Running Loss: 0.0022346302257231915
At 3031154688 positions
Running Loss: 0.0022329905614525128
At 3041165312 positions
Running Loss: 0.002234532673113085
At 3051175936 positions
Running Loss: 0.0022325150900308513
At 3061186560 positions
Running Loss: 0.0022373579918070043
At 3071197184 positions
Running Loss: 0.002229023877220341
At 3081207808 positions
Running Loss: 0.0022411974674355966
At 3091218432 positions
Running Loss: 0.002239649502618418
At 3101229056 positions
Running Loss: 0.0022373217022360445
At 3111239680 positions
Running Loss: 0.002227494837609524
At 3121250304 positions
Running Loss: 0.0022335210525462747
At 3131260928 positions
Running Loss: 0.0022325983999598826
At 3141271552 positions
Running Loss: 0.0022370253374065395
At 3151282176 positions
Running Loss: 0.0022394432764006517
At 3161292800 positions
Running Loss: 0.002231081847083159
At 3171303424 positions
Running Loss: 0.0022353577730893697
At 3181314048 positions
Running Loss: 0.002238371368320796
At 3191324672 positions
Running Loss: 0.0022371449369065306
At 3201335296 positions
Running Loss: 0.0022333193137485737
At 3211345920 positions
Running Loss: 0.002234676270555162
At 3221356544 positions
Running Loss: 0.0022371394739603644
At 3231367168 positions
Running Loss: 0.002233906775566638
At 3241377792 positions
Running Loss: 0.0022297685938458983
At 3251388416 positions
Running Loss: 0.0022356830134914667
At 3261399040 positions
Running Loss: 0.002231596339548863
At 3271409664 positions
Running Loss: 0.002236630249335606
At 3281420288 positions
Running Loss: 0.00223489322756004
At 3291430912 positions
Running Loss: 0.0022263296692344053
At 3301441536 positions
Running Loss: 0.0022301125643491354
epoch 16
epoch train loss: 0.002241532391437944
epoch pos/s: 1244234.9867699253
At 1802240 positions
Running Loss: 0.0022236649221367218
At 11812864 positions
Running Loss: 0.0022475190716757516
At 21823488 positions
Running Loss: 0.002241787075411083
At 31834112 positions
Running Loss: 0.0022492373633501766
At 41844736 positions
Running Loss: 0.002239456738660847
At 51855360 positions
Running Loss: 0.002246295176629349
At 61865984 positions
Running Loss: 0.0022420510527740327
At 71876608 positions
Running Loss: 0.002248014248724655
At 81887232 positions
Running Loss: 0.0022346688565567942
At 91897856 positions
Running Loss: 0.0022454131059287613
At 101908480 positions
Running Loss: 0.0022462108911742167
At 111919104 positions
Running Loss: 0.0022395802402652423
At 121929728 positions
Running Loss: 0.0022415240735742348
At 131940352 positions
Running Loss: 0.002244316224380718
At 141950976 positions
Running Loss: 0.0022518295313059405
At 151961600 positions
Running Loss: 0.002248256764513381
At 161972224 positions
Running Loss: 0.0022407973066289376
At 171982848 positions
Running Loss: 0.0022456382573528885
At 181993472 positions
Running Loss: 0.0022502179621869726
At 192004096 positions
Running Loss: 0.002248951143992123
At 202014720 positions
Running Loss: 0.002241341259982894
At 212025344 positions
Running Loss: 0.002235579607724753
At 222035968 positions
Running Loss: 0.002246986044214127
At 232046592 positions
Running Loss: 0.00224350692792727
At 242057216 positions
Running Loss: 0.0022484167507939566
At 252067840 positions
Running Loss: 0.0022541153840659684
At 262078464 positions
Running Loss: 0.002239555657007495
At 272089088 positions
Running Loss: 0.0022475846270297436
At 282099712 positions
Running Loss: 0.0022499578869284273
At 292110336 positions
Running Loss: 0.0022447181411343587
At 302120960 positions
Running Loss: 0.0022344840919132514
At 312131584 positions
Running Loss: 0.0022492806767090644
At 322142208 positions
Running Loss: 0.002240277741427507
At 332152832 positions
Running Loss: 0.0022468106446211543
At 342163456 positions
Running Loss: 0.0022393307006885886
At 352174080 positions
Running Loss: 0.002249481830191105
At 362184704 positions
Running Loss: 0.0022506739230866127
At 372195328 positions
Running Loss: 0.002246574957515136
At 382205952 positions
Running Loss: 0.002251930790915232
At 392216576 positions
Running Loss: 0.0022479397185305333
At 402227200 positions
Running Loss: 0.002253030599041578
At 412237824 positions
Running Loss: 0.002233970574973648
At 422248448 positions
Running Loss: 0.0022476433537010282
At 432259072 positions
Running Loss: 0.0022470332596774187
At 442269696 positions
Running Loss: 0.0022426605614819816
At 452280320 positions
Running Loss: 0.0022487336016715842
At 462290944 positions
Running Loss: 0.002240422509500906
At 472301568 positions
Running Loss: 0.0022383342983289555
At 482312192 positions
Running Loss: 0.0022405823006762617
At 492322816 positions
Running Loss: 0.00224395371888156
At 502333440 positions
Running Loss: 0.002228255357757918
At 512344064 positions
Running Loss: 0.002232586108331009
At 522354688 positions
Running Loss: 0.002241816146088895
At 532365312 positions
Running Loss: 0.002234066956952434
At 542375936 positions
Running Loss: 0.002242076611557881
At 552386560 positions
Running Loss: 0.0022498267762204433
At 562397184 positions
Running Loss: 0.0022485141082988435
At 572407808 positions
Running Loss: 0.002234928541604899
At 582418432 positions
Running Loss: 0.002249138054793088
At 592429056 positions
Running Loss: 0.0022455684096840517
At 602439680 positions
Running Loss: 0.002239675646717927
At 612450304 positions
Running Loss: 0.002243372110220102
At 622460928 positions
Running Loss: 0.002257376177611406
At 632471552 positions
Running Loss: 0.002242853520544773
At 642482176 positions
Running Loss: 0.002240710289700722
At 652492800 positions
Running Loss: 0.00224521136713106
At 662503424 positions
Running Loss: 0.0022358915809718755
At 672514048 positions
Running Loss: 0.0022465753477255764
At 682524672 positions
Running Loss: 0.0022437441758750504
At 692535296 positions
Running Loss: 0.002236545573670033
At 702545920 positions
Running Loss: 0.0022376326999570656
At 712556544 positions
Running Loss: 0.002241835071295256
At 722567168 positions
Running Loss: 0.002241887944809934
At 732577792 positions
Running Loss: 0.0022400133738541173
At 742588416 positions
Running Loss: 0.0022533142820317697
At 752599040 positions
Running Loss: 0.0022432493890365873
At 762609664 positions
Running Loss: 0.0022496948850915786
At 772620288 positions
Running Loss: 0.002240301154053933
At 782630912 positions
Running Loss: 0.0022511640273997903
At 792641536 positions
Running Loss: 0.0022408905669241996
At 802652160 positions
Running Loss: 0.0022448398867917726
At 812662784 positions
Running Loss: 0.002230453022958409
At 822673408 positions
Running Loss: 0.0022344924814377207
At 832684032 positions
Running Loss: 0.0022345992039931777
At 842694656 positions
Running Loss: 0.002240754773690931
At 852705280 positions
Running Loss: 0.0022467298710599857
At 862715904 positions
Running Loss: 0.0022458357038357447
At 872726528 positions
Running Loss: 0.0022382876681813243
At 882737152 positions
Running Loss: 0.002238031299921963
At 892747776 positions
Running Loss: 0.002247859140074585
At 902758400 positions
Running Loss: 0.002247170418647229
At 912769024 positions
Running Loss: 0.0022458115107884384
At 922779648 positions
Running Loss: 0.0022368940315933353
At 932790272 positions
Running Loss: 0.002243564874177674
At 942800896 positions
Running Loss: 0.0022464366279140043
At 952811520 positions
Running Loss: 0.002243362940274752
At 962822144 positions
Running Loss: 0.0022439509874084772
At 972832768 positions
Running Loss: 0.00224091846697069
At 982843392 positions
Running Loss: 0.0022390033141290694
At 992854016 positions
Running Loss: 0.0022389114195703486
At 1002864640 positions
Running Loss: 0.0022443788531564066
At 1012875264 positions
Running Loss: 0.0022390308239651196
At 1022885888 positions
Running Loss: 0.002239312165692668
At 1032896512 positions
Running Loss: 0.0022414481776435713
At 1042907136 positions
Running Loss: 0.002241434130067716
At 1052917760 positions
Running Loss: 0.002246295371734569
At 1062928384 positions
Running Loss: 0.0022404917718540822
At 1072939008 positions
Running Loss: 0.0022467460647932636
At 1082949632 positions
Running Loss: 0.002239575362634737
At 1092960256 positions
Running Loss: 0.0022421136815497216
At 1102970880 positions
Running Loss: 0.0022386351505785254
At 1112981504 positions
Running Loss: 0.0022326460056336147
At 1122992128 positions
Running Loss: 0.0022407126309633646
At 1133002752 positions
Running Loss: 0.002239650087934079
At 1143013376 positions
Running Loss: 0.002234698122339826
At 1153024000 positions
Running Loss: 0.0022356094588234458
At 1163034624 positions
Running Loss: 0.002241262632579148
At 1173045248 positions
Running Loss: 0.0022502973700115995
At 1183055872 positions
Running Loss: 0.0022439209412045643
At 1193066496 positions
Running Loss: 0.002238974828766918
At 1203077120 positions
Running Loss: 0.002234121586414094
At 1213087744 positions
Running Loss: 0.002240713216279025
At 1223098368 positions
Running Loss: 0.0022363399327679275
At 1233108992 positions
Running Loss: 0.002244125996791009
At 1243119616 positions
Running Loss: 0.002236847401445704
At 1253130240 positions
Running Loss: 0.0022305564287251225
At 1263140864 positions
Running Loss: 0.0022468590307157675
At 1273151488 positions
Running Loss: 0.0022415238784690146
At 1283162112 positions
Running Loss: 0.002252391239234937
At 1293172736 positions
Running Loss: 0.0022456011873610475
At 1303183360 positions
Running Loss: 0.002249773512495325
At 1313193984 positions
Running Loss: 0.0022330258754973717
At 1323204608 positions
Running Loss: 0.0022474954639441058
At 1333215232 positions
Running Loss: 0.0022350594572076625
At 1343225856 positions
Running Loss: 0.002243586140646677
At 1353236480 positions
Running Loss: 0.002239609310943054
At 1363247104 positions
Running Loss: 0.0022387393367661198
At 1373257728 positions
Running Loss: 0.002237088941708329
At 1383268352 positions
Running Loss: 0.002248134823750747
At 1393278976 positions
Running Loss: 0.0022356412609743407
At 1403289600 positions
Running Loss: 0.0022432400239860172
At 1413300224 positions
Running Loss: 0.002241739274632131
At 1423310848 positions
Running Loss: 0.002238409608943958
At 1433321472 positions
Running Loss: 0.0022392177347660847
At 1443332096 positions
Running Loss: 0.0022288537454683145
At 1453342720 positions
Running Loss: 0.002240456067598783
At 1463353344 positions
Running Loss: 0.0022478027546659427
At 1473363968 positions
Running Loss: 0.002247384644179024
At 1483374592 positions
Running Loss: 0.0022429469759452556
At 1493385216 positions
Running Loss: 0.002246247570955617
At 1503395840 positions
Running Loss: 0.002241393938392352
At 1513406464 positions
Running Loss: 0.0022412567794225413
At 1523417088 positions
Running Loss: 0.0022388327921666023
At 1533427712 positions
Running Loss: 0.0022447963783276646
At 1543438336 positions
Running Loss: 0.0022477274440509403
At 1553448960 positions
Running Loss: 0.0022395611199536613
At 1563459584 positions
Running Loss: 0.0022414973441590652
At 1573470208 positions
Running Loss: 0.0022449464142420095
At 1583480832 positions
Running Loss: 0.00224540296045731
At 1593491456 positions
Running Loss: 0.002239850656100459
At 1603502080 positions
Running Loss: 0.002227939092195951
At 1613512704 positions
Running Loss: 0.0022401288761444843
At 1623523328 positions
Running Loss: 0.0022290900178899937
At 1633533952 positions
Running Loss: 0.002241172493967409
At 1643544576 positions
Running Loss: 0.002240615663668918
At 1653555200 positions
Running Loss: 0.0022417855145693217
At 1663565824 positions
Running Loss: 0.0022430909635977737
At 1673576448 positions
Running Loss: 0.002234653638349617
At 1683587072 positions
Running Loss: 0.002248892222215618
At 1693597696 positions
Running Loss: 0.0022308881075994865
At 1703608320 positions
Running Loss: 0.0022428810303808232
At 1713618944 positions
Running Loss: 0.0022372227838893958
At 1723629568 positions
Running Loss: 0.0022477264685248394
At 1733640192 positions
Running Loss: 0.0022404310941305954
At 1743650816 positions
Running Loss: 0.0022357483737402385
At 1753661440 positions
Running Loss: 0.00224229454408886
At 1763672064 positions
Running Loss: 0.0022453852058822708
At 1773682688 positions
Running Loss: 0.002235821928408259
At 1783693312 positions
Running Loss: 0.0022389186384634964
At 1793703936 positions
Running Loss: 0.0022397599321730592
At 1803714560 positions
Running Loss: 0.0022432367071972734
At 1813725184 positions
Running Loss: 0.002229956285067744
At 1823735808 positions
Running Loss: 0.0022446576585160925
At 1833746432 positions
Running Loss: 0.0022468750293438253
At 1843757056 positions
Running Loss: 0.0022460395887908685
At 1853767680 positions
Running Loss: 0.002244056344227393
At 1863778304 positions
Running Loss: 0.0022436756939427554
At 1873788928 positions
Running Loss: 0.0022473075776170397
At 1883799552 positions
Running Loss: 0.0022404621158606097
At 1893810176 positions
Running Loss: 0.002235639505027359
At 1903820800 positions
Running Loss: 0.0022305392594657437
At 1913831424 positions
Running Loss: 0.0022338291236889928
At 1923842048 positions
Running Loss: 0.0022287362921257457
At 1933852672 positions
Running Loss: 0.0022341161234679277
At 1943863296 positions
Running Loss: 0.0022532157538955612
At 1953873920 positions
Running Loss: 0.002241070258832017
At 1963884544 positions
Running Loss: 0.0022424863325203304
At 1973895168 positions
Running Loss: 0.0022446732669337095
At 1983905792 positions
Running Loss: 0.002235152717502925
At 1993916416 positions
Running Loss: 0.0022416649395432292
At 2003927040 positions
Running Loss: 0.002245957644598379
At 2013937664 positions
Running Loss: 0.002248680533051686
At 2023948288 positions
Running Loss: 0.0022367014627409838
At 2033958912 positions
Running Loss: 0.002237730642777613
At 2043969536 positions
Running Loss: 0.002244278959283657
At 2053980160 positions
Running Loss: 0.0022391991997701643
At 2063990784 positions
Running Loss: 0.0022449602667126444
At 2074001408 positions
Running Loss: 0.002235762616421314
At 2084012032 positions
Running Loss: 0.002234901226874069
At 2094022656 positions
Running Loss: 0.00223656996182256
At 2104033280 positions
Running Loss: 0.0022453432582599246
At 2114043904 positions
Running Loss: 0.0022278081765931875
At 2124054528 positions
Running Loss: 0.0022372883392433878
At 2134065152 positions
Running Loss: 0.0022340413981685858
At 2144075776 positions
Running Loss: 0.0022334151104116988
At 2154086400 positions
Running Loss: 0.002237988571878736
At 2164097024 positions
Running Loss: 0.0022282723319120767
At 2174107648 positions
Running Loss: 0.0022343927826701912
At 2184118272 positions
Running Loss: 0.0022361577044922474
At 2194128896 positions
Running Loss: 0.002230762654942889
At 2204139520 positions
Running Loss: 0.0022474769289481853
At 2214150144 positions
Running Loss: 0.002237813367390984
At 2224160768 positions
Running Loss: 0.0022377546407196993
At 2234171392 positions
Running Loss: 0.002237852778645467
At 2244182016 positions
Running Loss: 0.002234495603121244
At 2254192640 positions
Running Loss: 0.002241236098269199
At 2264203264 positions
Running Loss: 0.00223377215296469
At 2274213888 positions
Running Loss: 0.0022331612785202
At 2284224512 positions
Running Loss: 0.0022376709405802276
At 2294235136 positions
Running Loss: 0.0022417855145693217
At 2304245760 positions
Running Loss: 0.002238263865344458
At 2314256384 positions
Running Loss: 0.0022336937206661645
At 2324267008 positions
Running Loss: 0.002237993059298801
At 2334277632 positions
Running Loss: 0.0022432010029419746
At 2344288256 positions
Running Loss: 0.0022384484348827805
At 2354298880 positions
Running Loss: 0.002240849009512294
At 2364309504 positions
Running Loss: 0.0022437272017208918
At 2374320128 positions
Running Loss: 0.0022432210987796564
At 2384330752 positions
Running Loss: 0.0022331361099467927
At 2394341376 positions
Running Loss: 0.002240069369052319
At 2404352000 positions
Running Loss: 0.002236992364624323
At 2414362624 positions
Running Loss: 0.0022308414774518553
At 2424373248 positions
Running Loss: 0.00223452818569302
At 2434383872 positions
Running Loss: 0.002229399454769253
At 2444394496 positions
Running Loss: 0.0022299929648491442
At 2454405120 positions
Running Loss: 0.0022486500966373323
At 2464415744 positions
Running Loss: 0.002236715315211619
At 2474426368 positions
Running Loss: 0.002226619400486423
At 2484436992 positions
Running Loss: 0.0022367356061545212
At 2494447616 positions
Running Loss: 0.0022421183640750067
At 2504458240 positions
Running Loss: 0.0022377189364644
At 2514468864 positions
Running Loss: 0.002244549570224094
At 2524479488 positions
Running Loss: 0.00223786448495868
At 2534490112 positions
Running Loss: 0.0022479637164726195
At 2544500736 positions
Running Loss: 0.0022349273709735776
At 2554511360 positions
Running Loss: 0.0022349164450812457
At 2564521984 positions
Running Loss: 0.002246243083535552
At 2574532608 positions
Running Loss: 0.0022361430716007313
At 2584543232 positions
Running Loss: 0.0022392553900735857
At 2594553856 positions
Running Loss: 0.0022291491347717187
At 2604564480 positions
Running Loss: 0.0022323968562674014
At 2614575104 positions
Running Loss: 0.002235608483297345
At 2624585728 positions
Running Loss: 0.002238098806328157
At 2634596352 positions
Running Loss: 0.002232542990077342
At 2644606976 positions
Running Loss: 0.0022370803570786395
At 2654617600 positions
Running Loss: 0.002240199894444642
At 2664628224 positions
Running Loss: 0.0022547625480814184
At 2674638848 positions
Running Loss: 0.0022405840566232433
At 2684649472 positions
Running Loss: 0.002239371282574393
At 2694660096 positions
Running Loss: 0.002233490225921481
At 2704670720 positions
Running Loss: 0.002241286630521234
At 2714681344 positions
Running Loss: 0.0022342113348153923
At 2724691968 positions
Running Loss: 0.0022275102509219206
At 2734702592 positions
Running Loss: 0.0022334258411988105
At 2744713216 positions
Running Loss: 0.002233237954871744
At 2754723840 positions
Running Loss: 0.002235203639965401
At 2764734464 positions
Running Loss: 0.0022421166081280247
At 2774745088 positions
Running Loss: 0.002236395147545248
At 2784755712 positions
Running Loss: 0.0022313934301198407
At 2794766336 positions
Running Loss: 0.002233856633525043
At 2804776960 positions
Running Loss: 0.0022396069696804114
At 2814787584 positions
Running Loss: 0.002234657150243581
At 2824798208 positions
Running Loss: 0.0022265678927082867
At 2834808832 positions
Running Loss: 0.002228373201310927
At 2844819456 positions
Running Loss: 0.0022253162927206136
At 2854830080 positions
Running Loss: 0.0022409621705400183
At 2864840704 positions
Running Loss: 0.00222431033020519
At 2874851328 positions
Running Loss: 0.0022292427852774214
At 2884861952 positions
Running Loss: 0.002224093178095092
At 2894872576 positions
Running Loss: 0.0022312367606280087
At 2904883200 positions
Running Loss: 0.0022334716909255606
At 2914893824 positions
Running Loss: 0.0022531129334445086
At 2924904448 positions
Running Loss: 0.002236872765124332
At 2934915072 positions
Running Loss: 0.002230938054535861
At 2944925696 positions
Running Loss: 0.00223322488282199
At 2954936320 positions
Running Loss: 0.002233327703273043
At 2964946944 positions
Running Loss: 0.002236271255730412
At 2974957568 positions
Running Loss: 0.0022276819435157087
At 2984968192 positions
Running Loss: 0.002230990732945319
At 2994978816 positions
Running Loss: 0.0022387674319178305
At 3004989440 positions
Running Loss: 0.002235838317246757
At 3015000064 positions
Running Loss: 0.00223208546833594
At 3025010688 positions
Running Loss: 0.002229211373336967
At 3035021312 positions
Running Loss: 0.00223433678747199
At 3045031936 positions
Running Loss: 0.002238568424593212
At 3055042560 positions
Running Loss: 0.0022270363403420206
At 3065053184 positions
Running Loss: 0.002234742801435255
At 3075063808 positions
Running Loss: 0.0022352426610094435
At 3085074432 positions
Running Loss: 0.0022345424283740953
At 3095085056 positions
Running Loss: 0.0022321434145863434
At 3105095680 positions
Running Loss: 0.0022360841498242265
At 3115106304 positions
Running Loss: 0.002229906338131369
At 3125116928 positions
Running Loss: 0.0022300559838352736
At 3135127552 positions
Running Loss: 0.002236241404631719
At 3145138176 positions
Running Loss: 0.002237471933255609
At 3155148800 positions
Running Loss: 0.002232134829956654
At 3165159424 positions
Running Loss: 0.0022264699498877392
At 3175170048 positions
Running Loss: 0.0022430615027095213
At 3185180672 positions
Running Loss: 0.0022271479405279833
At 3195191296 positions
Running Loss: 0.0022406814141281302
At 3205201920 positions
Running Loss: 0.0022240170870592084
At 3215212544 positions
Running Loss: 0.002237505686458706
At 3225223168 positions
Running Loss: 0.002234207432710988
At 3235233792 positions
Running Loss: 0.002232704342094459
At 3245244416 positions
Running Loss: 0.0022335590980642164
At 3255255040 positions
Running Loss: 0.0022286307402016097
At 3265265664 positions
Running Loss: 0.002234524868904276
At 3275276288 positions
Running Loss: 0.0022315091275154275
At 3285286912 positions
Running Loss: 0.002229966235433975
At 3295297536 positions
Running Loss: 0.0022282532116004957
At 3305308160 positions
Running Loss: 0.0022243885673984957
epoch 17
epoch train loss: 0.0022394805127909116
epoch pos/s: 1245621.8241005503
At 5668864 positions
Running Loss: 0.0022295364186338436
At 15679488 positions
Running Loss: 0.0022474476631651535
At 25690112 positions
Running Loss: 0.002241426716069348
At 35700736 positions
Running Loss: 0.0022432930926059155
At 45711360 positions
Running Loss: 0.0022399177722962123
At 55721984 positions
Running Loss: 0.0022388007949104873
At 65732608 positions
Running Loss: 0.002237792686237641
At 75743232 positions
Running Loss: 0.0022485839559676798
At 85753856 positions
Running Loss: 0.002229755521796144
At 95764480 positions
Running Loss: 0.002249882186102984
At 105775104 positions
Running Loss: 0.002239665891456916
At 115785728 positions
Running Loss: 0.002239160764041782
At 125796352 positions
Running Loss: 0.002240328663889983
At 135806976 positions
Running Loss: 0.0022434881978261297
At 145817600 positions
Running Loss: 0.0022522843215742596
At 155828224 positions
Running Loss: 0.0022366208842850357
At 165838848 positions
Running Loss: 0.002242971949413443
At 175849472 positions
Running Loss: 0.002250221083870496
At 185860096 positions
Running Loss: 0.002242738603570067
At 195870720 positions
Running Loss: 0.0022469719966382714
At 205881344 positions
Running Loss: 0.0022362088220599435
At 215891968 positions
Running Loss: 0.002238304252125042
At 225902592 positions
Running Loss: 0.0022385393539154004
At 235913216 positions
Running Loss: 0.0022424402876883597
At 245923840 positions
Running Loss: 0.0022491019603273483
At 255934464 positions
Running Loss: 0.00224580390168485
At 265945088 positions
Running Loss: 0.0022402993981069513
At 275955712 positions
Running Loss: 0.0022408374983043013
At 285966336 positions
Running Loss: 0.002255785874961441
At 295976960 positions
Running Loss: 0.0022347455329083383
At 305987584 positions
Running Loss: 0.002241579873667216
At 315998208 positions
Running Loss: 0.0022394846387073374
At 326008832 positions
Running Loss: 0.0022450833781065996
At 336019456 positions
Running Loss: 0.0022381192923762797
At 346030080 positions
Running Loss: 0.002241489735055477
At 356040704 positions
Running Loss: 0.002248213841364934
At 366051328 positions
Running Loss: 0.002246732602533069
At 376061952 positions
Running Loss: 0.0022493883747906223
At 386072576 positions
Running Loss: 0.0022418040495652417
At 396083200 positions
Running Loss: 0.002250942973185288
At 406093824 positions
Running Loss: 0.00224265919574544
At 416104448 positions
Running Loss: 0.0022470837919294543
At 426115072 positions
Running Loss: 0.00223493868707635
At 436125696 positions
Running Loss: 0.0022430862810724887
At 446136320 positions
Running Loss: 0.002244943487663706
At 456146944 positions
Running Loss: 0.0022425058430423517
At 466157568 positions
Running Loss: 0.002239904700246458
At 476168192 positions
Running Loss: 0.002236318666298924
At 486178816 positions
Running Loss: 0.002243490148878332
At 496189440 positions
Running Loss: 0.002231488446362085
At 506200064 positions
Running Loss: 0.002233556951906794
At 516210688 positions
Running Loss: 0.002228409295776667
At 526221312 positions
Running Loss: 0.002240239305699125
At 536231936 positions
Running Loss: 0.002226501752038634
At 546242560 positions
Running Loss: 0.0022500058828125997
At 556253184 positions
Running Loss: 0.002246568519042869
At 566263808 positions
Running Loss: 0.0022383766361617416
At 576274432 positions
Running Loss: 0.0022422871300904917
At 586285056 positions
Running Loss: 0.0022424008764338767
At 596295680 positions
Running Loss: 0.002240290033056381
At 606306304 positions
Running Loss: 0.00223871221714051
At 616316928 positions
Running Loss: 0.0022524993275269355
At 626327552 positions
Running Loss: 0.00224572176238714
At 636338176 positions
Running Loss: 0.002238863618791396
At 646348800 positions
Running Loss: 0.0022415995792944574
At 656359424 positions
Running Loss: 0.0022391439849928437
At 666370048 positions
Running Loss: 0.0022390444813305344
At 676380672 positions
Running Loss: 0.0022440934142192335
At 686391296 positions
Running Loss: 0.002242289861563575
At 696401920 positions
Running Loss: 0.002231335093658997
At 706412544 positions
Running Loss: 0.002239482687655135
At 716423168 positions
Running Loss: 0.0022343040097949937
At 726433792 positions
Running Loss: 0.0022412924836778406
At 736444416 positions
Running Loss: 0.0022445181582836393
At 746455040 positions
Running Loss: 0.0022443769021042045
At 756465664 positions
Running Loss: 0.002242298055982824
At 766476288 positions
Running Loss: 0.0022449567548186804
At 776486912 positions
Running Loss: 0.002243898113893799
At 786497536 positions
Running Loss: 0.0022476398418070642
At 796508160 positions
Running Loss: 0.0022297859582104972
At 806518784 positions
Running Loss: 0.0022500694871143896
At 816529408 positions
Running Loss: 0.0022208946231149027
At 826540032 positions
Running Loss: 0.002233294145175166
At 836550656 positions
Running Loss: 0.0022312781229346943
At 846561280 positions
Running Loss: 0.00224444577424694
At 856571904 positions
Running Loss: 0.0022454398353439304
At 866582528 positions
Running Loss: 0.0022418372174526783
At 876593152 positions
Running Loss: 0.0022355651699384575
At 886603776 positions
Running Loss: 0.0022453939856171804
At 896614400 positions
Running Loss: 0.002239339480423498
At 906625024 positions
Running Loss: 0.0022475077555729793
At 916635648 positions
Running Loss: 0.0022356123854017492
At 926646272 positions
Running Loss: 0.0022415127574714625
At 936656896 positions
Running Loss: 0.0022371111837034335
At 946667520 positions
Running Loss: 0.002249602015006757
At 956678144 positions
Running Loss: 0.0022400445906893517
At 966688768 positions
Running Loss: 0.0022375934838078024
At 976699392 positions
Running Loss: 0.0022439293307290335
At 986710016 positions
Running Loss: 0.002227990990184528
At 996720640 positions
Running Loss: 0.002245692691709328
At 1006731264 positions
Running Loss: 0.0022423751225448085
At 1016741888 positions
Running Loss: 0.002233822880321946
At 1026752512 positions
Running Loss: 0.002235766323420498
At 1036763136 positions
Running Loss: 0.00224267734053092
At 1046773760 positions
Running Loss: 0.0022428457163359648
At 1056784384 positions
Running Loss: 0.0022376270419056793
At 1066795008 positions
Running Loss: 0.002243322748599388
At 1076805632 positions
Running Loss: 0.002240645904978051
At 1086816256 positions
Running Loss: 0.0022421499711206814
At 1096826880 positions
Running Loss: 0.0022371224998062058
At 1106837504 positions
Running Loss: 0.0022333796012616197
At 1116848128 positions
Running Loss: 0.0022369966569391678
At 1126858752 positions
Running Loss: 0.002236504406468568
At 1136869376 positions
Running Loss: 0.0022348526456742357
At 1146880000 positions
Running Loss: 0.0022326875630455205
At 1156890624 positions
Running Loss: 0.002236799795771972
At 1166901248 positions
Running Loss: 0.0022435730685969224
At 1176911872 positions
Running Loss: 0.0022459435970225232
At 1186922496 positions
Running Loss: 0.002238873764262847
At 1196933120 positions
Running Loss: 0.002234570523525806
At 1206943744 positions
Running Loss: 0.0022394984911779723
At 1216954368 positions
Running Loss: 0.0022265595031838174
At 1226964992 positions
Running Loss: 0.0022428864933269894
At 1236975616 positions
Running Loss: 0.002237728886830631
At 1246986240 positions
Running Loss: 0.002233485348290976
At 1256996864 positions
Running Loss: 0.002236714925001179
At 1267007488 positions
Running Loss: 0.0022426028103367983
At 1277018112 positions
Running Loss: 0.0022414228139649435
At 1287028736 positions
Running Loss: 0.0022506118796265847
At 1297039360 positions
Running Loss: 0.0022436751086270944
At 1307049984 positions
Running Loss: 0.0022439092348913513
At 1317060608 positions
Running Loss: 0.0022344074155617073
At 1327071232 positions
Running Loss: 0.0022392723642277444
At 1337081856 positions
Running Loss: 0.002238487846137264
At 1347092480 positions
Running Loss: 0.0022412019548556615
At 1357103104 positions
Running Loss: 0.002233293364754285
At 1367113728 positions
Running Loss: 0.0022336492366759556
At 1377124352 positions
Running Loss: 0.0022390255561241736
At 1387134976 positions
Running Loss: 0.0022503108322717946
At 1397145600 positions
Running Loss: 0.0022298407827773775
At 1407156224 positions
Running Loss: 0.002238989266553214
At 1417166848 positions
Running Loss: 0.002237378672960347
At 1427177472 positions
Running Loss: 0.0022415047581574336
At 1437188096 positions
Running Loss: 0.00222727300297414
At 1447198720 positions
Running Loss: 0.0022369991933070305
At 1457209344 positions
Running Loss: 0.0022441191681083017
At 1467219968 positions
Running Loss: 0.0022401620440319204
At 1477230592 positions
Running Loss: 0.0022418420950831835
At 1487241216 positions
Running Loss: 0.0022422003082674968
At 1497251840 positions
Running Loss: 0.002248748819878761
At 1507262464 positions
Running Loss: 0.002236254671786694
At 1517273088 positions
Running Loss: 0.002235754422002065
At 1527283712 positions
Running Loss: 0.0022449838744442903
At 1537294336 positions
Running Loss: 0.002242571788606784
At 1547304960 positions
Running Loss: 0.002245479246598414
At 1557315584 positions
Running Loss: 0.0022338369278978015
At 1567326208 positions
Running Loss: 0.0022436996918848416
At 1577336832 positions
Running Loss: 0.002239821780527867
At 1587347456 positions
Running Loss: 0.0022477941700362533
At 1597358080 positions
Running Loss: 0.0022278830969977496
At 1607368704 positions
Running Loss: 0.0022353464569865975
At 1617379328 positions
Running Loss: 0.002228309401903917
At 1627389952 positions
Running Loss: 0.0022352492945869307
At 1637400576 positions
Running Loss: 0.0022386351505785254
At 1647411200 positions
Running Loss: 0.0022421790417984934
At 1657421824 positions
Running Loss: 0.0022402833994788936
At 1667432448 positions
Running Loss: 0.002236596886342949
At 1677443072 positions
Running Loss: 0.002235955965694546
At 1687453696 positions
Running Loss: 0.0022381942127808418
At 1697464320 positions
Running Loss: 0.0022368661315468447
At 1707474944 positions
Running Loss: 0.0022384856999798416
At 1717485568 positions
Running Loss: 0.002235637163764716
At 1727496192 positions
Running Loss: 0.002245745370118786
At 1737506816 positions
Running Loss: 0.002237313898027236
At 1747517440 positions
Running Loss: 0.0022360063028413614
At 1757528064 positions
Running Loss: 0.0022426422215912813
At 1767538688 positions
Running Loss: 0.0022394625918174533
At 1777549312 positions
Running Loss: 0.002235180227338975
At 1787559936 positions
Running Loss: 0.0022362851082010473
At 1797570560 positions
Running Loss: 0.0022371156711234984
At 1807581184 positions
Running Loss: 0.0022401493621926065
At 1817591808 positions
Running Loss: 0.002233773713806452
At 1827602432 positions
Running Loss: 0.002238292155601389
At 1837613056 positions
Running Loss: 0.0022489710447245845
At 1847623680 positions
Running Loss: 0.002243438445994975
At 1857634304 positions
Running Loss: 0.002236858132232816
At 1867644928 positions
Running Loss: 0.0022412558038964405
At 1877655552 positions
Running Loss: 0.0022486245378534843
At 1887666176 positions
Running Loss: 0.0022388743495785077
At 1897676800 positions
Running Loss: 0.0022296093879862035
At 1907687424 positions
Running Loss: 0.0022278920718378794
At 1917698048 positions
Running Loss: 0.0022284994343884056
At 1927708672 positions
Running Loss: 0.0022347613364311755
At 1937719296 positions
Running Loss: 0.0022366636123282626
At 1947729920 positions
Running Loss: 0.002246161529553502
At 1957740544 positions
Running Loss: 0.002243714714986798
At 1967751168 positions
Running Loss: 0.0022398272434740333
At 1977761792 positions
Running Loss: 0.0022425901284974844
At 1987772416 positions
Running Loss: 0.002233894874148205
At 1997783040 positions
Running Loss: 0.0022385502798077323
At 2007793664 positions
Running Loss: 0.0022507279672326123
At 2017804288 positions
Running Loss: 0.0022319699660455733
At 2027814912 positions
Running Loss: 0.002240247305013154
At 2037825536 positions
Running Loss: 0.0022347894315828862
At 2047836160 positions
Running Loss: 0.002241381256553038
At 2057846784 positions
Running Loss: 0.00224236751344122
At 2067857408 positions
Running Loss: 0.0022405177208483706
At 2077868032 positions
Running Loss: 0.002229280830795363
At 2087878656 positions
Running Loss: 0.002239582971738325
At 2097889280 positions
Running Loss: 0.0022383436633795256
At 2107899904 positions
Running Loss: 0.0022325186019248153
At 2117910528 positions
Running Loss: 0.0022369974373600485
At 2127921152 positions
Running Loss: 0.002229190887288844
At 2137931776 positions
Running Loss: 0.002230637007181071
At 2147942400 positions
Running Loss: 0.002234230260021753
At 2157953024 positions
Running Loss: 0.0022331370854728936
At 2167963648 positions
Running Loss: 0.0022236982851293785
At 2177974272 positions
Running Loss: 0.002240702095281473
At 2187984896 positions
Running Loss: 0.0022317896888220954
At 2197995520 positions
Running Loss: 0.002234666905504592
At 2208006144 positions
Running Loss: 0.002240051419372059
At 2218016768 positions
Running Loss: 0.0022376215789595135
At 2228027392 positions
Running Loss: 0.002233786395645766
At 2238038016 positions
Running Loss: 0.0022369709030500996
At 2248048640 positions
Running Loss: 0.0022276423371560055
At 2258059264 positions
Running Loss: 0.00224069936380839
At 2268069888 positions
Running Loss: 0.0022334713007151202
At 2278080512 positions
Running Loss: 0.002234256599226482
At 2288091136 positions
Running Loss: 0.0022374832493583818
At 2298101760 positions
Running Loss: 0.0022328208199109264
At 2308112384 positions
Running Loss: 0.002243260119823699
At 2318123008 positions
Running Loss: 0.002228362860734256
At 2328133632 positions
Running Loss: 0.002241606212871945
At 2338144256 positions
Running Loss: 0.002235264122583667
At 2348154880 positions
Running Loss: 0.0022381530455793763
At 2358165504 positions
Running Loss: 0.0022403120799462653
At 2368176128 positions
Running Loss: 0.0022450720620038273
At 2378186752 positions
Running Loss: 0.002237175763531324
At 2388197376 positions
Running Loss: 0.0022299297507577948
At 2398208000 positions
Running Loss: 0.0022404135346607763
At 2408218624 positions
Running Loss: 0.0022267715825581903
At 2418229248 positions
Running Loss: 0.002232480946617314
At 2428239872 positions
Running Loss: 0.002233105868637659
At 2438250496 positions
Running Loss: 0.0022293760421428273
At 2448261120 positions
Running Loss: 0.0022380102285581797
At 2458271744 positions
Running Loss: 0.002239675646717927
At 2468282368 positions
Running Loss: 0.002230115490927439
At 2478292992 positions
Running Loss: 0.0022328629626384927
At 2488303616 positions
Running Loss: 0.002233878680414927
At 2498314240 positions
Running Loss: 0.0022408841284519325
At 2508324864 positions
Running Loss: 0.002236703608898406
At 2518335488 positions
Running Loss: 0.002241958377794431
At 2528346112 positions
Running Loss: 0.0022427495294623993
At 2538356736 positions
Running Loss: 0.0022397527132799115
At 2548367360 positions
Running Loss: 0.002229503055641187
At 2558377984 positions
Running Loss: 0.002238191676412979
At 2568388608 positions
Running Loss: 0.002242639880328639
At 2578399232 positions
Running Loss: 0.0022338642426286315
At 2588409856 positions
Running Loss: 0.0022338540971571803
At 2598420480 positions
Running Loss: 0.0022275447845458984
At 2608431104 positions
Running Loss: 0.002231029949094582
At 2618441728 positions
Running Loss: 0.0022354006962378168
At 2628452352 positions
Running Loss: 0.0022354916152704366
At 2638462976 positions
Running Loss: 0.002229028169535186
At 2648473600 positions
Running Loss: 0.0022424116072209885
At 2658484224 positions
Running Loss: 0.002244743114602546
At 2668494848 positions
Running Loss: 0.002245778342901002
At 2678505472 positions
Running Loss: 0.0022382004561478886
At 2688516096 positions
Running Loss: 0.002231105649920025
At 2698526720 positions
Running Loss: 0.0022311362814395985
At 2708537344 positions
Running Loss: 0.002241341259982894
At 2718547968 positions
Running Loss: 0.0022330705545928007
At 2728558592 positions
Running Loss: 0.0022260319386683586
At 2738569216 positions
Running Loss: 0.0022329616858799213
At 2748579840 positions
Running Loss: 0.002233308582961462
At 2758590464 positions
Running Loss: 0.002238827134115216
At 2768601088 positions
Running Loss: 0.002237433692632447
At 2778611712 positions
Running Loss: 0.002228149805833782
At 2788622336 positions
Running Loss: 0.002228021231493661
At 2798632960 positions
Running Loss: 0.0022369291505329736
At 2808643584 positions
Running Loss: 0.0022353318240950814
At 2818654208 positions
Running Loss: 0.0022261577815353966
At 2828664832 positions
Running Loss: 0.0022313093397699282
At 2838675456 positions
Running Loss: 0.002228372030679606
At 2848686080 positions
Running Loss: 0.0022277406701869933
At 2858696704 positions
Running Loss: 0.002231277732724254
At 2868707328 positions
Running Loss: 0.0022200367454616216
At 2878717952 positions
Running Loss: 0.0022321617544770436
At 2888728576 positions
Running Loss: 0.0022203649124420215
At 2898739200 positions
Running Loss: 0.0022316482375374404
At 2908749824 positions
Running Loss: 0.0022398149518451597
At 2918760448 positions
Running Loss: 0.0022435465342869735
At 2928771072 positions
Running Loss: 0.00223379907748508
At 2938781696 positions
Running Loss: 0.002231282415249539
At 2948792320 positions
Running Loss: 0.0022355671209906597
At 2958802944 positions
Running Loss: 0.002233341555743678
At 2968813568 positions
Running Loss: 0.002229238102752136
At 2978824192 positions
Running Loss: 0.00222766477425633
At 2988834816 positions
Running Loss: 0.0022267908979749914
At 2998845440 positions
Running Loss: 0.002239041359647011
At 3008856064 positions
Running Loss: 0.002232875839583027
At 3018866688 positions
Running Loss: 0.0022325527453383527
At 3028877312 positions
Running Loss: 0.0022274480123566725
At 3038887936 positions
Running Loss: 0.002230740412947784
At 3048898560 positions
Running Loss: 0.002234684464974411
At 3058909184 positions
Running Loss: 0.0022280659105890902
At 3068919808 positions
Running Loss: 0.002229064849316586
At 3078930432 positions
Running Loss: 0.0022415570463564507
At 3088941056 positions
Running Loss: 0.0022316931117380896
At 3098951680 positions
Running Loss: 0.0022320353262943447
At 3108962304 positions
Running Loss: 0.0022295020801150855
At 3118972928 positions
Running Loss: 0.00222824813886477
At 3128983552 positions
Running Loss: 0.002226898205846109
At 3138994176 positions
Running Loss: 0.0022391256451021434
At 3149004800 positions
Running Loss: 0.0022345408675323334
At 3159015424 positions
Running Loss: 0.002228536894590687
At 3169026048 positions
Running Loss: 0.0022291401599315885
At 3179036672 positions
Running Loss: 0.0022364240231178396
At 3189047296 positions
Running Loss: 0.0022307076352707884
At 3199057920 positions
Running Loss: 0.0022341003199450905
At 3209068544 positions
Running Loss: 0.002228142196730194
At 3219079168 positions
Running Loss: 0.0022324690451988806
At 3229089792 positions
Running Loss: 0.002231546782822929
At 3239100416 positions
Running Loss: 0.0022284945567579003
At 3249111040 positions
Running Loss: 0.0022300023298997143
At 3259121664 positions
Running Loss: 0.002229836685567753
At 3269132288 positions
Running Loss: 0.002234596667625315
At 3279142912 positions
Running Loss: 0.0022329601250381595
At 3289153536 positions
Running Loss: 0.002222296454122141
At 3299164160 positions
Running Loss: 0.002228536114169806
At 3309174784 positions
Running Loss: 0.002216372084110341
epoch 18
epoch train loss: 0.00223757683712965
epoch pos/s: 1244070.281565885
At 9535488 positions
Running Loss: 0.0022400761977350264
At 19546112 positions
Running Loss: 0.002244049125334245
At 29556736 positions
Running Loss: 0.0022400761977350264
At 39567360 positions
Running Loss: 0.002234210554394511
At 49577984 positions
Running Loss: 0.002244006397291018
At 59588608 positions
Running Loss: 0.002237309410607171
At 69599232 positions
Running Loss: 0.002240488650170559
At 79609856 positions
Running Loss: 0.002236517478518322
At 89620480 positions
Running Loss: 0.0022382299170361406
At 99631104 positions
Running Loss: 0.002239764809803565
At 109641728 positions
Running Loss: 0.0022404730417529416
At 119652352 positions
Running Loss: 0.0022335276861237623
At 129662976 positions
Running Loss: 0.0022389139559382113
At 139673600 positions
Running Loss: 0.002246500232215794
At 149684224 positions
Running Loss: 0.0022455420704793226
At 159694848 positions
Running Loss: 0.0022395642416371845
At 169705472 positions
Running Loss: 0.0022389426364055826
At 179716096 positions
Running Loss: 0.0022480903397605386
At 189726720 positions
Running Loss: 0.002243261680665461
At 199737344 positions
Running Loss: 0.0022382742059211293
At 209747968 positions
Running Loss: 0.0022315682443971524
At 219758592 positions
Running Loss: 0.0022414585182202428
At 229769216 positions
Running Loss: 0.0022360263986790432
At 239779840 positions
Running Loss: 0.0022439476706197334
At 249790464 positions
Running Loss: 0.002251694908703993
At 259801088 positions
Running Loss: 0.002235686720490651
At 269811712 positions
Running Loss: 0.002246294396208468
At 279822336 positions
Running Loss: 0.0022424196065350174
At 289832960 positions
Running Loss: 0.0022389713168729543
At 299843584 positions
Running Loss: 0.0022351090139335968
At 309854208 positions
Running Loss: 0.0022370009492540125
At 319864832 positions
Running Loss: 0.002243920355888904
At 329875456 positions
Running Loss: 0.002238846059321577
At 339886080 positions
Running Loss: 0.002241318627777349
At 349896704 positions
Running Loss: 0.002238291765390949
At 359907328 positions
Running Loss: 0.002250988627806818
At 369917952 positions
Running Loss: 0.002241505148367874
At 379928576 positions
Running Loss: 0.002246005445377331
At 389939200 positions
Running Loss: 0.0022392390012350876
At 399949824 positions
Running Loss: 0.002250687580452028
At 409960448 positions
Running Loss: 0.0022359278705428353
At 419971072 positions
Running Loss: 0.0022445460583301303
At 429981696 positions
Running Loss: 0.002233891557359461
At 439992320 positions
Running Loss: 0.002239581801107004
At 450002944 positions
Running Loss: 0.002247609405392711
At 460013568 positions
Running Loss: 0.0022401399971420364
At 470024192 positions
Running Loss: 0.002234157680879833
At 480034816 positions
Running Loss: 0.0022336648450935726
At 490045440 positions
Running Loss: 0.0022392838754357373
At 500056064 positions
Running Loss: 0.0022292695146925905
At 510066688 positions
Running Loss: 0.0022284883133908535
At 520077312 positions
Running Loss: 0.002236094490400898
At 530087936 positions
Running Loss: 0.0022300526670465297
At 540098560 positions
Running Loss: 0.002235219443488238
At 550109184 positions
Running Loss: 0.0022446865340886844
At 560119808 positions
Running Loss: 0.002247119886395194
At 570130432 positions
Running Loss: 0.0022317924202951782
At 580141056 positions
Running Loss: 0.002242364586862917
At 590151680 positions
Running Loss: 0.0022410290916305515
At 600162304 positions
Running Loss: 0.0022339344805079086
At 610172928 positions
Running Loss: 0.0022411682016525644
At 620183552 positions
Running Loss: 0.0022529404604298394
At 630194176 positions
Running Loss: 0.002239571655635553
At 640204800 positions
Running Loss: 0.002240807061889948
At 650215424 positions
Running Loss: 0.0022384603363012137
At 660226048 positions
Running Loss: 0.0022316683333751222
At 670236672 positions
Running Loss: 0.0022419560365317887
At 680247296 positions
Running Loss: 0.002241446031486149
At 690257920 positions
Running Loss: 0.002235563999307136
At 700268544 positions
Running Loss: 0.002233496664393748
At 710279168 positions
Running Loss: 0.0022336742101441427
At 720289792 positions
Running Loss: 0.0022351570098177696
At 730300416 positions
Running Loss: 0.0022433725004305425
At 740311040 positions
Running Loss: 0.0022415439743066964
At 750321664 positions
Running Loss: 0.0022425946159175493
At 760332288 positions
Running Loss: 0.002236904762380447
At 770342912 positions
Running Loss: 0.002241058552518804
At 780353536 positions
Running Loss: 0.0022490336735002735
At 790364160 positions
Running Loss: 0.0022393480650531876
At 800374784 positions
Running Loss: 0.002235382356347117
At 810385408 positions
Running Loss: 0.0022336521632542587
At 820396032 positions
Running Loss: 0.0022315828772886685
At 830406656 positions
Running Loss: 0.002227524298497776
At 840417280 positions
Running Loss: 0.002235136328664427
At 850427904 positions
Running Loss: 0.002243810511649923
At 860438528 positions
Running Loss: 0.0022408464731444315
At 870449152 positions
Running Loss: 0.0022327529232942923
At 880459776 positions
Running Loss: 0.002236937540057443
At 890470400 positions
Running Loss: 0.0022432532911409917
At 900481024 positions
Running Loss: 0.0022407457988508008
At 910491648 positions
Running Loss: 0.0022451561523537393
At 920502272 positions
Running Loss: 0.0022365336722516
At 930512896 positions
Running Loss: 0.0022389010789936772
At 940523520 positions
Running Loss: 0.0022352453924825264
At 950534144 positions
Running Loss: 0.0022411918093842103
At 960544768 positions
Running Loss: 0.0022478491897083537
At 970555392 positions
Running Loss: 0.002229453889125693
At 980566016 positions
Running Loss: 0.002237589971913839
At 990576640 positions
Running Loss: 0.002228580012844354
At 1000587264 positions
Running Loss: 0.002248906855107134
At 1010597888 positions
Running Loss: 0.0022324417304680506
At 1020608512 positions
Running Loss: 0.0022342618670674274
At 1030619136 positions
Running Loss: 0.0022368526692866497
At 1040629760 positions
Running Loss: 0.002239697693607811
At 1050640384 positions
Running Loss: 0.0022437689542380173
At 1060651008 positions
Running Loss: 0.0022339274567199805
At 1070661632 positions
Running Loss: 0.002238646661786518
At 1080672256 positions
Running Loss: 0.0022410097762137504
At 1090682880 positions
Running Loss: 0.0022379587207800433
At 1100693504 positions
Running Loss: 0.002237722643463584
At 1110704128 positions
Running Loss: 0.002227087653014937
At 1120714752 positions
Running Loss: 0.0022365994227108122
At 1130725376 positions
Running Loss: 0.002235190177705206
At 1140736000 positions
Running Loss: 0.002228618448572736
At 1150746624 positions
Running Loss: 0.002232042545187493
At 1160757248 positions
Running Loss: 0.0022370620171879396
At 1170767872 positions
Running Loss: 0.0022463521473536515
At 1180778496 positions
Running Loss: 0.0022426685607960105
At 1190789120 positions
Running Loss: 0.002232355493960716
At 1200799744 positions
Running Loss: 0.0022332502465006177
At 1210810368 positions
Running Loss: 0.0022365042113633477
At 1220820992 positions
Running Loss: 0.002230261624737379
At 1230831616 positions
Running Loss: 0.0022409354411248488
At 1240842240 positions
Running Loss: 0.0022390626261160145
At 1250852864 positions
Running Loss: 0.00222425570074353
At 1260863488 positions
Running Loss: 0.002241116693874428
At 1270874112 positions
Running Loss: 0.002238164361682149
At 1280884736 positions
Running Loss: 0.0022448180350071083
At 1290895360 positions
Running Loss: 0.0022451692244034936
At 1300905984 positions
Running Loss: 0.002242455701000757
At 1310916608 positions
Running Loss: 0.0022358012472549166
At 1320927232 positions
Running Loss: 0.002235876752975139
At 1330937856 positions
Running Loss: 0.0022304953607911954
At 1340948480 positions
Running Loss: 0.0022413133599364036
At 1350959104 positions
Running Loss: 0.00223848452934852
At 1360969728 positions
Running Loss: 0.0022326028873799475
At 1370980352 positions
Running Loss: 0.0022356098490338865
At 1380990976 positions
Running Loss: 0.0022394083525662336
At 1391001600 positions
Running Loss: 0.002236437485378034
At 1401012224 positions
Running Loss: 0.002236807990191221
At 1411022848 positions
Running Loss: 0.002237041531139817
At 1421033472 positions
Running Loss: 0.0022339643316066013
At 1431044096 positions
Running Loss: 0.0022401895538679707
At 1441054720 positions
Running Loss: 0.002224277747633414
At 1451065344 positions
Running Loss: 0.0022374904682515295
At 1461075968 positions
Running Loss: 0.002239319969901477
At 1471086592 positions
Running Loss: 0.002244408509149879
At 1481097216 positions
Running Loss: 0.0022352984611024246
At 1491107840 positions
Running Loss: 0.0022442311585047048
At 1501118464 positions
Running Loss: 0.0022400838068386145
At 1511129088 positions
Running Loss: 0.0022386078358476954
At 1521139712 positions
Running Loss: 0.002238829085167418
At 1531150336 positions
Running Loss: 0.002238100757380359
At 1541160960 positions
Running Loss: 0.0022394821023394747
At 1551171584 positions
Running Loss: 0.002240977583852415
At 1561182208 positions
Running Loss: 0.0022373519435451776
At 1571192832 positions
Running Loss: 0.0022401774573443172
At 1581203456 positions
Running Loss: 0.002240287301583298
At 1591214080 positions
Running Loss: 0.0022411762009665933
At 1601224704 positions
Running Loss: 0.002226903668792275
At 1611235328 positions
Running Loss: 0.0022345441843210773
At 1621245952 positions
Running Loss: 0.0022268939135312643
At 1631256576 positions
Running Loss: 0.0022324670941466784
At 1641267200 positions
Running Loss: 0.0022367988202458707
At 1651277824 positions
Running Loss: 0.002234894007980921
At 1661288448 positions
Running Loss: 0.002241259120685184
At 1671299072 positions
Running Loss: 0.0022349189814491084
At 1681309696 positions
Running Loss: 0.0022399472331844647
At 1691320320 positions
Running Loss: 0.0022326571266311672
At 1701330944 positions
Running Loss: 0.0022358693389767713
At 1711341568 positions
Running Loss: 0.002234719193703609
At 1721352192 positions
Running Loss: 0.002237159960008487
At 1731362816 positions
Running Loss: 0.002242546229822936
At 1741373440 positions
Running Loss: 0.002232806382124631
At 1751384064 positions
Running Loss: 0.00223683471960639
At 1761394688 positions
Running Loss: 0.002242453359738114
At 1771405312 positions
Running Loss: 0.002233722791343976
At 1781415936 positions
Running Loss: 0.0022386109575312186
At 1791426560 positions
Running Loss: 0.0022331761065169362
At 1801437184 positions
Running Loss: 0.0022392967523802714
At 1811447808 positions
Running Loss: 0.0022315774143425024
At 1821458432 positions
Running Loss: 0.0022304799474787986
At 1831469056 positions
Running Loss: 0.002241248780108513
At 1841479680 positions
Running Loss: 0.0022505114004381746
At 1851490304 positions
Running Loss: 0.0022382806443933963
At 1861500928 positions
Running Loss: 0.0022371794705305084
At 1871511552 positions
Running Loss: 0.0022423080063490547
At 1881522176 positions
Running Loss: 0.0022420479310905094
At 1891532800 positions
Running Loss: 0.0022308881075994865
At 1901543424 positions
Running Loss: 0.002231791054558637
At 1911554048 positions
Running Loss: 0.0022243764708748427
At 1921564672 positions
Running Loss: 0.002229056459792117
At 1931575296 positions
Running Loss: 0.002227115162850987
At 1941585920 positions
Running Loss: 0.002248112971966083
At 1951596544 positions
Running Loss: 0.0022404547018622417
At 1961607168 positions
Running Loss: 0.0022387754312318594
At 1971617792 positions
Running Loss: 0.0022397946609022576
At 1981628416 positions
Running Loss: 0.002232979635560181
At 1991639040 positions
Running Loss: 0.0022371332305933175
At 2001649664 positions
Running Loss: 0.0022404502144421764
At 2011660288 positions
Running Loss: 0.0022505114004381746
At 2021670912 positions
Running Loss: 0.0022283211082171303
At 2031681536 positions
Running Loss: 0.0022395459017464847
At 2041692160 positions
Running Loss: 0.0022346364690902384
At 2051702784 positions
Running Loss: 0.0022342015795543814
At 2061713408 positions
Running Loss: 0.0022426195893857368
At 2071724032 positions
Running Loss: 0.0022354767872737004
At 2081734656 positions
Running Loss: 0.0022263815672229825
At 2091745280 positions
Running Loss: 0.0022377714197686378
At 2101755904 positions
Running Loss: 0.00223955077937699
At 2111766528 positions
Running Loss: 0.002232207018888133
At 2121777152 positions
Running Loss: 0.0022329238354671997
At 2131787776 positions
Running Loss: 0.0022273141701756056
At 2141798400 positions
Running Loss: 0.0022289903191224643
At 2151809024 positions
Running Loss: 0.00223198518425275
At 2161819648 positions
Running Loss: 0.0022302914758360716
At 2171830272 positions
Running Loss: 0.0022273106582816416
At 2181840896 positions
Running Loss: 0.002234472190494818
At 2191851520 positions
Running Loss: 0.002224467975223123
At 2201862144 positions
Running Loss: 0.0022405614244176988
At 2211872768 positions
Running Loss: 0.0022364205112238755
At 2221883392 positions
Running Loss: 0.0022384921384521086
At 2231894016 positions
Running Loss: 0.00223334331169066
At 2241904640 positions
Running Loss: 0.0022266681767914766
At 2251915264 positions
Running Loss: 0.0022389732679251565
At 2261925888 positions
Running Loss: 0.0022331482064704457
At 2271936512 positions
Running Loss: 0.002230223384114217
At 2281947136 positions
Running Loss: 0.0022307056842185862
At 2291957760 positions
Running Loss: 0.002240742091851617
At 2301968384 positions
Running Loss: 0.002235152717502925
At 2311979008 positions
Running Loss: 0.002229564318680334
At 2321989632 positions
Running Loss: 0.0022304352683833696
At 2332000256 positions
Running Loss: 0.0022405575223132944
At 2342010880 positions
Running Loss: 0.00223795579420174
At 2352021504 positions
Running Loss: 0.0022384546782498274
At 2362032128 positions
Running Loss: 0.002239625699781552
At 2372042752 positions
Running Loss: 0.0022358115878315875
At 2382053376 positions
Running Loss: 0.002231907727480325
At 2392064000 positions
Running Loss: 0.0022352094931220074
At 2402074624 positions
Running Loss: 0.0022345301367452217
At 2412085248 positions
Running Loss: 0.0022280313769651124
At 2422095872 positions
Running Loss: 0.0022344745317574607
At 2432106496 positions
Running Loss: 0.0022229666405535757
At 2442117120 positions
Running Loss: 0.0022273243156470564
At 2452127744 positions
Running Loss: 0.00224625069263914
At 2462138368 positions
Running Loss: 0.002234183629874122
At 2472148992 positions
Running Loss: 0.0022245686495167534
At 2482159616 positions
Running Loss: 0.0022311126737079526
At 2492170240 positions
Running Loss: 0.0022377708344529772
At 2502180864 positions
Running Loss: 0.002235627798714146
At 2512191488 positions
Running Loss: 0.0022398996275107327
At 2522202112 positions
Running Loss: 0.00223255937891584
At 2532212736 positions
Running Loss: 0.0022459874956970716
At 2542223360 positions
Running Loss: 0.0022345714990519073
At 2552233984 positions
Running Loss: 0.0022289033021942488
At 2562244608 positions
Running Loss: 0.0022377320085141547
At 2572255232 positions
Running Loss: 0.0022393076782726033
At 2582265856 positions
Running Loss: 0.002234264793645731
At 2592276480 positions
Running Loss: 0.002226613547329817
At 2602287104 positions
Running Loss: 0.002228359153735072
At 2612297728 positions
Running Loss: 0.0022285127015433804
At 2622308352 positions
Running Loss: 0.0022355790224090925
At 2632318976 positions
Running Loss: 0.002236726241103951
At 2642329600 positions
Running Loss: 0.0022277800814414768
At 2652340224 positions
Running Loss: 0.0022371076718094695
At 2662350848 positions
Running Loss: 0.002252478061057932
At 2672361472 positions
Running Loss: 0.0022349371262345885
At 2682372096 positions
Running Loss: 0.002236927589691212
At 2692382720 positions
Running Loss: 0.0022282596500727628
At 2702393344 positions
Running Loss: 0.002233462911190651
At 2712403968 positions
Running Loss: 0.0022411494715514238
At 2722414592 positions
Running Loss: 0.0022221680748872397
At 2732425216 positions
Running Loss: 0.002229356726726026
At 2742435840 positions
Running Loss: 0.002230950736375175
At 2752446464 positions
Running Loss: 0.002228589768105365
At 2762457088 positions
Running Loss: 0.002242031152041571
At 2772467712 positions
Running Loss: 0.0022341061731016966
At 2782478336 positions
Running Loss: 0.0022254499397964603
At 2792488960 positions
Running Loss: 0.002230006427109339
At 2802499584 positions
Running Loss: 0.002236249599050968
At 2812510208 positions
Running Loss: 0.0022331993240381418
At 2822520832 positions
Running Loss: 0.002222016087920693
At 2832531456 positions
Running Loss: 0.002227825931168227
At 2842542080 positions
Running Loss: 0.0022250388530974693
At 2852552704 positions
Running Loss: 0.0022306742722781317
At 2862563328 positions
Running Loss: 0.0022280136223900727
At 2872573952 positions
Running Loss: 0.002218791974156656
At 2882584576 positions
Running Loss: 0.002225318438878036
At 2892595200 positions
Running Loss: 0.002225559784035441
At 2902605824 positions
Running Loss: 0.0022320493738702003
At 2912616448 positions
Running Loss: 0.0022443501726890354
At 2922627072 positions
Running Loss: 0.0022346210557778416
At 2932637696 positions
Running Loss: 0.002230475850269174
At 2942648320 positions
Running Loss: 0.0022298444897765612
At 2952658944 positions
Running Loss: 0.0022281743890915293
At 2962669568 positions
Running Loss: 0.002235510930687238
At 2972680192 positions
Running Loss: 0.0022288192118443367
At 2982690816 positions
Running Loss: 0.0022240857640967236
At 2992701440 positions
Running Loss: 0.0022304134165987057
At 3002712064 positions
Running Loss: 0.0022362324297915894
At 3012722688 positions
Running Loss: 0.002233620556208584
At 3022733312 positions
Running Loss: 0.002228604400996881
At 3032743936 positions
Running Loss: 0.0022271926196234123
At 3042754560 positions
Running Loss: 0.002230992683997521
At 3052765184 positions
Running Loss: 0.002226761437086739
At 3062775808 positions
Running Loss: 0.0022308927901247715
At 3072786432 positions
Running Loss: 0.0022275959021135945
At 3082797056 positions
Running Loss: 0.0022320433256083736
At 3092807680 positions
Running Loss: 0.002233506614759979
At 3102818304 positions
Running Loss: 0.002238164556787369
At 3112828928 positions
Running Loss: 0.0022186879830742817
At 3122839552 positions
Running Loss: 0.0022304680460603654
At 3132850176 positions
Running Loss: 0.002227614437109515
At 3142860800 positions
Running Loss: 0.0022320004024599265
At 3152871424 positions
Running Loss: 0.0022344357058186382
At 3162882048 positions
Running Loss: 0.002225044901359296
At 3172892672 positions
Running Loss: 0.0022373246288143476
At 3182903296 positions
Running Loss: 0.002229265222377746
At 3192913920 positions
Running Loss: 0.0022307415835791057
At 3202924544 positions
Running Loss: 0.002225579879873123
At 3212935168 positions
Running Loss: 0.002230731047897214
At 3222945792 positions
Running Loss: 0.002235372405980886
At 3232956416 positions
Running Loss: 0.0022279876733957843
At 3242967040 positions
Running Loss: 0.0022278081765931875
At 3252977664 positions
Running Loss: 0.002228226287080106
At 3262988288 positions
Running Loss: 0.0022297112329111553
At 3272998912 positions
Running Loss: 0.002229617972615893
At 3283009536 positions
Running Loss: 0.002229283367163226
At 3293020160 positions
Running Loss: 0.002224130638297373
At 3303030784 positions
Running Loss: 0.0022221247615283523
epoch 19
epoch train loss: 0.0022357749849265026
epoch pos/s: 1244896.9270000744
At 3391488 positions
Running Loss: 0.002222773486385564
At 13402112 positions
Running Loss: 0.002237521685086764
At 23412736 positions
Running Loss: 0.0022416132366598726
At 33423360 positions
Running Loss: 0.0022392276851323153
At 43433984 positions
Running Loss: 0.002232943345989221
At 53444608 positions
Running Loss: 0.002238578374959443
At 63455232 positions
Running Loss: 0.0022373318477074957
At 73465856 positions
Running Loss: 0.0022408554479845613
At 83476480 positions
Running Loss: 0.0022274089913126294
At 93487104 positions
Running Loss: 0.0022414873937928346
At 103497728 positions
Running Loss: 0.0022376598195826755
At 113508352 positions
Running Loss: 0.002235737838058347
At 123518976 positions
Running Loss: 0.002234578717945055
At 133529600 positions
Running Loss: 0.0022408784704005466
At 143540224 positions
Running Loss: 0.0022443614887918076
At 153550848 positions
Running Loss: 0.002243732274456617
At 163561472 positions
Running Loss: 0.002232776335920718
At 173572096 positions
Running Loss: 0.002244269008917426
At 183582720 positions
Running Loss: 0.0022404472878638734
At 193593344 positions
Running Loss: 0.002245659523821892
At 203603968 positions
Running Loss: 0.00222851231133294
At 213614592 positions
Running Loss: 0.002234427121188949
At 223625216 positions
Running Loss: 0.0022375497802384747
At 233635840 positions
Running Loss: 0.002236463239267103
At 243646464 positions
Running Loss: 0.0022419332092210235
At 253657088 positions
Running Loss: 0.002247155005334832
At 263667712 positions
Running Loss: 0.002235948356590958
At 273678336 positions
Running Loss: 0.002240194431498476
At 283688960 positions
Running Loss: 0.0022446266367860783
At 293699584 positions
Running Loss: 0.0022368083804016614
At 303710208 positions
Running Loss: 0.002232666101471297
At 313720832 positions
Running Loss: 0.0022379770606707435
At 323731456 positions
Running Loss: 0.0022368470112352637
At 333742080 positions
Running Loss: 0.0022376691846332456
At 343752704 positions
Running Loss: 0.0022384728230353075
At 353763328 positions
Running Loss: 0.0022434281054183034
At 363773952 positions
Running Loss: 0.0022427604553547312
At 373784576 positions
Running Loss: 0.0022459703264376928
At 383795200 positions
Running Loss: 0.0022391818354055653
At 393805824 positions
Running Loss: 0.0022445965905821654
At 403816448 positions
Running Loss: 0.0022411711282308675
At 413827072 positions
Running Loss: 0.0022343520056791666
At 423837696 positions
Running Loss: 0.0022397462748076444
At 433848320 positions
Running Loss: 0.002238856399898248
At 443858944 positions
Running Loss: 0.0022392805586469934
At 453869568 positions
Running Loss: 0.0022422202089999585
At 463880192 positions
Running Loss: 0.002235760080053451
At 473890816 positions
Running Loss: 0.002230916983172078
At 483901440 positions
Running Loss: 0.0022364610931096805
At 493912064 positions
Running Loss: 0.0022301636819168314
At 503922688 positions
Running Loss: 0.002228261601124965
At 513933312 positions
Running Loss: 0.0022269333247857477
At 523943936 positions
Running Loss: 0.002235441473228842
At 533954560 positions
Running Loss: 0.002225771668304593
At 543965184 positions
Running Loss: 0.00224180209851304
At 553975808 positions
Running Loss: 0.002244888077781165
At 563986432 positions
Running Loss: 0.002238476920244932
At 573997056 positions
Running Loss: 0.002233456472718384
At 584007680 positions
Running Loss: 0.0022400533704242612
At 594018304 positions
Running Loss: 0.002237578460705846
At 604028928 positions
Running Loss: 0.0022323400806483194
At 614039552 positions
Running Loss: 0.00224432734537827
At 624050176 positions
Running Loss: 0.0022464260922321127
At 634060800 positions
Running Loss: 0.0022357858339425193
At 644071424 positions
Running Loss: 0.002234452875078017
At 654082048 positions
Running Loss: 0.002241162348495958
At 664092672 positions
Running Loss: 0.002232691465149925
At 674103296 positions
Running Loss: 0.0022362962291985994
At 684113920 positions
Running Loss: 0.0022418756531810604
At 694124544 positions
Running Loss: 0.0022261755361104364
At 704135168 positions
Running Loss: 0.0022328582801132077
At 714145792 positions
Running Loss: 0.0022383692221633737
At 724156416 positions
Running Loss: 0.002235572193726385
At 734167040 positions
Running Loss: 0.002234411512771332
At 744177664 positions
Running Loss: 0.002248021857828243
At 754188288 positions
Running Loss: 0.0022360240574164007
At 764198912 positions
Running Loss: 0.002240636735032701
At 774209536 positions
Running Loss: 0.002239099696107855
At 784220160 positions
Running Loss: 0.0022439109908383333
At 794230784 positions
Running Loss: 0.002231523175091283
At 804241408 positions
Running Loss: 0.002239409328092335
At 814252032 positions
Running Loss: 0.0022252641996268166
At 824262656 positions
Running Loss: 0.0022273332904871866
At 834273280 positions
Running Loss: 0.0022276505315752546
At 844283904 positions
Running Loss: 0.0022372227838893958
At 854294528 positions
Running Loss: 0.002240360856251319
At 864305152 positions
Running Loss: 0.0022419950575758314
At 874315776 positions
Running Loss: 0.002232125464906084
At 884326400 positions
Running Loss: 0.0022367884796691993
At 894337024 positions
Running Loss: 0.0022373710638567586
At 904347648 positions
Running Loss: 0.002246440725123629
At 914358272 positions
Running Loss: 0.002233558512748556
At 924368896 positions
Running Loss: 0.0022370774305003364
At 934379520 positions
Running Loss: 0.0022318300756026797
At 944390144 positions
Running Loss: 0.002246182405812065
At 954400768 positions
Running Loss: 0.002233718303923911
At 964411392 positions
Running Loss: 0.002236233990633351
At 974422016 positions
Running Loss: 0.0022399203086640755
At 984432640 positions
Running Loss: 0.0022261607081137
At 994443264 positions
Running Loss: 0.002239630187201617
At 1004453888 positions
Running Loss: 0.0022372559517768323
At 1014464512 positions
Running Loss: 0.0022329923173994948
At 1024475136 positions
Running Loss: 0.002231101942920841
At 1034485760 positions
Running Loss: 0.0022379187242098993
At 1044496384 positions
Running Loss: 0.0022361067820297715
At 1054507008 positions
Running Loss: 0.0022393070929569423
At 1064517632 positions
Running Loss: 0.0022382712793428262
At 1074528256 positions
Running Loss: 0.0022372132237336055
At 1084538880 positions
Running Loss: 0.0022389480993517488
At 1094549504 positions
Running Loss: 0.002232898861999012
At 1104560128 positions
Running Loss: 0.0022297034287023466
At 1114570752 positions
Running Loss: 0.0022299859410612167
At 1124581376 positions
Running Loss: 0.0022357948087826495
At 1134592000 positions
Running Loss: 0.0022318956309566717
At 1144602624 positions
Running Loss: 0.002229875121296135
At 1154613248 positions
Running Loss: 0.002228382176151057
At 1164623872 positions
Running Loss: 0.0022414444706443876
At 1174634496 positions
Running Loss: 0.002241336382352389
At 1184645120 positions
Running Loss: 0.002239455372924305
At 1194655744 positions
Running Loss: 0.002231299779614138
At 1204666368 positions
Running Loss: 0.00223088205933766
At 1214676992 positions
Running Loss: 0.00223296090545904
At 1224687616 positions
Running Loss: 0.0022307050989029257
At 1234698240 positions
Running Loss: 0.0022379702319880357
At 1244708864 positions
Running Loss: 0.0022299008751852033
At 1254719488 positions
Running Loss: 0.002226457853364086
At 1264730112 positions
Running Loss: 0.0022441607255202075
At 1274740736 positions
Running Loss: 0.0022354881033764726
At 1284751360 positions
Running Loss: 0.002248344171652037
At 1294761984 positions
Running Loss: 0.0022358002717288153
At 1304772608 positions
Running Loss: 0.0022432932877111357
At 1314783232 positions
Running Loss: 0.0022328508661148398
At 1324793856 positions
Running Loss: 0.00223616024086011
At 1334804480 positions
Running Loss: 0.0022289778323883705
At 1344815104 positions
Running Loss: 0.002240695461703986
At 1354825728 positions
Running Loss: 0.0022346033012028022
At 1364836352 positions
Running Loss: 0.0022311470122267103
At 1374846976 positions
Running Loss: 0.0022315809262364664
At 1384857600 positions
Running Loss: 0.0022441646276246115
At 1394868224 positions
Running Loss: 0.002227754717762849
At 1404878848 positions
Running Loss: 0.002235496492900942
At 1414889472 positions
Running Loss: 0.0022367344355232
At 1424900096 positions
Running Loss: 0.002237241123780096
At 1434910720 positions
Running Loss: 0.002228026694439827
At 1444921344 positions
Running Loss: 0.0022283441306331156
At 1454931968 positions
Running Loss: 0.002237054993400012
At 1464942592 positions
Running Loss: 0.0022411488862357633
At 1474953216 positions
Running Loss: 0.0022399794255458
At 1484963840 positions
Running Loss: 0.0022359216271757884
At 1494974464 positions
Running Loss: 0.0022463777061374995
At 1504985088 positions
Running Loss: 0.0022336037771596455
At 1514995712 positions
Running Loss: 0.002233637920573183
At 1525006336 positions
Running Loss: 0.0022393416265809206
At 1535016960 positions
Running Loss: 0.0022365803023992313
At 1545027584 positions
Running Loss: 0.0022381860183615927
At 1555038208 positions
Running Loss: 0.002234260111120446
At 1565048832 positions
Running Loss: 0.002240950074016365
At 1575059456 positions
Running Loss: 0.002238197529569585
At 1585070080 positions
Running Loss: 0.0022395769234764985
At 1595080704 positions
Running Loss: 0.002230547063674552
At 1605091328 positions
Running Loss: 0.002226261967722991
At 1615101952 positions
Running Loss: 0.002229090408100434
At 1625112576 positions
Running Loss: 0.002229619728562875
At 1635123200 positions
Running Loss: 0.002234779871427096
At 1645133824 positions
Running Loss: 0.0022357622262108735
At 1655144448 positions
Running Loss: 0.0022363520292915805
At 1665155072 positions
Running Loss: 0.0022360410315705593
At 1675165696 positions
Running Loss: 0.0022298657562455646
At 1685176320 positions
Running Loss: 0.0022404365570767616
At 1695186944 positions
Running Loss: 0.002230111198612594
At 1705197568 positions
Running Loss: 0.0022360018154212965
At 1715208192 positions
Running Loss: 0.002232141463534141
At 1725218816 positions
Running Loss: 0.00224255891166225
At 1735229440 positions
Running Loss: 0.0022316566270619096
At 1745240064 positions
Running Loss: 0.0022358371466154356
At 1755250688 positions
Running Loss: 0.0022352030546497403
At 1765261312 positions
Running Loss: 0.002237876581482333
At 1775271936 positions
Running Loss: 0.00223330682701448
At 1785282560 positions
Running Loss: 0.0022315136149354924
At 1795293184 positions
Running Loss: 0.002234895763927903
At 1805303808 positions
Running Loss: 0.002236540110723867
At 1815314432 positions
Running Loss: 0.002225929118217306
At 1825325056 positions
Running Loss: 0.0022397193502872548
At 1835335680 positions
Running Loss: 0.0022415248539951155
At 1845346304 positions
Running Loss: 0.002243550826601818
At 1855356928 positions
Running Loss: 0.002235413573182351
At 1865367552 positions
Running Loss: 0.002235611604980868
At 1875378176 positions
Running Loss: 0.0022476810090085292
At 1885388800 positions
Running Loss: 0.0022341278297811403
At 1895399424 positions
Running Loss: 0.002227662042783247
At 1905410048 positions
Running Loss: 0.002226465267362454
At 1915420672 positions
Running Loss: 0.002224643960131756
At 1925431296 positions
Running Loss: 0.0022302922562569528
At 1935441920 positions
Running Loss: 0.002230211287590564
At 1945452544 positions
Running Loss: 0.002240463286491931
At 1955463168 positions
Running Loss: 0.002240883543136272
At 1965473792 positions
Running Loss: 0.002237929845207452
At 1975484416 positions
Running Loss: 0.0022386443205238754
At 1985495040 positions
Running Loss: 0.0022270400473412048
At 1995505664 positions
Running Loss: 0.0022411713233360876
At 2005516288 positions
Running Loss: 0.002241019141264321
At 2015526912 positions
Running Loss: 0.0022365994227108122
At 2025537536 positions
Running Loss: 0.002232946662777965
At 2035548160 positions
Running Loss: 0.0022320470326075577
At 2045558784 positions
Running Loss: 0.002238527452496967
At 2055569408 positions
Running Loss: 0.0022364751406855356
At 2065580032 positions
Running Loss: 0.002239661989352512
At 2075590656 positions
Running Loss: 0.002229618948141994
At 2085601280 positions
Running Loss: 0.002231250613098644
At 2095611904 positions
Running Loss: 0.002231012779835203
At 2105622528 positions
Running Loss: 0.0022363266656129526
At 2115633152 positions
Running Loss: 0.002227238274244942
At 2125643776 positions
Running Loss: 0.0022301947036468457
At 2135654400 positions
Running Loss: 0.002227577367117674
At 2145665024 positions
Running Loss: 0.002228970808600443
At 2155675648 positions
Running Loss: 0.0022323445680683843
At 2165686272 positions
Running Loss: 0.002221818056122176
At 2175696896 positions
Running Loss: 0.0022314004539077683
At 2185707520 positions
Running Loss: 0.002229746742061234
At 2195718144 positions
Running Loss: 0.002234084516422253
At 2205728768 positions
Running Loss: 0.0022349096163985383
At 2215739392 positions
Running Loss: 0.002233730985763225
At 2225750016 positions
Running Loss: 0.0022321982391532236
At 2235760640 positions
Running Loss: 0.0022354100612883873
At 2245771264 positions
Running Loss: 0.0022258596607589096
At 2255781888 positions
Running Loss: 0.0022321133683824304
At 2265792512 positions
Running Loss: 0.0022321151243294124
At 2275803136 positions
Running Loss: 0.002229262490904663
At 2285813760 positions
Running Loss: 0.0022334845678700947
At 2295824384 positions
Running Loss: 0.002235994986738589
At 2305835008 positions
Running Loss: 0.0022337393752876944
At 2315845632 positions
Running Loss: 0.002227366653479843
At 2325856256 positions
Running Loss: 0.0022364878225248496
At 2335866880 positions
Running Loss: 0.002236312227826657
At 2345877504 positions
Running Loss: 0.0022314708868922655
At 2355888128 positions
Running Loss: 0.0022361368282336844
At 2365898752 positions
Running Loss: 0.0022385795455907645
At 2375909376 positions
Running Loss: 0.0022400137640645576
At 2385920000 positions
Running Loss: 0.0022256986989522332
At 2395930624 positions
Running Loss: 0.0022353253856228143
At 2405941248 positions
Running Loss: 0.002232121172591239
At 2415951872 positions
Running Loss: 0.0022261486115900467
At 2425962496 positions
Running Loss: 0.002228162682778316
At 2435973120 positions
Running Loss: 0.002227013903241696
At 2445983744 positions
Running Loss: 0.002227322559700075
At 2455994368 positions
Running Loss: 0.0022414253503328066
At 2466004992 positions
Running Loss: 0.002228372811100487
At 2476015616 positions
Running Loss: 0.002224595574037143
At 2486026240 positions
Running Loss: 0.0022338279530576717
At 2496036864 positions
Running Loss: 0.0022368222328722964
At 2506047488 positions
Running Loss: 0.0022329765138766576
At 2516058112 positions
Running Loss: 0.002240365733881824
At 2526068736 positions
Running Loss: 0.002231334703448556
At 2536079360 positions
Running Loss: 0.002241089379143598
At 2546089984 positions
Running Loss: 0.0022305940840326235
At 2556100608 positions
Running Loss: 0.0022298593177732975
At 2566111232 positions
Running Loss: 0.0022420545646679967
At 2576121856 positions
Running Loss: 0.00223531250867828
At 2586132480 positions
Running Loss: 0.0022301574385497846
At 2596143104 positions
Running Loss: 0.0022245579187296417
At 2606153728 positions
Running Loss: 0.0022246853224384415
At 2616164352 positions
Running Loss: 0.0022300713971476704
At 2626174976 positions
Running Loss: 0.002234368004307224
At 2636185600 positions
Running Loss: 0.002227419722099741
At 2646196224 positions
Running Loss: 0.0022340749562664627
At 2656206848 positions
Running Loss: 0.00223891298041211
At 2666217472 positions
Running Loss: 0.0022480684879758743
At 2676228096 positions
Running Loss: 0.0022350422879482837
At 2686238720 positions
Running Loss: 0.0022274353305173585
At 2696249344 positions
Running Loss: 0.002232654980473745
At 2706259968 positions
Running Loss: 0.002234200994238721
At 2716270592 positions
Running Loss: 0.0022298895590824306
At 2726281216 positions
Running Loss: 0.0022278448563745877
At 2736291840 positions
Running Loss: 0.002229283562268446
At 2746302464 positions
Running Loss: 0.0022262996230304924
At 2756313088 positions
Running Loss: 0.0022291821075539346
At 2766323712 positions
Running Loss: 0.0022402371595417027
At 2776334336 positions
Running Loss: 0.0022286734682448366
At 2786344960 positions
Running Loss: 0.002223963042913209
At 2796355584 positions
Running Loss: 0.0022331846911466256
At 2806366208 positions
Running Loss: 0.0022326668818921777
At 2816376832 positions
Running Loss: 0.002224368471560814
At 2826387456 positions
Running Loss: 0.002224644155236976
At 2836398080 positions
Running Loss: 0.002227274563815902
At 2846408704 positions
Running Loss: 0.0022226735925128145
At 2856419328 positions
Running Loss: 0.0022322575511401687
At 2866429952 positions
Running Loss: 0.0022181251045139644
At 2876440576 positions
Running Loss: 0.0022275875125891253
At 2886451200 positions
Running Loss: 0.002219132042555489
At 2896461824 positions
Running Loss: 0.00222595116510719
At 2906472448 positions
Running Loss: 0.0022314299147960207
At 2916483072 positions
Running Loss: 0.0022417946845146716
At 2926493696 positions
Running Loss: 0.0022346388103528813
At 2936504320 positions
Running Loss: 0.0022261212968592166
At 2946514944 positions
Running Loss: 0.002232983147454145
At 2956525568 positions
Running Loss: 0.002226876354061445
At 2966536192 positions
Running Loss: 0.002229670846130571
At 2976546816 positions
Running Loss: 0.0022227775835951887
At 2986557440 positions
Running Loss: 0.0022259031692230175
At 2996568064 positions
Running Loss: 0.0022352990464180856
At 3006578688 positions
Running Loss: 0.002225345948714086
At 3016589312 positions
Running Loss: 0.0022337495207591456
At 3026599936 positions
Running Loss: 0.002223800910475211
At 3036610560 positions
Running Loss: 0.0022280405469104624
At 3046621184 positions
Running Loss: 0.002234982390645678
At 3056631808 positions
Running Loss: 0.002223940996023325
At 3066642432 positions
Running Loss: 0.00222785617247736
At 3076653056 positions
Running Loss: 0.0022322476007739377
At 3086663680 positions
Running Loss: 0.0022295848047284563
At 3096674304 positions
Running Loss: 0.0022318835344330183
At 3106684928 positions
Running Loss: 0.0022274335745703765
At 3116695552 positions
Running Loss: 0.002221920486362788
At 3126706176 positions
Running Loss: 0.00222690815621234
At 3136716800 positions
Running Loss: 0.002235210273542888
At 3146727424 positions
Running Loss: 0.0022293824806150944
At 3156738048 positions
Running Loss: 0.00222904104647972
At 3166748672 positions
Running Loss: 0.002220367058599444
At 3176759296 positions
Running Loss: 0.0022370282639848425
At 3186769920 positions
Running Loss: 0.0022265440898714206
At 3196780544 positions
Running Loss: 0.0022355550244670063
At 3206791168 positions
Running Loss: 0.00221832177057594
At 3216801792 positions
Running Loss: 0.002235532197156241
At 3226812416 positions
Running Loss: 0.002227741450607874
At 3236823040 positions
Running Loss: 0.002225001392895188
At 3246833664 positions
Running Loss: 0.0022289031070890286
At 3256844288 positions
Running Loss: 0.0022261484164848265
At 3266854912 positions
Running Loss: 0.0022301861190171563
At 3276865536 positions
Running Loss: 0.002228032157385993
At 3286876160 positions
Running Loss: 0.002223737891489082
At 3296886784 positions
Running Loss: 0.002224283991000461
At 3306897408 positions
Running Loss: 0.0022154726490451544
epoch 20
epoch train loss: 0.002234078581942588
epoch pos/s: 1244243.1735857583
At 7258112 positions
Running Loss: 0.002230425903332799
At 17268736 positions
Running Loss: 0.0022413974502863156
At 27279360 positions
Running Loss: 0.002233125574264901
At 37289984 positions
Running Loss: 0.0022347726525339478
At 47300608 positions
Running Loss: 0.0022368070146651198
At 57311232 positions
Running Loss: 0.0022362238451619
At 67321856 positions
Running Loss: 0.002234655004086159
At 77332480 positions
Running Loss: 0.002237418864635711
At 87343104 positions
Running Loss: 0.0022268283581772723
At 97353728 positions
Running Loss: 0.0022417472739461597
At 107364352 positions
Running Loss: 0.0022364177797507927
At 117374976 positions
Running Loss: 0.0022288956930906607
At 127385600 positions
Running Loss: 0.002235785248626859
At 137396224 positions
Running Loss: 0.0022396777928753494
At 147406848 positions
Running Loss: 0.002243772271026761
At 157417472 positions
Running Loss: 0.0022330284118652344
At 167428096 positions
Running Loss: 0.0022361859947491783
At 177438720 positions
Running Loss: 0.0022434782474598986
At 187449344 positions
Running Loss: 0.0022417935138833505
At 197459968 positions
Running Loss: 0.002237148253695274
At 207470592 positions
Running Loss: 0.002228216922029536
At 217481216 positions
Running Loss: 0.002236551231721419
At 227491840 positions
Running Loss: 0.002231594388496661
At 237502464 positions
Running Loss: 0.0022376131894350443
At 247513088 positions
Running Loss: 0.0022439418174631273
At 257523712 positions
Running Loss: 0.0022371683495329563
At 267534336 positions
Running Loss: 0.0022399072366143208
At 277544960 positions
Running Loss: 0.0022356535526032143
At 287555584 positions
Running Loss: 0.002241505148367874
At 297566208 positions
Running Loss: 0.002230926738433089
At 307576832 positions
Running Loss: 0.002236648589226306
At 317587456 positions
Running Loss: 0.0022349427842859745
At 327598080 positions
Running Loss: 0.0022387572864463793
At 337608704 positions
Running Loss: 0.002232785505866068
At 347619328 positions
Running Loss: 0.0022362810109914227
At 357629952 positions
Running Loss: 0.0022468865405518177
At 367640576 positions
Running Loss: 0.0022349646360706387
At 377651200 positions
Running Loss: 0.002244098486954959
At 387661824 positions
Running Loss: 0.0022401195110939138
At 397672448 positions
Running Loss: 0.002246462772013513
At 407683072 positions
Running Loss: 0.0022313354838694372
At 417693696 positions
Running Loss: 0.0022447148243456153
At 427704320 positions
Running Loss: 0.0022283722257848263
At 437714944 positions
Running Loss: 0.002236844474867401
At 447725568 positions
Running Loss: 0.002242021982096221
At 457736192 positions
Running Loss: 0.0022344222435584436
At 467746816 positions
Running Loss: 0.002235490249533895
At 477757440 positions
Running Loss: 0.0022292622957994427
At 487768064 positions
Running Loss: 0.002235250270113032
At 497778688 positions
Running Loss: 0.0022273990409463987
At 507789312 positions
Running Loss: 0.0022248404310885117
At 517799936 positions
Running Loss: 0.002228882621040906
At 527810560 positions
Running Loss: 0.00222884964825869
At 537821184 positions
Running Loss: 0.002227308121913779
At 547831808 positions
Running Loss: 0.002244803597220813
At 557842432 positions
Running Loss: 0.0022385385734945192
At 567853056 positions
Running Loss: 0.0022311116981818518
At 577863680 positions
Running Loss: 0.002241689327695756
At 587874304 positions
Running Loss: 0.002233574316271393
At 597884928 positions
Running Loss: 0.002235117403458066
At 607895552 positions
Running Loss: 0.0022340236435935464
At 617906176 positions
Running Loss: 0.0022510721328410695
At 627916800 positions
Running Loss: 0.002237257512618594
At 637927424 positions
Running Loss: 0.0022358882641831316
At 647938048 positions
Running Loss: 0.002233413744675157
At 657948672 positions
Running Loss: 0.002226788556712349
At 667959296 positions
Running Loss: 0.002238198895306127
At 677969920 positions
Running Loss: 0.002239290899223665
At 687980544 positions
Running Loss: 0.0022334861287118565
At 697991168 positions
Running Loss: 0.0022306467624420814
At 708001792 positions
Running Loss: 0.002232096589333492
At 718012416 positions
Running Loss: 0.002227282758235151
At 728023040 positions
Running Loss: 0.0022387810892832453
At 738033664 positions
Running Loss: 0.002240567862889966
At 748044288 positions
Running Loss: 0.002236430851800547
At 758054912 positions
Running Loss: 0.002235363431140756
At 768065536 positions
Running Loss: 0.002241167031021243
At 778076160 positions
Running Loss: 0.0022424681877348503
At 788086784 positions
Running Loss: 0.0022354697634857728
At 798097408 positions
Running Loss: 0.0022275412726519344
At 808108032 positions
Running Loss: 0.002241216977957618
At 818118656 positions
Running Loss: 0.0022188091434160347
At 828129280 positions
Running Loss: 0.002226120516438336
At 838139904 positions
Running Loss: 0.0022285486009039
At 848150528 positions
Running Loss: 0.0022375460732392905
At 858161152 positions
Running Loss: 0.0022413516005595656
At 868171776 positions
Running Loss: 0.0022330221684981875
At 878182400 positions
Running Loss: 0.002232362907959084
At 888193024 positions
Running Loss: 0.0022397808084316222
At 898203648 positions
Running Loss: 0.002235844755719024
At 908214272 positions
Running Loss: 0.0022404621158606097
At 918224896 positions
Running Loss: 0.0022332426373970296
At 928235520 positions
Running Loss: 0.002236084344929447
At 938246144 positions
Running Loss: 0.0022308180648254296
At 948256768 positions
Running Loss: 0.002239619261309285
At 958267392 positions
Running Loss: 0.0022381294378477305
At 968278016 positions
Running Loss: 0.0022316657970072595
At 978288640 positions
Running Loss: 0.0022350549697875977
At 988299264 positions
Running Loss: 0.002224233653853646
At 998309888 positions
Running Loss: 0.0022436005784329726
At 1008320512 positions
Running Loss: 0.0022336621136204897
At 1018331136 positions
Running Loss: 0.0022281535128329663
At 1028341760 positions
Running Loss: 0.0022350200459531795
At 1038352384 positions
Running Loss: 0.0022354486921219896
At 1048363008 positions
Running Loss: 0.0022434946362983967
At 1058373632 positions
Running Loss: 0.002227889925680457
At 1068384256 positions
Running Loss: 0.0022341769962966346
At 1078394880 positions
Running Loss: 0.002236781846091712
At 1088405504 positions
Running Loss: 0.0022370885514978885
At 1098416128 positions
Running Loss: 0.0022310693603490653
At 1108426752 positions
Running Loss: 0.0022263335713388096
At 1118437376 positions
Running Loss: 0.0022344807751245076
At 1128448000 positions
Running Loss: 0.002229895412239037
At 1138458624 positions
Running Loss: 0.0022277791059153755
At 1148469248 positions
Running Loss: 0.002231233053628825
At 1158479872 positions
Running Loss: 0.002232045471765796
At 1168490496 positions
Running Loss: 0.002240877104664005
At 1178501120 positions
Running Loss: 0.002234432389029895
At 1188511744 positions
Running Loss: 0.0022342938643235425
At 1198522368 positions
Running Loss: 0.0022330750420128656
At 1208532992 positions
Running Loss: 0.0022298682926134273
At 1218543616 positions
Running Loss: 0.002223615950726448
At 1228554240 positions
Running Loss: 0.0022365849849245163
At 1238564864 positions
Running Loss: 0.0022353337751472835
At 1248575488 positions
Running Loss: 0.0022264939478298254
At 1258586112 positions
Running Loss: 0.0022333232158529776
At 1268596736 positions
Running Loss: 0.0022370001688331318
At 1278607360 positions
Running Loss: 0.002235801832570577
At 1288617984 positions
Running Loss: 0.0022426931440537572
At 1298628608 positions
Running Loss: 0.0022418614104999846
At 1308639232 positions
Running Loss: 0.002233073676276324
At 1318649856 positions
Running Loss: 0.0022331343539998107
At 1328660480 positions
Running Loss: 0.002230293621993494
At 1338671104 positions
Running Loss: 0.002236126682762233
At 1348681728 positions
Running Loss: 0.002232679758836712
At 1358692352 positions
Running Loss: 0.002231992598251118
At 1368702976 positions
Running Loss: 0.0022283882244128837
At 1378713600 positions
Running Loss: 0.0022331226476865976
At 1388724224 positions
Running Loss: 0.0022408398395669443
At 1398734848 positions
Running Loss: 0.002229257808379378
At 1408745472 positions
Running Loss: 0.002233987158917366
At 1418756096 positions
Running Loss: 0.0022314187937984686
At 1428766720 positions
Running Loss: 0.0022354440095967046
At 1438777344 positions
Running Loss: 0.0022212752733995404
At 1448787968 positions
Running Loss: 0.0022322271147258155
At 1458798592 positions
Running Loss: 0.002240290423266821
At 1468809216 positions
Running Loss: 0.002232190630049635
At 1478819840 positions
Running Loss: 0.002235718912851986
At 1488830464 positions
Running Loss: 0.0022417942943042312
At 1498841088 positions
Running Loss: 0.0022438665068481244
At 1508851712 positions
Running Loss: 0.0022295280291093744
At 1518862336 positions
Running Loss: 0.002234174069718331
At 1528872960 positions
Running Loss: 0.0022386296876323593
At 1538883584 positions
Running Loss: 0.0022381713854700766
At 1548894208 positions
Running Loss: 0.0022371273774367114
At 1558904832 positions
Running Loss: 0.0022279113872546805
At 1568915456 positions
Running Loss: 0.002241891066493457
At 1578926080 positions
Running Loss: 0.002234180313085378
At 1588936704 positions
Running Loss: 0.0022406461000832717
At 1598947328 positions
Running Loss: 0.0022233074893732896
At 1608957952 positions
Running Loss: 0.002230352933980439
At 1618968576 positions
Running Loss: 0.0022211330416940043
At 1628979200 positions
Running Loss: 0.002232931444570788
At 1638989824 positions
Running Loss: 0.0022306313491296846
At 1649000448 positions
Running Loss: 0.0022373341889701383
At 1659011072 positions
Running Loss: 0.0022373981834823684
At 1669021696 positions
Running Loss: 0.0022281234666290534
At 1679032320 positions
Running Loss: 0.002236965635209154
At 1689042944 positions
Running Loss: 0.002230250698845047
At 1699053568 positions
Running Loss: 0.0022296605055538996
At 1709064192 positions
Running Loss: 0.0022327142924606896
At 1719074816 positions
Running Loss: 0.002233292584333404
At 1729085440 positions
Running Loss: 0.002241657330439641
At 1739096064 positions
Running Loss: 0.0022300413509437574
At 1749106688 positions
Running Loss: 0.0022319830380953276
At 1759117312 positions
Running Loss: 0.002238886250996941
At 1769127936 positions
Running Loss: 0.0022318271490243766
At 1779138560 positions
Running Loss: 0.0022317305719403704
At 1789149184 positions
Running Loss: 0.002228931007135519
At 1799159808 positions
Running Loss: 0.0022340532995870186
At 1809170432 positions
Running Loss: 0.0022352797310012844
At 1819181056 positions
Running Loss: 0.002227812468908032
At 1829191680 positions
Running Loss: 0.0022333167773807105
At 1839202304 positions
Running Loss: 0.0022471157891855694
At 1849212928 positions
Running Loss: 0.0022358123682524687
At 1859223552 positions
Running Loss: 0.0022335516840658485
At 1869234176 positions
Running Loss: 0.002238412340417041
At 1879244800 positions
Running Loss: 0.0022407807226852193
At 1889255424 positions
Running Loss: 0.0022316739914265086
At 1899266048 positions
Running Loss: 0.002224633229344644
At 1909276672 positions
Running Loss: 0.0022222601645511806
At 1919287296 positions
Running Loss: 0.0022243610575624455
At 1929297920 positions
Running Loss: 0.002228313889323982
At 1939308544 positions
Running Loss: 0.002236367052393537
At 1949319168 positions
Running Loss: 0.0022373455050729105
At 1959329792 positions
Running Loss: 0.002240527085898941
At 1969340416 positions
Running Loss: 0.0022336794779850887
At 1979351040 positions
Running Loss: 0.002237776297399143
At 1989361664 positions
Running Loss: 0.002229225225807602
At 1999372288 positions
Running Loss: 0.002233759861335817
At 2009382912 positions
Running Loss: 0.0022472180243209615
At 2019393536 positions
Running Loss: 0.002228811602740748
At 2029404160 positions
Running Loss: 0.002232873108109944
At 2039414784 positions
Running Loss: 0.0022320466423971174
At 2049425408 positions
Running Loss: 0.002234006669439388
At 2059436032 positions
Running Loss: 0.0022392421229186113
At 2069446656 positions
Running Loss: 0.002233123818317919
At 2079457280 positions
Running Loss: 0.002221191768365289
At 2089467904 positions
Running Loss: 0.002235821928408259
At 2099478528 positions
Running Loss: 0.002236654832593353
At 2109489152 positions
Running Loss: 0.0022258951699089887
At 2119499776 positions
Running Loss: 0.002232853792693143
At 2129510400 positions
Running Loss: 0.00222311628625748
At 2139521024 positions
Running Loss: 0.002229313413367139
At 2149531648 positions
Running Loss: 0.0022260243295647705
At 2159542272 positions
Running Loss: 0.0022259347762686923
At 2169552896 positions
Running Loss: 0.0022225522370658414
At 2179563520 positions
Running Loss: 0.002236691317269533
At 2189574144 positions
Running Loss: 0.002221370094536564
At 2199584768 positions
Running Loss: 0.002235573169252486
At 2209595392 positions
Running Loss: 0.0022299888676395197
At 2219606016 positions
Running Loss: 0.0022341194402566715
At 2229616640 positions
Running Loss: 0.0022328216003318076
At 2239627264 positions
Running Loss: 0.0022283495935792813
At 2249637888 positions
Running Loss: 0.0022262791369823697
At 2259648512 positions
Running Loss: 0.0022336650401987928
At 2269659136 positions
Running Loss: 0.0022270371207629017
At 2279669760 positions
Running Loss: 0.0022288024327953983
At 2289680384 positions
Running Loss: 0.0022395644367424047
At 2299691008 positions
Running Loss: 0.0022276122909520926
At 2309701632 positions
Running Loss: 0.002230402100495933
At 2319712256 positions
Running Loss: 0.0022305137006818957
At 2329722880 positions
Running Loss: 0.002234655004086159
At 2339733504 positions
Running Loss: 0.0022313048523498634
At 2349744128 positions
Running Loss: 0.0022356636980746655
At 2359754752 positions
Running Loss: 0.0022360839547190064
At 2369765376 positions
Running Loss: 0.002232418903157286
At 2379776000 positions
Running Loss: 0.002234185580926324
At 2389786624 positions
Running Loss: 0.002229208446758664
At 2399797248 positions
Running Loss: 0.002233383308260804
At 2409807872 positions
Running Loss: 0.0022231309191489963
At 2419818496 positions
Running Loss: 0.002231561415714445
At 2429829120 positions
Running Loss: 0.0022227274415535935
At 2439839744 positions
Running Loss: 0.0022255681735599098
At 2449850368 positions
Running Loss: 0.0022360094245248846
At 2459860992 positions
Running Loss: 0.002234295034954864
At 2469871616 positions
Running Loss: 0.0022235121547492945
At 2479882240 positions
Running Loss: 0.0022253463389245265
At 2489892864 positions
Running Loss: 0.0022316174109126463
At 2499903488 positions
Running Loss: 0.0022382624996079166
At 2509914112 positions
Running Loss: 0.0022338652181547324
At 2519924736 positions
Running Loss: 0.0022328678402689984
At 2529935360 positions
Running Loss: 0.00224272299515245
At 2539945984 positions
Running Loss: 0.002228936079871245
At 2549956608 positions
Running Loss: 0.002225599390395144
At 2559967232 positions
Running Loss: 0.0022367190222108034
At 2569977856 positions
Running Loss: 0.0022330126083423972
At 2579988480 positions
Running Loss: 0.0022326448350022936
At 2589999104 positions
Running Loss: 0.002226732951724588
At 2600009728 positions
Running Loss: 0.0022235197638528826
At 2610020352 positions
Running Loss: 0.00222651618982493
At 2620030976 positions
Running Loss: 0.00223193055479109
At 2630041600 positions
Running Loss: 0.002230805968301776
At 2640052224 positions
Running Loss: 0.002225564271455506
At 2650062848 positions
Running Loss: 0.002236188921327482
At 2660073472 positions
Running Loss: 0.0022447214579231025
At 2670084096 positions
Running Loss: 0.002236708486528912
At 2680094720 positions
Running Loss: 0.0022340568114809826
At 2690105344 positions
Running Loss: 0.002227058582337125
At 2700115968 positions
Running Loss: 0.0022259285329016454
At 2710126592 positions
Running Loss: 0.002239442495979771
At 2720137216 positions
Running Loss: 0.0022239607016505663
At 2730147840 positions
Running Loss: 0.0022193417806672193
At 2740158464 positions
Running Loss: 0.0022341399263047937
At 2750169088 positions
Running Loss: 0.0022248447234033564
At 2760179712 positions
Running Loss: 0.002237252244777648
At 2770190336 positions
Running Loss: 0.0022295280291093744
At 2780200960 positions
Running Loss: 0.002225068509090942
At 2790211584 positions
Running Loss: 0.0022241915111260798
At 2800222208 positions
Running Loss: 0.0022334178418847816
At 2810232832 positions
Running Loss: 0.00223344359577385
At 2820243456 positions
Running Loss: 0.0022174471138737203
At 2830254080 positions
Running Loss: 0.0022236042444132354
At 2840264704 positions
Running Loss: 0.0022283673481543207
At 2850275328 positions
Running Loss: 0.002222652326043811
At 2860285952 positions
Running Loss: 0.0022268529414350194
At 2870296576 positions
Running Loss: 0.0022146393546496205
At 2880307200 positions
Running Loss: 0.0022248938899188503
At 2890317824 positions
Running Loss: 0.0022201325421247467
At 2900328448 positions
Running Loss: 0.0022273250960679375
At 2910339072 positions
Running Loss: 0.0022369590016316663
At 2920349696 positions
Running Loss: 0.00223992460097892
At 2930360320 positions
Running Loss: 0.0022261741703738947
At 2940370944 positions
Running Loss: 0.0022279213376209116
At 2950381568 positions
Running Loss: 0.002227538150968411
At 2960392192 positions
Running Loss: 0.002230282696101162
At 2970402816 positions
Running Loss: 0.0022258567341806065
At 2980413440 positions
Running Loss: 0.0022217792301833534
At 2990424064 positions
Running Loss: 0.0022239966010110857
At 3000434688 positions
Running Loss: 0.0022340201316995824
At 3010445312 positions
Running Loss: 0.0022288555014152965
At 3020455936 positions
Running Loss: 0.0022279605537701744
At 3030466560 positions
Running Loss: 0.0022233426083129284
At 3040477184 positions
Running Loss: 0.0022266529585843
At 3050487808 positions
Running Loss: 0.002227623607054865
At 3060498432 positions
Running Loss: 0.0022255154951504523
At 3070509056 positions
Running Loss: 0.00222254209159439
At 3080519680 positions
Running Loss: 0.0022365524023527403
At 3090530304 positions
Running Loss: 0.002231156572382501
At 3100540928 positions
Running Loss: 0.0022258584901275885
At 3110551552 positions
Running Loss: 0.0022245097277402487
At 3120562176 positions
Running Loss: 0.0022229233271946884
At 3130572800 positions
Running Loss: 0.0022243374498307996
At 3140583424 positions
Running Loss: 0.002232645420317954
At 3150594048 positions
Running Loss: 0.0022315573185048205
At 3160604672 positions
Running Loss: 0.0022219224374149904
At 3170615296 positions
Running Loss: 0.002227668286150294
At 3180625920 positions
Running Loss: 0.0022318279294452573
At 3190636544 positions
Running Loss: 0.002227660872151926
At 3200647168 positions
Running Loss: 0.00222742791651899
At 3210657792 positions
Running Loss: 0.0022248376996154284
At 3220668416 positions
Running Loss: 0.0022291592802431695
At 3230679040 positions
Running Loss: 0.002227276124657664
At 3240689664 positions
Running Loss: 0.0022231240904662885
At 3250700288 positions
Running Loss: 0.002227717647771008
At 3260710912 positions
Running Loss: 0.0022233882629344582
At 3270721536 positions
Running Loss: 0.0022273252911731577
At 3280732160 positions
Running Loss: 0.002233212396087896
At 3290742784 positions
Running Loss: 0.0022153452453363546
At 3300753408 positions
Running Loss: 0.002223630388512744
epoch 21
epoch train loss: 0.002232502282295766
epoch pos/s: 1240499.249623759
At 1114112 positions
Running Loss: 0.002210437763732311
At 11124736 positions
Running Loss: 0.0022406617085008887
At 21135360 positions
Running Loss: 0.002233389746733071
At 31145984 positions
Running Loss: 0.00223914105841454
At 41156608 positions
Running Loss: 0.0022308565005538118
At 51167232 positions
Running Loss: 0.0022340714443724987
At 61177856 positions
Running Loss: 0.002231457424632071
At 71188480 positions
Running Loss: 0.0022404537263361404
At 81199104 positions
Running Loss: 0.0022241842922329316
At 91209728 positions
Running Loss: 0.002233397160731439
At 101220352 positions
Running Loss: 0.0022367408739954672
At 111230976 positions
Running Loss: 0.002232133854430553
At 121241600 positions
Running Loss: 0.0022296776748132784
At 131252224 positions
Running Loss: 0.002235050872577973
At 141262848 positions
Running Loss: 0.002240323005838597
At 151273472 positions
Running Loss: 0.0022406115664592935
At 161284096 positions
Running Loss: 0.002232938468358716
At 171294720 positions
Running Loss: 0.002233912433618024
At 181305344 positions
Running Loss: 0.002240050248740738
At 191315968 positions
Running Loss: 0.0022385379881788587
At 201326592 positions
Running Loss: 0.002231974258360418
At 211337216 positions
Running Loss: 0.002228035474174737
At 221347840 positions
Running Loss: 0.0022372298076773238
At 231358464 positions
Running Loss: 0.0022342946447444236
At 241369088 positions
Running Loss: 0.0022366437115958005
At 251379712 positions
Running Loss: 0.002244408118939439
At 261390336 positions
Running Loss: 0.002231621898332711
At 271400960 positions
Running Loss: 0.0022383703927946947
At 281411584 positions
Running Loss: 0.0022404755781208043
At 291422208 positions
Running Loss: 0.002233852146104978
At 301432832 positions
Running Loss: 0.0022282266772905464
At 311443456 positions
Running Loss: 0.0022374713479399485
At 321454080 positions
Running Loss: 0.002232670979101802
At 331464704 positions
Running Loss: 0.0022358469018764465
At 341475328 positions
Running Loss: 0.0022307068548499073
At 351485952 positions
Running Loss: 0.002237512710246634
At 361496576 positions
Running Loss: 0.002243851483746168
At 371507200 positions
Running Loss: 0.002234608959254188
At 381517824 positions
Running Loss: 0.002244528693965531
At 391528448 positions
Running Loss: 0.002236713169054197
At 401539072 positions
Running Loss: 0.0022421374843865876
At 411549696 positions
Running Loss: 0.0022274700592465565
At 421560320 positions
Running Loss: 0.002237832487702565
At 431570944 positions
Running Loss: 0.0022376992308371585
At 441581568 positions
Running Loss: 0.002233517345547091
At 451592192 positions
Running Loss: 0.0022397107656575654
At 461602816 positions
Running Loss: 0.0022275322978118047
At 471613440 positions
Running Loss: 0.0022327585813456782
At 481624064 positions
Running Loss: 0.0022292541013801937
At 491634688 positions
Running Loss: 0.0022362312591602683
At 501645312 positions
Running Loss: 0.002219599319557902
At 511655936 positions
Running Loss: 0.0022232676879083662
At 521666560 positions
Running Loss: 0.0022324389989949677
At 531677184 positions
Running Loss: 0.00222482989540662
At 541687808 positions
Running Loss: 0.002231206909529316
At 551698432 positions
Running Loss: 0.002238868496421901
At 561709056 positions
Running Loss: 0.0022428453261255244
At 571719680 positions
Running Loss: 0.0022226972002444604
At 581730304 positions
Running Loss: 0.002240149947508267
At 591740928 positions
Running Loss: 0.002236587326187159
At 601751552 positions
Running Loss: 0.002229905362605268
At 611762176 positions
Running Loss: 0.0022339192623007315
At 621772800 positions
Running Loss: 0.0022480632201349287
At 631783424 positions
Running Loss: 0.0022336244583129883
At 641794048 positions
Running Loss: 0.0022340337890649972
At 651804672 positions
Running Loss: 0.0022339471623472225
At 661815296 positions
Running Loss: 0.002228643812251364
At 671825920 positions
Running Loss: 0.002234718023072288
At 681836544 positions
Running Loss: 0.002234698707655487
At 691847168 positions
Running Loss: 0.0022279111921494604
At 701857792 positions
Running Loss: 0.0022299728690114624
At 711868416 positions
Running Loss: 0.002231331776870253
At 721879040 positions
Running Loss: 0.0022321964832062416
At 731889664 positions
Running Loss: 0.0022315920472340185
At 741900288 positions
Running Loss: 0.0022418383880839997
At 751910912 positions
Running Loss: 0.002236229308108066
At 761921536 positions
Running Loss: 0.002238527257391747
At 771932160 positions
Running Loss: 0.0022305437468858086
At 781942784 positions
Running Loss: 0.0022427107035235764
At 791953408 positions
Running Loss: 0.002230812016563603
At 801964032 positions
Running Loss: 0.002234541062637554
At 811974656 positions
Running Loss: 0.002224080496255778
At 821985280 positions
Running Loss: 0.002227271051921938
At 831995904 positions
Running Loss: 0.002223568149947496
At 842006528 positions
Running Loss: 0.002229769374266779
At 852017152 positions
Running Loss: 0.0022384499957245423
At 862027776 positions
Running Loss: 0.002236885642068866
At 872038400 positions
Running Loss: 0.002230126611924991
At 882049024 positions
Running Loss: 0.002229714939910339
At 892059648 positions
Running Loss: 0.002237318775657741
At 902070272 positions
Running Loss: 0.002233168107202908
At 912080896 positions
Running Loss: 0.0022432183673065736
At 922091520 positions
Running Loss: 0.002226943470257199
At 932102144 positions
Running Loss: 0.0022363073501961515
At 942112768 positions
Running Loss: 0.002235145498609777
At 952123392 positions
Running Loss: 0.0022348204533129004
At 962134016 positions
Running Loss: 0.0022365736688217436
At 972144640 positions
Running Loss: 0.002228425684615165
At 982155264 positions
Running Loss: 0.002231145646490169
At 992165888 positions
Running Loss: 0.0022295165179013815
At 1002176512 positions
Running Loss: 0.0022393697217326313
At 1012187136 positions
Running Loss: 0.002226359520333098
At 1022197760 positions
Running Loss: 0.0022306200330269124
At 1032208384 positions
Running Loss: 0.0022331597176784386
At 1042219008 positions
Running Loss: 0.0022316057045994337
At 1052229632 positions
Running Loss: 0.0022399257716102412
At 1062240256 positions
Running Loss: 0.0022307214877414234
At 1072250880 positions
Running Loss: 0.00223695295336984
At 1082261504 positions
Running Loss: 0.002229782251211313
At 1092272128 positions
Running Loss: 0.0022353618702989943
At 1102282752 positions
Running Loss: 0.0022285146525955826
At 1112293376 positions
Running Loss: 0.0022244373437035492
At 1122304000 positions
Running Loss: 0.0022328807172135325
At 1132314624 positions
Running Loss: 0.002229179766291292
At 1142325248 positions
Running Loss: 0.0022243673009294924
At 1152335872 positions
Running Loss: 0.0022277693506543646
At 1162346496 positions
Running Loss: 0.0022325566474427566
At 1172357120 positions
Running Loss: 0.002241340869772454
At 1182367744 positions
Running Loss: 0.0022362679389416685
At 1192378368 positions
Running Loss: 0.002230924982486107
At 1202388992 positions
Running Loss: 0.0022233072942680694
At 1212399616 positions
Running Loss: 0.0022311873990072946
At 1222410240 positions
Running Loss: 0.002227598243376237
At 1232420864 positions
Running Loss: 0.0022351119405119003
At 1242431488 positions
Running Loss: 0.0022300981265628394
At 1252442112 positions
Running Loss: 0.002220261311570088
At 1262452736 positions
Running Loss: 0.002238614859635623
At 1272463360 positions
Running Loss: 0.0022322397965651294
At 1282473984 positions
Running Loss: 0.0022435689713872983
At 1292484608 positions
Running Loss: 0.0022360919540330352
At 1302495232 positions
Running Loss: 0.0022416906934322974
At 1312505856 positions
Running Loss: 0.0022256204617589273
At 1322516480 positions
Running Loss: 0.0022353638213511965
At 1332527104 positions
Running Loss: 0.002225181865223886
At 1342537728 positions
Running Loss: 0.0022374157429521876
At 1352548352 positions
Running Loss: 0.002231259978149214
At 1362558976 positions
Running Loss: 0.0022316695040064437
At 1372569600 positions
Running Loss: 0.002225879951701812
At 1382580224 positions
Running Loss: 0.0022360537134098733
At 1392590848 positions
Running Loss: 0.0022307314381076544
At 1402601472 positions
Running Loss: 0.0022349053240836936
At 1412612096 positions
Running Loss: 0.002231252369045626
At 1422622720 positions
Running Loss: 0.0022319976709868437
At 1432633344 positions
Running Loss: 0.002230872499181869
At 1442643968 positions
Running Loss: 0.002217769232592294
At 1452654592 positions
Running Loss: 0.0022331813743578822
At 1462665216 positions
Running Loss: 0.002235436595598336
At 1472675840 positions
Running Loss: 0.0022437016429370437
At 1482686464 positions
Running Loss: 0.002231280659302557
At 1492697088 positions
Running Loss: 0.002236254671786694
At 1502707712 positions
Running Loss: 0.0022335883638472487
At 1512718336 positions
Running Loss: 0.0022323164729166735
At 1522728960 positions
Running Loss: 0.002232895154999828
At 1532739584 positions
Running Loss: 0.002236565474402495
At 1542750208 positions
Running Loss: 0.0022362505745770695
At 1552760832 positions
Running Loss: 0.0022352354421162957
At 1562771456 positions
Running Loss: 0.0022306245204469772
At 1572782080 positions
Running Loss: 0.002234723486018454
At 1582792704 positions
Running Loss: 0.0022383682466372724
At 1592803328 positions
Running Loss: 0.002233409062149872
At 1602813952 positions
Running Loss: 0.0022186573515547083
At 1612824576 positions
Running Loss: 0.0022313795776492053
At 1622835200 positions
Running Loss: 0.0022205094854102
At 1632845824 positions
Running Loss: 0.0022311156002862557
At 1642856448 positions
Running Loss: 0.002233482031502232
At 1652867072 positions
Running Loss: 0.002231565122713629
At 1662877696 positions
Running Loss: 0.002237119768333123
At 1672888320 positions
Running Loss: 0.0022267415363542774
At 1682898944 positions
Running Loss: 0.0022381148049562143
At 1692909568 positions
Running Loss: 0.0022245608453079447
At 1702920192 positions
Running Loss: 0.002234843865939326
At 1712930816 positions
Running Loss: 0.002227909045992038
At 1722941440 positions
Running Loss: 0.002235661161706803
At 1732952064 positions
Running Loss: 0.0022345334535339655
At 1742962688 positions
Running Loss: 0.0022260493030329576
At 1752973312 positions
Running Loss: 0.0022331915198293335
At 1762983936 positions
Running Loss: 0.0022386878289879833
At 1772994560 positions
Running Loss: 0.002229565294206435
At 1783005184 positions
Running Loss: 0.0022272086182514696
At 1793015808 positions
Running Loss: 0.002232662784682553
At 1803026432 positions
Running Loss: 0.0022357879800999417
At 1813037056 positions
Running Loss: 0.002222556529380686
At 1823047680 positions
Running Loss: 0.0022351962259670325
At 1833058304 positions
Running Loss: 0.002234158071090274
At 1843068928 positions
Running Loss: 0.0022403136407880267
At 1853079552 positions
Running Loss: 0.0022346491509295523
At 1863090176 positions
Running Loss: 0.0022338507803684364
At 1873100800 positions
Running Loss: 0.0022386874387775426
At 1883111424 positions
Running Loss: 0.0022352539771122158
At 1893122048 positions
Running Loss: 0.0022250162208919243
At 1903132672 positions
Running Loss: 0.0022264734617817032
At 1913143296 positions
Running Loss: 0.0022252860514114805
At 1923153920 positions
Running Loss: 0.002217472867762789
At 1933164544 positions
Running Loss: 0.0022256910898486447
At 1943175168 positions
Running Loss: 0.0022444537735609687
At 1953185792 positions
Running Loss: 0.0022348251358381855
At 1963196416 positions
Running Loss: 0.002232640542687449
At 1973207040 positions
Running Loss: 0.0022362072612181817
At 1983217664 positions
Running Loss: 0.0022275877076943455
At 1993228288 positions
Running Loss: 0.0022333520914255695
At 2003238912 positions
Running Loss: 0.0022371176221757006
At 2013249536 positions
Running Loss: 0.002243890309684991
At 2023260160 positions
Running Loss: 0.0022247807288911263
At 2033270784 positions
Running Loss: 0.0022335719750087506
At 2043281408 positions
Running Loss: 0.0022331452798921426
At 2053292032 positions
Running Loss: 0.0022300298397357646
At 2063302656 positions
Running Loss: 0.0022386745618330085
At 2073313280 positions
Running Loss: 0.002226166366165086
At 2083323904 positions
Running Loss: 0.0022268687449578566
At 2093334528 positions
Running Loss: 0.002230934347536677
At 2103345152 positions
Running Loss: 0.0022346653446628302
At 2113355776 positions
Running Loss: 0.0022230926785258343
At 2123366400 positions
Running Loss: 0.0022290349982178933
At 2133377024 positions
Running Loss: 0.002225724062630861
At 2143387648 positions
Running Loss: 0.002222987907022579
At 2153398272 positions
Running Loss: 0.0022293616043565314
At 2163408896 positions
Running Loss: 0.002219755208628853
At 2173419520 positions
Running Loss: 0.002228613766047451
At 2183430144 positions
Running Loss: 0.0022272677351331946
At 2193440768 positions
Running Loss: 0.0022197735485195527
At 2203451392 positions
Running Loss: 0.0022409615852243578
At 2213462016 positions
Running Loss: 0.0022285273344348966
At 2223472640 positions
Running Loss: 0.0022307058793238064
At 2233483264 positions
Running Loss: 0.002232494994193169
At 2243493888 positions
Running Loss: 0.002224026061899338
At 2253504512 positions
Running Loss: 0.002235118183878947
At 2263515136 positions
Running Loss: 0.0022253516067654725
At 2273525760 positions
Running Loss: 0.002223629217881423
At 2283536384 positions
Running Loss: 0.0022289721743369846
At 2293547008 positions
Running Loss: 0.002234589838942607
At 2303557632 positions
Running Loss: 0.0022298343443051104
At 2313568256 positions
Running Loss: 0.00222668027331513
At 2323578880 positions
Running Loss: 0.002226678517368148
At 2333589504 positions
Running Loss: 0.0022386252002122944
At 2343600128 positions
Running Loss: 0.002226885524006795
At 2353610752 positions
Running Loss: 0.0022360556644620755
At 2363621376 positions
Running Loss: 0.002235730814270419
At 2373632000 positions
Running Loss: 0.0022318370993906073
At 2383642624 positions
Running Loss: 0.0022269497136242454
At 2393653248 positions
Running Loss: 0.0022332992179108914
At 2403663872 positions
Running Loss: 0.0022289247637684723
At 2413674496 positions
Running Loss: 0.0022223097212771153
At 2423685120 positions
Running Loss: 0.002227292708601382
At 2433695744 positions
Running Loss: 0.002222061742542223
At 2443706368 positions
Running Loss: 0.0022216252921646042
At 2453716992 positions
Running Loss: 0.0022405081606925803
At 2463727616 positions
Running Loss: 0.002229443938759462
At 2473738240 positions
Running Loss: 0.0022180613051069544
At 2483748864 positions
Running Loss: 0.002228109809263638
At 2493759488 positions
Running Loss: 0.00223528519394745
At 2503770112 positions
Running Loss: 0.002230222408588116
At 2513780736 positions
Running Loss: 0.0022369515876332984
At 2523791360 positions
Running Loss: 0.0022287597047521714
At 2533801984 positions
Running Loss: 0.0022392497320222
At 2543812608 positions
Running Loss: 0.0022295438326322115
At 2553823232 positions
Running Loss: 0.0022274558165654807
At 2563833856 positions
Running Loss: 0.0022334586188758063
At 2573844480 positions
Running Loss: 0.0022318179790790263
At 2583855104 positions
Running Loss: 0.0022303995641280703
At 2593865728 positions
Running Loss: 0.0022218988296833445
At 2603876352 positions
Running Loss: 0.002225179719066464
At 2613886976 positions
Running Loss: 0.0022293543854633837
At 2623897600 positions
Running Loss: 0.0022252679066260004
At 2633908224 positions
Running Loss: 0.0022281829737212187
At 2643918848 positions
Running Loss: 0.00223013500144946
At 2653929472 positions
Running Loss: 0.0022302721604192705
At 2663940096 positions
Running Loss: 0.0022466582674441674
At 2673950720 positions
Running Loss: 0.0022340468611147515
At 2683961344 positions
Running Loss: 0.0022325617201784825
At 2693971968 positions
Running Loss: 0.0022228952320429776
At 2703982592 positions
Running Loss: 0.0022320895655455644
At 2713993216 positions
Running Loss: 0.002232567573335089
At 2724003840 positions
Running Loss: 0.002217687873715465
At 2734014464 positions
Running Loss: 0.002226578233284958
At 2744025088 positions
Running Loss: 0.0022252144477956618
At 2754035712 positions
Running Loss: 0.002227040242446425
At 2764046336 positions
Running Loss: 0.002233839269160444
At 2774056960 positions
Running Loss: 0.0022294845206452664
At 2784067584 positions
Running Loss: 0.0022245095326350285
At 2794078208 positions
Running Loss: 0.002223829981153023
At 2804088832 positions
Running Loss: 0.0022317057935774035
At 2814099456 positions
Running Loss: 0.0022287819467472756
At 2824110080 positions
Running Loss: 0.002219103557193338
At 2834120704 positions
Running Loss: 0.0022204893895725183
At 2844131328 positions
Running Loss: 0.0022183483048858893
At 2854141952 positions
Running Loss: 0.002232546697076526
At 2864152576 positions
Running Loss: 0.0022202092184762908
At 2874163200 positions
Running Loss: 0.0022169831536600518
At 2884173824 positions
Running Loss: 0.0022177077744479265
At 2894184448 positions
Running Loss: 0.0022233991888267906
At 2904195072 positions
Running Loss: 0.0022241862432851338
At 2914205696 positions
Running Loss: 0.0022452937015339904
At 2924216320 positions
Running Loss: 0.002228603620576
At 2934226944 positions
Running Loss: 0.0022255129587825896
At 2944237568 positions
Running Loss: 0.0022245690397271938
At 2954248192 positions
Running Loss: 0.002227127649585081
At 2964258816 positions
Running Loss: 0.002228276234016481
At 2974269440 positions
Running Loss: 0.0022215587612845113
At 2984280064 positions
Running Loss: 0.0022230300497501454
At 2994290688 positions
Running Loss: 0.0022288174558973547
At 3004301312 positions
Running Loss: 0.0022298335638842293
At 3014311936 positions
Running Loss: 0.0022279449453525575
At 3024322560 positions
Running Loss: 0.0022208296530765712
At 3034333184 positions
Running Loss: 0.0022256399722809486
At 3044343808 positions
Running Loss: 0.0022291739131346856
At 3054354432 positions
Running Loss: 0.0022215509570757026
At 3064365056 positions
Running Loss: 0.0022240748382043917
At 3074375680 positions
Running Loss: 0.0022298007862072335
At 3084386304 positions
Running Loss: 0.0022266613481087692
At 3094396928 positions
Running Loss: 0.002226496289092468
At 3104407552 positions
Running Loss: 0.002228865061571087
At 3114418176 positions
Running Loss: 0.002219719114163113
At 3124428800 positions
Running Loss: 0.002225747865467727
At 3134439424 positions
Running Loss: 0.0022263175727107523
At 3144450048 positions
Running Loss: 0.0022307088059021095
At 3154460672 positions
Running Loss: 0.002226922008682975
At 3164471296 positions
Running Loss: 0.0022212897111858363
At 3174481920 positions
Running Loss: 0.0022337378144459325
At 3184492544 positions
Running Loss: 0.0022211240668538745
At 3194503168 positions
Running Loss: 0.0022298583422471967
At 3204513792 positions
Running Loss: 0.002219161113233301
At 3214524416 positions
Running Loss: 0.0022272493952424943
At 3224535040 positions
Running Loss: 0.0022289832953345367
At 3234545664 positions
Running Loss: 0.002226166951480747
At 3244556288 positions
Running Loss: 0.0022228169948496717
At 3254566912 positions
Running Loss: 0.002224185267759033
At 3264577536 positions
Running Loss: 0.0022266026214374846
At 3274588160 positions
Running Loss: 0.0022266030116479254
At 3284598784 positions
Running Loss: 0.00222164870479103
At 3294609408 positions
Running Loss: 0.002219436406699023
At 3304620032 positions
Running Loss: 0.0022157617949815117
epoch 22
epoch train loss: 0.0022309812755060207
epoch pos/s: 1241604.4985918947
At 4980736 positions
Running Loss: 0.0022240748382043917
At 14991360 positions
Running Loss: 0.00223528519394745
At 25001984 positions
Running Loss: 0.002233295120701267
At 35012608 positions
Running Loss: 0.002231416452535826
At 45023232 positions
Running Loss: 0.002232344372963164
At 55033856 positions
Running Loss: 0.0022294086247146034
At 65044480 positions
Running Loss: 0.0022325982048546624
At 75055104 positions
Running Loss: 0.0022380275929227787
At 85065728 positions
Running Loss: 0.002221075485654041
At 95076352 positions
Running Loss: 0.0022399324051877285
At 105086976 positions
Running Loss: 0.0022301510000775175
At 115097600 positions
Running Loss: 0.00222885901330926
At 125108224 positions
Running Loss: 0.0022343006930062503
At 135118848 positions
Running Loss: 0.0022321184411181563
At 145129472 positions
Running Loss: 0.002242292593036658
At 155140096 positions
Running Loss: 0.0022309640035301495
At 165150720 positions
Running Loss: 0.0022322829148187966
At 175161344 positions
Running Loss: 0.0022399374779234543
At 185171968 positions
Running Loss: 0.0022328734983203843
At 195182592 positions
Running Loss: 0.002241233561901336
At 205193216 positions
Running Loss: 0.0022232503235437673
At 215203840 positions
Running Loss: 0.0022276991127750875
At 225214464 positions
Running Loss: 0.0022331164043195508
At 235225088 positions
Running Loss: 0.0022320987354909143
At 245235712 positions
Running Loss: 0.0022387984536478447
At 255246336 positions
Running Loss: 0.0022376885000500468
At 265256960 positions
Running Loss: 0.0022334623258749905
At 275267584 positions
Running Loss: 0.0022304908733711305
At 285278208 positions
Running Loss: 0.002248847543120189
At 295288832 positions
Running Loss: 0.0022258438572360724
At 305299456 positions
Running Loss: 0.0022300040858466963
At 315310080 positions
Running Loss: 0.00223099190357664
At 325320704 positions
Running Loss: 0.0022367383376276045
At 335331328 positions
Running Loss: 0.002228516213437344
At 345341952 positions
Running Loss: 0.0022353179716244464
At 355352576 positions
Running Loss: 0.0022377727855051794
At 365363200 positions
Running Loss: 0.0022377228385688044
At 375373824 positions
Running Loss: 0.002241062259517988
At 385384448 positions
Running Loss: 0.0022325683537559697
At 395395072 positions
Running Loss: 0.0022401222425669966
At 405405696 positions
Running Loss: 0.0022336502122020565
At 415416320 positions
Running Loss: 0.0022378385359643916
At 425426944 positions
Running Loss: 0.0022283605194716133
At 435437568 positions
Running Loss: 0.0022339528203986084
At 445448192 positions
Running Loss: 0.002236632395493028
At 455458816 positions
Running Loss: 0.0022343724917272888
At 465469440 positions
Running Loss: 0.0022313452391304477
At 475480064 positions
Running Loss: 0.0022264467323665337
At 485490688 positions
Running Loss: 0.002231540539455882
At 495501312 positions
Running Loss: 0.0022258959503298694
At 505511936 positions
Running Loss: 0.0022242205818038914
At 515522560 positions
Running Loss: 0.002220499339938749
At 525533184 positions
Running Loss: 0.0022304553642210514
At 535543808 positions
Running Loss: 0.002219591320243873
At 545554432 positions
Running Loss: 0.0022409725111166897
At 555565056 positions
Running Loss: 0.002236381685285053
At 565575680 positions
Running Loss: 0.0022337288396058028
At 575586304 positions
Running Loss: 0.002232375980008839
At 585596928 positions
Running Loss: 0.0022320306437690596
At 595607552 positions
Running Loss: 0.0022314010392234292
At 605618176 positions
Running Loss: 0.002230304547885826
At 615628800 positions
Running Loss: 0.0022402625232203306
At 625639424 positions
Running Loss: 0.0022391328639952916
At 635650048 positions
Running Loss: 0.0022340320331180152
At 645660672 positions
Running Loss: 0.0022286641031942665
At 655671296 positions
Running Loss: 0.0022324889459313427
At 665681920 positions
Running Loss: 0.0022261052982311593
At 675692544 positions
Running Loss: 0.0022347349972264468
At 685703168 positions
Running Loss: 0.00223825645134609
At 695713792 positions
Running Loss: 0.0022224786823978205
At 705724416 positions
Running Loss: 0.0022293335092048207
At 715735040 positions
Running Loss: 0.002228345496369657
At 725745664 positions
Running Loss: 0.002227569758014086
At 735756288 positions
Running Loss: 0.00224151061131404
At 745766912 positions
Running Loss: 0.0022330475321768154
At 755777536 positions
Running Loss: 0.0022330003167135236
At 765788160 positions
Running Loss: 0.002235960453114611
At 775798784 positions
Running Loss: 0.0022363729055501435
At 785809408 positions
Running Loss: 0.002240979144694177
At 795820032 positions
Running Loss: 0.002220772487247049
At 805830656 positions
Running Loss: 0.0022392159788191027
At 815841280 positions
Running Loss: 0.00221343594565134
At 825851904 positions
Running Loss: 0.002227293879232703
At 835862528 positions
Running Loss: 0.0022204714398922584
At 845873152 positions
Running Loss: 0.002234502041593511
At 855883776 positions
Running Loss: 0.0022369999737279116
At 865894400 positions
Running Loss: 0.002234357078414892
At 875905024 positions
Running Loss: 0.0022255410539343003
At 885915648 positions
Running Loss: 0.0022373037525557846
At 895926272 positions
Running Loss: 0.0022306649072275616
At 905936896 positions
Running Loss: 0.0022395100023859652
At 915947520 positions
Running Loss: 0.0022277972507008556
At 925958144 positions
Running Loss: 0.0022331784477795788
At 935968768 positions
Running Loss: 0.002228259845177983
At 945979392 positions
Running Loss: 0.002241216392641957
At 955990016 positions
Running Loss: 0.002231872413435466
At 966000640 positions
Running Loss: 0.0022286921983459772
At 976011264 positions
Running Loss: 0.002235780761206794
At 986021888 positions
Running Loss: 0.002218746514640346
At 996032512 positions
Running Loss: 0.0022357788101545917
At 1006043136 positions
Running Loss: 0.0022340903695788595
At 1016053760 positions
Running Loss: 0.0022276306308427925
At 1026064384 positions
Running Loss: 0.0022284771923933014
At 1036075008 positions
Running Loss: 0.0022334143299908176
At 1046085632 positions
Running Loss: 0.002230420050176193
At 1056096256 positions
Running Loss: 0.0022345652556848604
At 1066106880 positions
Running Loss: 0.0022361487296521177
At 1076117504 positions
Running Loss: 0.002230547453884993
At 1086128128 positions
Running Loss: 0.002232351982066752
At 1096138752 positions
Running Loss: 0.0022304541935897304
At 1106149376 positions
Running Loss: 0.0022228413830021987
At 1116160000 positions
Running Loss: 0.0022278481731633315
At 1126170624 positions
Running Loss: 0.0022315190778816585
At 1136181248 positions
Running Loss: 0.002225444476850294
At 1146191872 positions
Running Loss: 0.0022237655964303525
At 1156202496 positions
Running Loss: 0.0022280616182742455
At 1166213120 positions
Running Loss: 0.0022350830649393084
At 1176223744 positions
Running Loss: 0.0022359064089686118
At 1186234368 positions
Running Loss: 0.0022330968937975294
At 1196244992 positions
Running Loss: 0.002226287526506839
At 1206255616 positions
Running Loss: 0.002231145061174508
At 1216266240 positions
Running Loss: 0.002220121811337635
At 1226276864 positions
Running Loss: 0.002230977270685124
At 1236287488 positions
Running Loss: 0.0022304856055301845
At 1246298112 positions
Running Loss: 0.0022242804791064975
At 1256308736 positions
Running Loss: 0.002226478729622649
At 1266319360 positions
Running Loss: 0.002235197396598354
At 1276329984 positions
Running Loss: 0.002231972307308216
At 1286340608 positions
Running Loss: 0.0022428900052209534
At 1296351232 positions
Running Loss: 0.0022373291162344124
At 1306361856 positions
Running Loss: 0.002234051153429596
At 1316372480 positions
Running Loss: 0.0022291214298304483
At 1326383104 positions
Running Loss: 0.002229056459792117
At 1336393728 positions
Running Loss: 0.002230834843874368
At 1346404352 positions
Running Loss: 0.0022303539095065404
At 1356414976 positions
Running Loss: 0.002229421891869578
At 1366425600 positions
Running Loss: 0.002224575868409901
At 1376436224 positions
Running Loss: 0.0022284551455034173
At 1386446848 positions
Running Loss: 0.002242696460842501
At 1396457472 positions
Running Loss: 0.002222267383444329
At 1406468096 positions
Running Loss: 0.002230483264267542
At 1416478720 positions
Running Loss: 0.0022311425248066454
At 1426489344 positions
Running Loss: 0.002231793005610839
At 1436499968 positions
Running Loss: 0.0022203317445545854
At 1446510592 positions
Running Loss: 0.002228060252537704
At 1456521216 positions
Running Loss: 0.0022350738949939585
At 1466531840 positions
Running Loss: 0.002233132793158049
At 1476542464 positions
Running Loss: 0.0022353630409303158
At 1486553088 positions
Running Loss: 0.0022308641096574
At 1496563712 positions
Running Loss: 0.002242231915313171
At 1506574336 positions
Running Loss: 0.002228769655118402
At 1516584960 positions
Running Loss: 0.002228058496590722
At 1526595584 positions
Running Loss: 0.0022336236778921076
At 1536606208 positions
Running Loss: 0.002236590252765462
At 1546616832 positions
Running Loss: 0.0022337413263398965
At 1556627456 positions
Running Loss: 0.002226793239237634
At 1566638080 positions
Running Loss: 0.0022374604220476166
At 1576648704 positions
Running Loss: 0.002231936993263357
At 1586659328 positions
Running Loss: 0.002239369331522191
At 1596669952 positions
Running Loss: 0.0022220449634932846
At 1606680576 positions
Running Loss: 0.0022238770015110946
At 1616691200 positions
Running Loss: 0.0022212588845610423
At 1626701824 positions
Running Loss: 0.0022245702103585153
At 1636712448 positions
Running Loss: 0.0022331087952159627
At 1646723072 positions
Running Loss: 0.002232496945245371
At 1656733696 positions
Running Loss: 0.0022328151618595405
At 1666744320 positions
Running Loss: 0.0022300752992520747
At 1676754944 positions
Running Loss: 0.0022242594077427143
At 1686765568 positions
Running Loss: 0.0022334777391873873
At 1696776192 positions
Running Loss: 0.0022288917909862563
At 1706786816 positions
Running Loss: 0.0022295531976827816
At 1716797440 positions
Running Loss: 0.0022300234012634975
At 1726808064 positions
Running Loss: 0.0022365305505680764
At 1736818688 positions
Running Loss: 0.002229471253490292
At 1746829312 positions
Running Loss: 0.0022303061087275877
At 1756839936 positions
Running Loss: 0.0022312467109942397
At 1766850560 positions
Running Loss: 0.002233354627793432
At 1776861184 positions
Running Loss: 0.0022285337729071636
At 1786871808 positions
Running Loss: 0.0022259903812564532
At 1796882432 positions
Running Loss: 0.0022323496408041097
At 1806893056 positions
Running Loss: 0.002230056374045714
At 1816903680 positions
Running Loss: 0.0022243536435640776
At 1826914304 positions
Running Loss: 0.002233023534234729
At 1836924928 positions
Running Loss: 0.0022371416201177868
At 1846935552 positions
Running Loss: 0.002237209321629201
At 1856946176 positions
Running Loss: 0.002229154012402224
At 1866956800 positions
Running Loss: 0.002231570585659795
At 1876967424 positions
Running Loss: 0.002245137617357819
At 1886978048 positions
Running Loss: 0.0022292615153785616
At 1896988672 positions
Running Loss: 0.0022209962729346343
At 1906999296 positions
Running Loss: 0.0022210604625520847
At 1917009920 positions
Running Loss: 0.0022205682120814848
At 1927020544 positions
Running Loss: 0.002226629350852654
At 1937031168 positions
Running Loss: 0.002225983747678966
At 1947041792 positions
Running Loss: 0.0022388019655418083
At 1957052416 positions
Running Loss: 0.00223579519899309
At 1967063040 positions
Running Loss: 0.0022322136524656204
At 1977073664 positions
Running Loss: 0.002234843085518445
At 1987084288 positions
Running Loss: 0.0022254692552132614
At 1997094912 positions
Running Loss: 0.0022316478473269996
At 2007105536 positions
Running Loss: 0.002244672486512829
At 2017116160 positions
Running Loss: 0.0022249623718511454
At 2027126784 positions
Running Loss: 0.002230919714645161
At 2037137408 positions
Running Loss: 0.002226372397277632
At 2047148032 positions
Running Loss: 0.002231105649920025
At 2057158656 positions
Running Loss: 0.002236399830070533
At 2067169280 positions
Running Loss: 0.0022332847801245954
At 2077179904 positions
Running Loss: 0.0022224213214630775
At 2087190528 positions
Running Loss: 0.002231505615621464
At 2097201152 positions
Running Loss: 0.0022280672763256315
At 2107211776 positions
Running Loss: 0.0022288631105188846
At 2117222400 positions
Running Loss: 0.0022257410367850197
At 2127233024 positions
Running Loss: 0.0022235587848969257
At 2137243648 positions
Running Loss: 0.0022211381144297297
At 2147254272 positions
Running Loss: 0.0022271212111128137
At 2157264896 positions
Running Loss: 0.002225739475943258
At 2167275520 positions
Running Loss: 0.0022165613361739486
At 2177286144 positions
Running Loss: 0.0022313348985537763
At 2187296768 positions
Running Loss: 0.0022230044909662973
At 2197307392 positions
Running Loss: 0.0022276050720589444
At 2207318016 positions
Running Loss: 0.002232398222003943
At 2217328640 positions
Running Loss: 0.0022293348749413623
At 2227339264 positions
Running Loss: 0.0022270782879643667
At 2237349888 positions
Running Loss: 0.002232278622503952
At 2247360512 positions
Running Loss: 0.002218912354077528
At 2257371136 positions
Running Loss: 0.002231487665941204
At 2267381760 positions
Running Loss: 0.002225551589616192
At 2277392384 positions
Running Loss: 0.0022273705555842472
At 2287403008 positions
Running Loss: 0.0022316595536402127
At 2297413632 positions
Running Loss: 0.002226028621879615
At 2307424256 positions
Running Loss: 0.002235028825688089
At 2317434880 positions
Running Loss: 0.0022212432761434253
At 2327445504 positions
Running Loss: 0.0022342911328504596
At 2337456128 positions
Running Loss: 0.002228081519006707
At 2347466752 positions
Running Loss: 0.0022274361109382392
At 2357477376 positions
Running Loss: 0.002234890105876517
At 2367488000 positions
Running Loss: 0.002236439826640677
At 2377498624 positions
Running Loss: 0.002229816979940511
At 2387509248 positions
Running Loss: 0.0022228310424255273
At 2397519872 positions
Running Loss: 0.002231454888264208
At 2407530496 positions
Running Loss: 0.002222829871794206
At 2417541120 positions
Running Loss: 0.002223469231600847
At 2427551744 positions
Running Loss: 0.0022267510965100676
At 2437562368 positions
Running Loss: 0.002220151077120667
At 2447572992 positions
Running Loss: 0.0022264098574799134
At 2457583616 positions
Running Loss: 0.0022373345791805786
At 2467594240 positions
Running Loss: 0.0022217587441352308
At 2477604864 positions
Running Loss: 0.0022241103473544708
At 2487615488 positions
Running Loss: 0.0022281328316796235
At 2497626112 positions
Running Loss: 0.0022312818299338785
At 2507636736 positions
Running Loss: 0.002228770045328843
At 2517647360 positions
Running Loss: 0.002233760056441037
At 2527657984 positions
Running Loss: 0.0022353208982027494
At 2537668608 positions
Running Loss: 0.0022341939704507933
At 2547679232 positions
Running Loss: 0.0022217458671906967
At 2557689856 positions
Running Loss: 0.002229417404449513
At 2567700480 positions
Running Loss: 0.0022357114988536177
At 2577711104 positions
Running Loss: 0.002227766033865621
At 2587721728 positions
Running Loss: 0.0022259806259954423
At 2597732352 positions
Running Loss: 0.0022223026974891873
At 2607742976 positions
Running Loss: 0.002222176464411709
At 2617753600 positions
Running Loss: 0.002227560002753075
At 2627764224 positions
Running Loss: 0.0022260797394473113
At 2637774848 positions
Running Loss: 0.0022251894743274747
At 2647785472 positions
Running Loss: 0.0022324477787298773
At 2657796096 positions
Running Loss: 0.002237795612815944
At 2667806720 positions
Running Loss: 0.002240320274365514
At 2677817344 positions
Running Loss: 0.002230343373824649
At 2687827968 positions
Running Loss: 0.0022239136812924947
At 2697838592 positions
Running Loss: 0.00222570474721406
At 2707849216 positions
Running Loss: 0.0022323906129003545
At 2717859840 positions
Running Loss: 0.0022228169948496717
At 2727870464 positions
Running Loss: 0.0022224359543545937
At 2737881088 positions
Running Loss: 0.0022260178910925034
At 2747891712 positions
Running Loss: 0.002224150148819394
At 2757902336 positions
Running Loss: 0.002229538564791266
At 2767912960 positions
Running Loss: 0.002231489421888186
At 2777923584 positions
Running Loss: 0.002221151771795145
At 2787934208 positions
Running Loss: 0.0022217007978848273
At 2797944832 positions
Running Loss: 0.002230904106227544
At 2807955456 positions
Running Loss: 0.0022273900661062686
At 2817966080 positions
Running Loss: 0.002217809424267658
At 2827976704 positions
Running Loss: 0.002221583149437038
At 2837987328 positions
Running Loss: 0.0022221889511458027
At 2847997952 positions
Running Loss: 0.002222291576491635
At 2858008576 positions
Running Loss: 0.0022231176519940214
At 2868019200 positions
Running Loss: 0.00221452034046529
At 2878029824 positions
Running Loss: 0.0022236980900241583
At 2888040448 positions
Running Loss: 0.002217579005002585
At 2898051072 positions
Running Loss: 0.0022196461448107533
At 2908061696 positions
Running Loss: 0.0022293379966248856
At 2918072320 positions
Running Loss: 0.002240211795863075
At 2928082944 positions
Running Loss: 0.0022267536328779303
At 2938093568 positions
Running Loss: 0.0022255650518763865
At 2948104192 positions
Running Loss: 0.0022257055276349406
At 2958114816 positions
Running Loss: 0.0022254977405754125
At 2968125440 positions
Running Loss: 0.0022247169294841163
At 2978136064 positions
Running Loss: 0.002218435321814105
At 2988146688 positions
Running Loss: 0.0022196082943980316
At 2998157312 positions
Running Loss: 0.002234477068125324
At 3008167936 positions
Running Loss: 0.0022223290366939165
At 3018178560 positions
Running Loss: 0.0022281365386788076
At 3028189184 positions
Running Loss: 0.0022179340965033747
At 3038199808 positions
Running Loss: 0.0022250409992548917
At 3048210432 positions
Running Loss: 0.0022331325980528287
At 3058221056 positions
Running Loss: 0.002218779292317342
At 3068231680 positions
Running Loss: 0.0022191652104429256
At 3078242304 positions
Running Loss: 0.002232754679241274
At 3088252928 positions
Running Loss: 0.002224738000847899
At 3098263552 positions
Running Loss: 0.0022263526916503906
At 3108274176 positions
Running Loss: 0.0022240465479474608
At 3118284800 positions
Running Loss: 0.0022185283870041466
At 3128295424 positions
Running Loss: 0.0022247319525860727
At 3138306048 positions
Running Loss: 0.0022290205604315974
At 3148316672 positions
Running Loss: 0.0022279943069732715
At 3158327296 positions
Running Loss: 0.0022187931447879773
At 3168337920 positions
Running Loss: 0.002224209265701119
At 3178348544 positions
Running Loss: 0.0022300062320041187
At 3188359168 positions
Running Loss: 0.0022229090845136126
At 3198369792 positions
Running Loss: 0.0022310094630464596
At 3208380416 positions
Running Loss: 0.0022158837357441454
At 3218391040 positions
Running Loss: 0.0022280631791160074
At 3228401664 positions
Running Loss: 0.002224205558701935
At 3238412288 positions
Running Loss: 0.0022231039946286066
At 3248422912 positions
Running Loss: 0.0022235944891522245
At 3258433536 positions
Running Loss: 0.0022217322098252814
At 3268444160 positions
Running Loss: 0.0022269678584097255
At 3278454784 positions
Running Loss: 0.0022259985756757023
At 3288465408 positions
Running Loss: 0.002216025577239241
At 3298476032 positions
Running Loss: 0.002221564614441118
At 3308486656 positions
Running Loss: 0.002210404400739654
epoch 23
epoch train loss: 0.00222954592732273
epoch pos/s: 1242194.862194558
At 8847360 positions
Running Loss: 0.0022305940840326235
At 18857984 positions
Running Loss: 0.0022346294453023108
At 28868608 positions
Running Loss: 0.0022296476286093655
At 38879232 positions
Running Loss: 0.002225060509776913
At 48889856 positions
Running Loss: 0.0022385424755989236
At 58900480 positions
Running Loss: 0.0022279039732563126
At 68911104 positions
Running Loss: 0.002232455582938686
At 78921728 positions
Running Loss: 0.0022283441306331156
At 88932352 positions
Running Loss: 0.0022285638191110765
At 98942976 positions
Running Loss: 0.002233421158673525
At 108953600 positions
Running Loss: 0.0022314439623718763
At 118964224 positions
Running Loss: 0.0022216209998497595
At 128974848 positions
Running Loss: 0.0022340821751596104
At 138985472 positions
Running Loss: 0.0022331232330022586
At 148996096 positions
Running Loss: 0.002235441473228842
At 159006720 positions
Running Loss: 0.002233437352406803
At 169017344 positions
Running Loss: 0.0022320126940888
At 179027968 positions
Running Loss: 0.0022394364477179443
At 189038592 positions
Running Loss: 0.0022343847833561623
At 199049216 positions
Running Loss: 0.002230255771580773
At 209059840 positions
Running Loss: 0.0022226683246718685
At 219070464 positions
Running Loss: 0.0022316273612788774
At 229081088 positions
Running Loss: 0.0022276003895336594
At 239091712 positions
Running Loss: 0.0022350658956799296
At 249102336 positions
Running Loss: 0.0022442846173350434
At 259112960 positions
Running Loss: 0.002224434222020026
At 269123584 positions
Running Loss: 0.0022400882942586794
At 279134208 positions
Running Loss: 0.0022304672656394847
At 289144832 positions
Running Loss: 0.002235773542313646
At 299155456 positions
Running Loss: 0.0022265772577588568
At 309166080 positions
Running Loss: 0.0022298983388173406
At 319176704 positions
Running Loss: 0.002233163814888063
At 329187328 positions
Running Loss: 0.002231277147408593
At 339197952 positions
Running Loss: 0.0022319664541516093
At 349208576 positions
Running Loss: 0.002230719341584001
At 359219200 positions
Running Loss: 0.002238789088597274
At 369229824 positions
Running Loss: 0.0022355597069922913
At 379240448 positions
Running Loss: 0.0022351043314083117
At 389251072 positions
Running Loss: 0.0022355041020045304
At 399261696 positions
Running Loss: 0.0022424455555293057
At 409272320 positions
Running Loss: 0.0022265948172286764
At 419282944 positions
Running Loss: 0.0022356227259784207
At 429293568 positions
Running Loss: 0.0022241751222875816
At 439304192 positions
Running Loss: 0.002234068712899416
At 449314816 positions
Running Loss: 0.0022375607061308066
At 459325440 positions
Running Loss: 0.0022325898153301932
At 469336064 positions
Running Loss: 0.002228349008263621
At 479346688 positions
Running Loss: 0.002222253921184134
At 489357312 positions
Running Loss: 0.002230714659058716
At 499367936 positions
Running Loss: 0.002221923022730651
At 509378560 positions
Running Loss: 0.0022207857544020233
At 519389184 positions
Running Loss: 0.002226509556247443
At 529399808 positions
Running Loss: 0.0022231359918847217
At 539410432 positions
Running Loss: 0.0022238412972557953
At 549421056 positions
Running Loss: 0.0022412456584249892
At 559431680 positions
Running Loss: 0.0022355058579515124
At 569442304 positions
Running Loss: 0.002222497412498961
At 579452928 positions
Running Loss: 0.0022347693357452044
At 589463552 positions
Running Loss: 0.002235026874635887
At 599474176 positions
Running Loss: 0.0022252253736879937
At 609484800 positions
Running Loss: 0.0022300633978336415
At 619495424 positions
Running Loss: 0.0022461195819311565
At 629506048 positions
Running Loss: 0.0022350019011676994
At 639516672 positions
Running Loss: 0.002231326899239748
At 649527296 positions
Running Loss: 0.0022275287859178407
At 659537920 positions
Running Loss: 0.0022254758887907487
At 669548544 positions
Running Loss: 0.002231577219237282
At 679559168 positions
Running Loss: 0.0022331837156205248
At 689569792 positions
Running Loss: 0.002227748474395802
At 699580416 positions
Running Loss: 0.002226708758677281
At 709591040 positions
Running Loss: 0.002224290429472728
At 719601664 positions
Running Loss: 0.0022263109391332647
At 729612288 positions
Running Loss: 0.00223414558435618
At 739622912 positions
Running Loss: 0.00223506648099559
At 749633536 positions
Running Loss: 0.0022332520024475997
At 759644160 positions
Running Loss: 0.0022321496579533902
At 769654784 positions
Running Loss: 0.002231334508343336
At 779665408 positions
Running Loss: 0.0022395579982701377
At 789676032 positions
Running Loss: 0.002229789470104461
At 799686656 positions
Running Loss: 0.0022269374219953723
At 809697280 positions
Running Loss: 0.002229574464151785
At 819707904 positions
Running Loss: 0.002221616707534915
At 829718528 positions
Running Loss: 0.0022176355855164473
At 839729152 positions
Running Loss: 0.002227676480569543
At 849739776 positions
Running Loss: 0.002234757044116331
At 859750400 positions
Running Loss: 0.002236036153940054
At 869761024 positions
Running Loss: 0.0022246808350183766
At 879771648 positions
Running Loss: 0.0022274544508289395
At 889782272 positions
Running Loss: 0.0022348142099458536
At 899792896 positions
Running Loss: 0.0022335563665911336
At 909803520 positions
Running Loss: 0.0022339863784964853
At 919814144 positions
Running Loss: 0.0022312455403629182
At 929824768 positions
Running Loss: 0.002230407368336879
At 939835392 positions
Running Loss: 0.0022257544990452144
At 949846016 positions
Running Loss: 0.0022354086955518456
At 959856640 positions
Running Loss: 0.0022373357498118997
At 969867264 positions
Running Loss: 0.002221681482468026
At 979877888 positions
Running Loss: 0.0022335136385479067
At 989888512 positions
Running Loss: 0.0022184714162798444
At 999899136 positions
Running Loss: 0.002240732141485386
At 1009909760 positions
Running Loss: 0.0022241318089286943
At 1019920384 positions
Running Loss: 0.0022258612216006714
At 1029931008 positions
Running Loss: 0.0022311243800211657
At 1039941632 positions
Running Loss: 0.002230346495508172
At 1049952256 positions
Running Loss: 0.0022375160270353776
At 1059962880 positions
Running Loss: 0.0022254585244261497
At 1069973504 positions
Running Loss: 0.002228580207949574
At 1079984128 positions
Running Loss: 0.0022331907394084523
At 1089994752 positions
Running Loss: 0.002232379101692362
At 1100005376 positions
Running Loss: 0.002227284319076913
At 1110016000 positions
Running Loss: 0.0022218086910716054
At 1120026624 positions
Running Loss: 0.0022285171889634453
At 1130037248 positions
Running Loss: 0.0022270072696642085
At 1140047872 positions
Running Loss: 0.0022203268669240797
At 1150058496 positions
Running Loss: 0.002225810884453856
At 1160069120 positions
Running Loss: 0.002227004928401566
At 1170079744 positions
Running Loss: 0.002239408742776674
At 1180090368 positions
Running Loss: 0.0022326491273171383
At 1190100992 positions
Running Loss: 0.002225463597161875
At 1200111616 positions
Running Loss: 0.002226174365479115
At 1210122240 positions
Running Loss: 0.0022273102680712012
At 1220132864 positions
Running Loss: 0.0022211377242192893
At 1230143488 positions
Running Loss: 0.002232795651337519
At 1240154112 positions
Running Loss: 0.0022343198133178313
At 1250164736 positions
Running Loss: 0.002219605953135389
At 1260175360 positions
Running Loss: 0.002227413088522254
At 1270185984 positions
Running Loss: 0.0022312193962634097
At 1280196608 positions
Running Loss: 0.0022354789334311227
At 1290207232 positions
Running Loss: 0.0022405623999437996
At 1300217856 positions
Running Loss: 0.002233187422619709
At 1310228480 positions
Running Loss: 0.0022295018850098654
At 1320239104 positions
Running Loss: 0.0022269073757914593
At 1330249728 positions
Running Loss: 0.002225585537924509
At 1340260352 positions
Running Loss: 0.002230671931015489
At 1350270976 positions
Running Loss: 0.002232184776893029
At 1360281600 positions
Running Loss: 0.002226636764851022
At 1370292224 positions
Running Loss: 0.0022230604861644986
At 1380302848 positions
Running Loss: 0.00223260503353737
At 1390313472 positions
Running Loss: 0.0022290999682562248
At 1400324096 positions
Running Loss: 0.0022302210428515744
At 1410334720 positions
Running Loss: 0.002228959882708111
At 1420345344 positions
Running Loss: 0.002226050473664279
At 1430355968 positions
Running Loss: 0.002231315583136975
At 1440366592 positions
Running Loss: 0.00221504010077194
At 1450377216 positions
Running Loss: 0.002229577000519648
At 1460387840 positions
Running Loss: 0.002235758324106469
At 1470398464 positions
Running Loss: 0.002230386492078316
At 1480409088 positions
Running Loss: 0.0022297112329111553
At 1490419712 positions
Running Loss: 0.0022356338469759728
At 1500430336 positions
Running Loss: 0.0022367939426153655
At 1510440960 positions
Running Loss: 0.002227872366210638
At 1520451584 positions
Running Loss: 0.0022302227987985564
At 1530462208 positions
Running Loss: 0.002232362907959084
At 1540472832 positions
Running Loss: 0.0022332145422453184
At 1550483456 positions
Running Loss: 0.0022332344429777805
At 1560494080 positions
Running Loss: 0.0022265714046022507
At 1570504704 positions
Running Loss: 0.0022356285791350267
At 1580515328 positions
Running Loss: 0.002231582291973008
At 1590525952 positions
Running Loss: 0.0022354047934474413
At 1600536576 positions
Running Loss: 0.0022179194636118586
At 1610547200 positions
Running Loss: 0.0022289957820686305
At 1620557824 positions
Running Loss: 0.002215416653846953
At 1630568448 positions
Running Loss: 0.0022275001054504694
At 1640579072 positions
Running Loss: 0.0022289066189829926
At 1650589696 positions
Running Loss: 0.0022277800814414768
At 1660600320 positions
Running Loss: 0.0022350865768332724
At 1670610944 positions
Running Loss: 0.0022253145367736316
At 1680621568 positions
Running Loss: 0.0022312525641508462
At 1690632192 positions
Running Loss: 0.0022253964809661217
At 1700642816 positions
Running Loss: 0.002230679735224298
At 1710653440 positions
Running Loss: 0.002224003234588573
At 1720664064 positions
Running Loss: 0.002232402709424008
At 1730674688 positions
Running Loss: 0.0022360541036203136
At 1740685312 positions
Running Loss: 0.002223367581781116
At 1750695936 positions
Running Loss: 0.002229811126783905
At 1760706560 positions
Running Loss: 0.0022340394471163836
At 1770717184 positions
Running Loss: 0.0022247202462728597
At 1780727808 positions
Running Loss: 0.002229500324168104
At 1790738432 positions
Running Loss: 0.002226954591254751
At 1800749056 positions
Running Loss: 0.0022317184754167174
At 1810759680 positions
Running Loss: 0.0022274556214602606
At 1820770304 positions
Running Loss: 0.002222364936054436
At 1830780928 positions
Running Loss: 0.0022304926293181125
At 1840791552 positions
Running Loss: 0.002243268314242948
At 1850802176 positions
Running Loss: 0.002232830184961497
At 1860812800 positions
Running Loss: 0.0022275886832204468
At 1870823424 positions
Running Loss: 0.002237148839010935
At 1880834048 positions
Running Loss: 0.002232964417353004
At 1890844672 positions
Running Loss: 0.002223241348703637
At 1900855296 positions
Running Loss: 0.0022243399861986628
At 1910865920 positions
Running Loss: 0.0022148959180142017
At 1920876544 positions
Running Loss: 0.0022219579465650695
At 1930887168 positions
Running Loss: 0.0022210553898163593
At 1940897792 positions
Running Loss: 0.0022378129771805436
At 1950908416 positions
Running Loss: 0.002233512077706145
At 1960919040 positions
Running Loss: 0.0022342542579638393
At 1970929664 positions
Running Loss: 0.002231543270928965
At 1980940288 positions
Running Loss: 0.0022288482825221483
At 1990950912 positions
Running Loss: 0.002226672078895881
At 2000961536 positions
Running Loss: 0.002232868620689879
At 2010972160 positions
Running Loss: 0.0022431877357869997
At 2020982784 positions
Running Loss: 0.002221802642809779
At 2030993408 positions
Running Loss: 0.002231215103948565
At 2041004032 positions
Running Loss: 0.002229227957280685
At 2051014656 positions
Running Loss: 0.0022262568949872655
At 2061025280 positions
Running Loss: 0.002234051153429596
At 2071035904 positions
Running Loss: 0.0022282475535491094
At 2081046528 positions
Running Loss: 0.0022181251045139644
At 2091057152 positions
Running Loss: 0.002231627166173657
At 2101067776 positions
Running Loss: 0.0022322290657780172
At 2111078400 positions
Running Loss: 0.0022236588738748955
At 2121089024 positions
Running Loss: 0.0022286399101469597
At 2131099648 positions
Running Loss: 0.002220677080794364
At 2141110272 positions
Running Loss: 0.0022222855282298085
At 2151120896 positions
Running Loss: 0.0022225713573774224
At 2161131520 positions
Running Loss: 0.0022220765705389593
At 2171142144 positions
Running Loss: 0.0022196785322773087
At 2181152768 positions
Running Loss: 0.0022295467592105146
At 2191163392 positions
Running Loss: 0.002218658131975589
At 2201174016 positions
Running Loss: 0.0022306621757544783
At 2211184640 positions
Running Loss: 0.0022308547446068298
At 2221195264 positions
Running Loss: 0.0022269214233673145
At 2231205888 positions
Running Loss: 0.0022280294259129103
At 2241216512 positions
Running Loss: 0.0022189402541240187
At 2251227136 positions
Running Loss: 0.002232059909552092
At 2261237760 positions
Running Loss: 0.0022261173947548123
At 2271248384 positions
Running Loss: 0.002221153137531686
At 2281259008 positions
Running Loss: 0.002225487790209182
At 2291269632 positions
Running Loss: 0.0022308065536174367
At 2301280256 positions
Running Loss: 0.0022301878749641383
At 2311290880 positions
Running Loss: 0.002220487438520316
At 2321301504 positions
Running Loss: 0.0022253389249261585
At 2331312128 positions
Running Loss: 0.0022339967190731567
At 2341322752 positions
Running Loss: 0.0022279753817669107
At 2351333376 positions
Running Loss: 0.00223274180229674
At 2361344000 positions
Running Loss: 0.00223151166388329
At 2371354624 positions
Running Loss: 0.00222908689620647
At 2381365248 positions
Running Loss: 0.002227875292788941
At 2391375872 positions
Running Loss: 0.0022258374187638054
At 2401386496 positions
Running Loss: 0.0022272880260760966
At 2411397120 positions
Running Loss: 0.0022196420476011287
At 2421407744 positions
Running Loss: 0.002227140526529615
At 2431418368 positions
Running Loss: 0.002219758525417596
At 2441428992 positions
Running Loss: 0.002218934205862192
At 2451439616 positions
Running Loss: 0.0022377082056772883
At 2461450240 positions
Running Loss: 0.002226833235807778
At 2471460864 positions
Running Loss: 0.0022175786147921447
At 2481471488 positions
Running Loss: 0.002224842577245934
At 2491482112 positions
Running Loss: 0.0022282606255988636
At 2501492736 positions
Running Loss: 0.00223207649349581
At 2511503360 positions
Running Loss: 0.002230534381835238
At 2521513984 positions
Running Loss: 0.002225488960840503
At 2531524608 positions
Running Loss: 0.0022369800729954495
At 2541535232 positions
Running Loss: 0.0022283851027293604
At 2551545856 positions
Running Loss: 0.0022233972377745884
At 2561556480 positions
Running Loss: 0.0022301291482928537
At 2571567104 positions
Running Loss: 0.0022329429557787807
At 2581577728 positions
Running Loss: 0.0022266890530500396
At 2591588352 positions
Running Loss: 0.0022198679794461365
At 2601598976 positions
Running Loss: 0.0022207239060472155
At 2611609600 positions
Running Loss: 0.002221483645774729
At 2621620224 positions
Running Loss: 0.0022286641031942665
At 2631630848 positions
Running Loss: 0.0022295678305742977
At 2641641472 positions
Running Loss: 0.002222920985932046
At 2651652096 positions
Running Loss: 0.002227979088766095
At 2661662720 positions
Running Loss: 0.0022466920206472645
At 2671673344 positions
Running Loss: 0.0022254341362736227
At 2681683968 positions
Running Loss: 0.0022303804438164893
At 2691694592 positions
Running Loss: 0.002222049060702909
At 2701705216 positions
Running Loss: 0.0022248456989294573
At 2711715840 positions
Running Loss: 0.0022366630270126016
At 2721726464 positions
Running Loss: 0.002216851262531187
At 2731737088 positions
Running Loss: 0.0022216391446352396
At 2741747712 positions
Running Loss: 0.002225400187965306
At 2751758336 positions
Running Loss: 0.00222058245476256
At 2761768960 positions
Running Loss: 0.002233865803470393
At 2771779584 positions
Running Loss: 0.0022253080983013645
At 2781790208 positions
Running Loss: 0.002217844152996856
At 2791800832 positions
Running Loss: 0.002225662994696934
At 2801811456 positions
Running Loss: 0.0022287181473402656
At 2811822080 positions
Running Loss: 0.0022277262324006974
At 2821832704 positions
Running Loss: 0.0022170092977595603
At 2831843328 positions
Running Loss: 0.002219139261448637
At 2841853952 positions
Running Loss: 0.0022191133124543484
At 2851864576 positions
Running Loss: 0.00222050929030498
At 2861875200 positions
Running Loss: 0.0022230161972795104
At 2871885824 positions
Running Loss: 0.0022126129918324773
At 2881896448 positions
Running Loss: 0.0022157945726585075
At 2891907072 positions
Running Loss: 0.0022183785461950224
At 2901917696 positions
Running Loss: 0.0022257531333086727
At 2911928320 positions
Running Loss: 0.0022373995492189097
At 2921938944 positions
Running Loss: 0.002229170596345942
At 2931949568 positions
Running Loss: 0.002222828896268105
At 2941960192 positions
Running Loss: 0.0022222970394378014
At 2951970816 positions
Running Loss: 0.002224346034460489
At 2961981440 positions
Running Loss: 0.002227447817251452
At 2971992064 positions
Running Loss: 0.002220614061808235
At 2982002688 positions
Running Loss: 0.002216391984842803
At 2992013312 positions
Running Loss: 0.0022249147661774133
At 3002023936 positions
Running Loss: 0.002229839612146056
At 3012034560 positions
Running Loss: 0.002224335108568157
At 3022045184 positions
Running Loss: 0.00222472961132343
At 3032055808 positions
Running Loss: 0.0022193848989208865
At 3042066432 positions
Running Loss: 0.0022245028990575413
At 3052077056 positions
Running Loss: 0.002219801253460823
At 3062087680 positions
Running Loss: 0.0022236022933610333
At 3072098304 positions
Running Loss: 0.0022193523163491105
At 3082108928 positions
Running Loss: 0.0022276487756282726
At 3092119552 positions
Running Loss: 0.002228971784126544
At 3102130176 positions
Running Loss: 0.002228178486301154
At 3112140800 positions
Running Loss: 0.0022137728923666495
At 3122151424 positions
Running Loss: 0.0022232951977444165
At 3132162048 positions
Running Loss: 0.0022184632218605954
At 3142172672 positions
Running Loss: 0.002226942884941538
At 3152183296 positions
Running Loss: 0.002229866926876886
At 3162193920 positions
Running Loss: 0.0022172539597057088
At 3172204544 positions
Running Loss: 0.0022273200233322117
At 3182215168 positions
Running Loss: 0.0022258093236120946
At 3192225792 positions
Running Loss: 0.0022238721238805894
At 3202236416 positions
Running Loss: 0.0022208481880724917
At 3212247040 positions
Running Loss: 0.002225410528541977
At 3222257664 positions
Running Loss: 0.002222659740042179
At 3232268288 positions
Running Loss: 0.0022236040493080153
At 3242278912 positions
Running Loss: 0.0022204478321606125
At 3252289536 positions
Running Loss: 0.002221744306348935
At 3262300160 positions
Running Loss: 0.002224981297057506
At 3272310784 positions
Running Loss: 0.002221770840658884
At 3282321408 positions
Running Loss: 0.002223153551354541
At 3292332032 positions
Running Loss: 0.0022170649027473213
At 3302342656 positions
Running Loss: 0.002214218707794839
epoch 24
epoch train loss: 0.0022281622462353963
epoch pos/s: 1237593.6340180126
At 2703360 positions
Running Loss: 0.00221681750932809
At 12713984 positions
Running Loss: 0.002228449292346811
At 22724608 positions
Running Loss: 0.0022306559323874314
At 32735232 positions
Running Loss: 0.002234336202156329
At 42745856 positions
Running Loss: 0.002225310244458787
At 52756480 positions
Running Loss: 0.002231977184938721
At 62767104 positions
Running Loss: 0.002228966321180378
At 72777728 positions
Running Loss: 0.002231074823295231
At 82788352 positions
Running Loss: 0.002222238507871737
At 92798976 positions
Running Loss: 0.002228973735178746
At 102809600 positions
Running Loss: 0.0022324241709982314
At 112820224 positions
Running Loss: 0.002225950189581089
At 122830848 positions
Running Loss: 0.0022253699466561723
At 132841472 positions
Running Loss: 0.0022346354935641375
At 142852096 positions
Running Loss: 0.0022363828559163745
At 152862720 positions
Running Loss: 0.0022333903320487314
At 162873344 positions
Running Loss: 0.0022237396474360637
At 172883968 positions
Running Loss: 0.002236226771740203
At 182894592 positions
Running Loss: 0.0022357130596953796
At 192905216 positions
Running Loss: 0.002233628555522613
At 202915840 positions
Running Loss: 0.002223721307545364
At 212926464 positions
Running Loss: 0.0022235496149515754
At 222937088 positions
Running Loss: 0.002231706183787844
At 232947712 positions
Running Loss: 0.002230929860116612
At 242958336 positions
Running Loss: 0.0022325408439199195
At 252968960 positions
Running Loss: 0.0022409621705400183
At 262979584 positions
Running Loss: 0.0022247136126953724
At 272990208 positions
Running Loss: 0.0022332202002967047
At 283000832 positions
Running Loss: 0.0022348188924711386
At 293011456 positions
Running Loss: 0.0022311013576051804
At 303022080 positions
Running Loss: 0.00222557734350526
At 313032704 positions
Running Loss: 0.0022305051160522063
At 323043328 positions
Running Loss: 0.002225926191639003
At 333053952 positions
Running Loss: 0.0022330793343277103
At 343064576 positions
Running Loss: 0.0022259277524807643
At 353075200 positions
Running Loss: 0.002236512795993037
At 363085824 positions
Running Loss: 0.0022344113176661117
At 373096448 positions
Running Loss: 0.002237010314304583
At 383107072 positions
Running Loss: 0.0022345656458953008
At 393117696 positions
Running Loss: 0.0022355398062598297
At 403128320 positions
Running Loss: 0.0022363073501961515
At 413138944 positions
Running Loss: 0.0022205145581459256
At 423149568 positions
Running Loss: 0.0022352943638928
At 433160192 positions
Running Loss: 0.0022313421174469245
At 443170816 positions
Running Loss: 0.0022305242363637873
At 453181440 positions
Running Loss: 0.0022351595461856323
At 463192064 positions
Running Loss: 0.002226623692801268
At 473202688 positions
Running Loss: 0.0022234579154980748
At 483213312 positions
Running Loss: 0.0022259509700019698
At 493223936 positions
Running Loss: 0.002228077616902303
At 503234560 positions
Running Loss: 0.0022160714269659912
At 513245184 positions
Running Loss: 0.0022189154757610513
At 523255808 positions
Running Loss: 0.0022281819981951174
At 533266432 positions
Running Loss: 0.002220552018348207
At 543277056 positions
Running Loss: 0.002230920690171262
At 553287680 positions
Running Loss: 0.002238412535522261
At 563298304 positions
Running Loss: 0.0022288884741975125
At 573308928 positions
Running Loss: 0.002225570319717332
At 583319552 positions
Running Loss: 0.0022324021241083474
At 593330176 positions
Running Loss: 0.0022325219187135587
At 603340800 positions
Running Loss: 0.0022252860514114805
At 613351424 positions
Running Loss: 0.0022340140834377557
At 623362048 positions
Running Loss: 0.0022395749724242963
At 633372672 positions
Running Loss: 0.002229128453618376
At 643383296 positions
Running Loss: 0.0022262438229375112
At 653393920 positions
Running Loss: 0.0022317442293057856
At 663404544 positions
Running Loss: 0.002224545627100768
At 673415168 positions
Running Loss: 0.002231527662511348
At 683425792 positions
Running Loss: 0.002230772019993459
At 693436416 positions
Running Loss: 0.0022217392336132094
At 703447040 positions
Running Loss: 0.0022248894024987855
At 713457664 positions
Running Loss: 0.0022273855786862037
At 723468288 positions
Running Loss: 0.002231139403123122
At 733478912 positions
Running Loss: 0.002222580332217552
At 743489536 positions
Running Loss: 0.002240802574469883
At 753500160 positions
Running Loss: 0.0022306857834861245
At 763510784 positions
Running Loss: 0.002232786676497389
At 773521408 positions
Running Loss: 0.0022296804062863613
At 783532032 positions
Running Loss: 0.002237557389342063
At 793542656 positions
Running Loss: 0.0022242397021154723
At 803553280 positions
Running Loss: 0.0022311314038090933
At 813563904 positions
Running Loss: 0.0022179631671811867
At 823574528 positions
Running Loss: 0.002219174965703936
At 833585152 positions
Running Loss: 0.0022213695092209037
At 843595776 positions
Running Loss: 0.0022314968358865543
At 853606400 positions
Running Loss: 0.0022317307670455906
At 863617024 positions
Running Loss: 0.002233703475927175
At 873627648 positions
Running Loss: 0.0022241958034409245
At 883638272 positions
Running Loss: 0.0022265887689668497
At 893648896 positions
Running Loss: 0.0022308365998213496
At 903659520 positions
Running Loss: 0.0022359782076896506
At 913670144 positions
Running Loss: 0.002229031291218709
At 923680768 positions
Running Loss: 0.00222819331429789
At 933691392 positions
Running Loss: 0.0022256604583290713
At 943702016 positions
Running Loss: 0.0022367896503005208
At 953712640 positions
Running Loss: 0.002228784288009918
At 963723264 positions
Running Loss: 0.002227568197172324
At 973733888 positions
Running Loss: 0.002232400173056145
At 983744512 positions
Running Loss: 0.0022224008354149553
At 993755136 positions
Running Loss: 0.002230389223551399
At 1003765760 positions
Running Loss: 0.0022289723694422048
At 1013776384 positions
Running Loss: 0.0022257088444236845
At 1023787008 positions
Running Loss: 0.002222199291722474
At 1033797632 positions
Running Loss: 0.0022328978864729113
At 1043808256 positions
Running Loss: 0.00222787412215762
At 1053818880 positions
Running Loss: 0.0022300985167732802
At 1063829504 positions
Running Loss: 0.0022324971403505913
At 1073840128 positions
Running Loss: 0.002228537284801127
At 1083850752 positions
Running Loss: 0.002228438366454479
At 1093861376 positions
Running Loss: 0.002230154121761041
At 1103872000 positions
Running Loss: 0.0022229362041392225
At 1113882624 positions
Running Loss: 0.0022211443577967766
At 1123893248 positions
Running Loss: 0.0022292870741624097
At 1133903872 positions
Running Loss: 0.0022241924866521806
At 1143914496 positions
Running Loss: 0.002220677080794364
At 1153925120 positions
Running Loss: 0.0022236200479360726
At 1163935744 positions
Running Loss: 0.0022299876970081987
At 1173946368 positions
Running Loss: 0.0022352668540567503
At 1183956992 positions
Running Loss: 0.002232602302064287
At 1193967616 positions
Running Loss: 0.0022233800685152096
At 1203978240 positions
Running Loss: 0.002224321256097522
At 1213988864 positions
Running Loss: 0.0022250136845240616
At 1223999488 positions
Running Loss: 0.0022223144038024003
At 1234010112 positions
Running Loss: 0.0022310658484551013
At 1244020736 positions
Running Loss: 0.0022242143384368445
At 1254031360 positions
Running Loss: 0.0022186684725522604
At 1264041984 positions
Running Loss: 0.0022325443558138835
At 1274052608 positions
Running Loss: 0.002230114905611778
At 1284063232 positions
Running Loss: 0.002237693377680552
At 1294073856 positions
Running Loss: 0.002233694110876605
At 1304084480 positions
Running Loss: 0.0022350200459531795
At 1314095104 positions
Running Loss: 0.0022243323770950742
At 1324105728 positions
Running Loss: 0.002228093810635581
At 1334116352 positions
Running Loss: 0.0022234048468781765
At 1344126976 positions
Running Loss: 0.002234113391994845
At 1354137600 positions
Running Loss: 0.002224034256318587
At 1364148224 positions
Running Loss: 0.0022260910555500836
At 1374158848 positions
Running Loss: 0.0022233911895127617
At 1384169472 positions
Running Loss: 0.002236051567252451
At 1394180096 positions
Running Loss: 0.002222034232706173
At 1404190720 positions
Running Loss: 0.0022306401288645942
At 1414201344 positions
Running Loss: 0.0022274349403069178
At 1424211968 positions
Running Loss: 0.0022248064827801945
At 1434222592 positions
Running Loss: 0.0022260953478649283
At 1444233216 positions
Running Loss: 0.0022197858401484263
At 1454243840 positions
Running Loss: 0.002228656298985458
At 1464254464 positions
Running Loss: 0.0022317896888220954
At 1474265088 positions
Running Loss: 0.002235498443953144
At 1484275712 positions
Running Loss: 0.0022301004678254824
At 1494286336 positions
Running Loss: 0.002235351724827543
At 1504296960 positions
Running Loss: 0.002226122272385318
At 1514307584 positions
Running Loss: 0.0022282331157628134
At 1524318208 positions
Running Loss: 0.002227107553747399
At 1534328832 positions
Running Loss: 0.002231239101890651
At 1544339456 positions
Running Loss: 0.0022330377769158045
At 1554350080 positions
Running Loss: 0.0022284535846616555
At 1564360704 positions
Running Loss: 0.0022283575928933102
At 1574371328 positions
Running Loss: 0.0022325219187135587
At 1584381952 positions
Running Loss: 0.00223434634762778
At 1594392576 positions
Running Loss: 0.0022240071366929773
At 1604403200 positions
Running Loss: 0.0022173725836795986
At 1614413824 positions
Running Loss: 0.0022246207426105504
At 1624424448 positions
Running Loss: 0.0022192953456248083
At 1634435072 positions
Running Loss: 0.0022285585512701305
At 1644445696 positions
Running Loss: 0.002230566769301794
At 1654456320 positions
Running Loss: 0.002226998489929299
At 1664466944 positions
Running Loss: 0.00223131987545182
At 1674477568 positions
Running Loss: 0.0022218149344386522
At 1684488192 positions
Running Loss: 0.0022336810388268505
At 1694498816 positions
Running Loss: 0.0022215973921181137
At 1704509440 positions
Running Loss: 0.00222933253367872
At 1714520064 positions
Running Loss: 0.002225646800963656
At 1724530688 positions
Running Loss: 0.002235671502283474
At 1734541312 positions
Running Loss: 0.0022251326987083923
At 1744551936 positions
Running Loss: 0.0022257215262629984
At 1754562560 positions
Running Loss: 0.002228121515576851
At 1764573184 positions
Running Loss: 0.0022305353573613394
At 1774583808 positions
Running Loss: 0.002226791678395872
At 1784594432 positions
Running Loss: 0.0022257084542132437
At 1794605056 positions
Running Loss: 0.002226707002730299
At 1804615680 positions
Running Loss: 0.002231561220609225
At 1814626304 positions
Running Loss: 0.0022183902525082354
At 1824636928 positions
Running Loss: 0.002231604338862892
At 1834647552 positions
Running Loss: 0.00223430049790103
At 1844658176 positions
Running Loss: 0.0022341951410821143
At 1854668800 positions
Running Loss: 0.002231622483648372
At 1864679424 positions
Running Loss: 0.002226248310357576
At 1874690048 positions
Running Loss: 0.0022412989221501077
At 1884700672 positions
Running Loss: 0.002224956908904979
At 1894711296 positions
Running Loss: 0.002224877110869912
At 1904721920 positions
Running Loss: 0.002216356280587504
At 1914732544 positions
Running Loss: 0.002219053610256963
At 1924743168 positions
Running Loss: 0.002219859004606007
At 1934753792 positions
Running Loss: 0.0022210376352413195
At 1944764416 positions
Running Loss: 0.0022386964136176728
At 1954775040 positions
Running Loss: 0.002233442230037308
At 1964785664 positions
Running Loss: 0.0022295984620938716
At 1974796288 positions
Running Loss: 0.0022281437575719554
At 1984806912 positions
Running Loss: 0.002225900047539494
At 1994817536 positions
Running Loss: 0.0022286266429919852
At 2004828160 positions
Running Loss: 0.0022357612506847726
At 2014838784 positions
Running Loss: 0.0022328132108073383
At 2024849408 positions
Running Loss: 0.002225093482559129
At 2034860032 positions
Running Loss: 0.0022243374498307996
At 2044870656 positions
Running Loss: 0.002231406307064375
At 2054881280 positions
Running Loss: 0.0022293059993687705
At 2064891904 positions
Running Loss: 0.002231175692694082
At 2074902528 positions
Running Loss: 0.002222983224497294
At 2084913152 positions
Running Loss: 0.002225261273048513
At 2094923776 positions
Running Loss: 0.002222494485920658
At 2104934400 positions
Running Loss: 0.002232022644455031
At 2114945024 positions
Running Loss: 0.002217643584830476
At 2124955648 positions
Running Loss: 0.002224814482094223
At 2134966272 positions
Running Loss: 0.0022224066885715614
At 2144976896 positions
Running Loss: 0.0022204068600643677
At 2154987520 positions
Running Loss: 0.0022273568982188324
At 2164998144 positions
Running Loss: 0.0022133701951921277
At 2175008768 positions
Running Loss: 0.00222558631834539
At 2185019392 positions
Running Loss: 0.0022198837829689737
At 2195030016 positions
Running Loss: 0.002224197949598347
At 2205040640 positions
Running Loss: 0.002233125574264901
At 2215051264 positions
Running Loss: 0.002226848844225395
At 2225061888 positions
Running Loss: 0.0022227896801188416
At 2235072512 positions
Running Loss: 0.002229312047630597
At 2245083136 positions
Running Loss: 0.0022190998501941538
At 2255093760 positions
Running Loss: 0.0022281566345164895
At 2265104384 positions
Running Loss: 0.0022221860245674996
At 2275115008 positions
Running Loss: 0.002221751525242083
At 2285125632 positions
Running Loss: 0.0022260089162523737
At 2295136256 positions
Running Loss: 0.0022306869541174456
At 2305146880 positions
Running Loss: 0.0022267107097294833
At 2315157504 positions
Running Loss: 0.002220832774760095
At 2325168128 positions
Running Loss: 0.002226858599486406
At 2335178752 positions
Running Loss: 0.0022331946415128567
At 2345189376 positions
Running Loss: 0.0022233837755143934
At 2355200000 positions
Running Loss: 0.0022321564866360976
At 2365210624 positions
Running Loss: 0.002231620142385729
At 2375221248 positions
Running Loss: 0.002233311509539765
At 2385231872 positions
Running Loss: 0.0022186399871901093
At 2395242496 positions
Running Loss: 0.002225106749714104
At 2405253120 positions
Running Loss: 0.0022265522842906697
At 2415263744 positions
Running Loss: 0.0022207440018848974
At 2425274368 positions
Running Loss: 0.002221051487711955
At 2435284992 positions
Running Loss: 0.002218765439846707
At 2445295616 positions
Running Loss: 0.0022200913749232816
At 2455306240 positions
Running Loss: 0.0022359702083756218
At 2465316864 positions
Running Loss: 0.002221543933287775
At 2475327488 positions
Running Loss: 0.002216275116815895
At 2485338112 positions
Running Loss: 0.0022295120304813166
At 2495348736 positions
Running Loss: 0.0022280261091241664
At 2505359360 positions
Running Loss: 0.0022259103881161653
At 2515369984 positions
Running Loss: 0.00223185778054395
At 2525380608 positions
Running Loss: 0.0022251512337043127
At 2535391232 positions
Running Loss: 0.002236986121257276
At 2545401856 positions
Running Loss: 0.0022235576142656042
At 2555412480 positions
Running Loss: 0.0022234750847574536
At 2565423104 positions
Running Loss: 0.002233424670567489
At 2575433728 positions
Running Loss: 0.002225919753166736
At 2585444352 positions
Running Loss: 0.002225753328413893
At 2595454976 positions
Running Loss: 0.0022180696946314236
At 2605465600 positions
Running Loss: 0.002218884844241478
At 2615476224 positions
Running Loss: 0.0022243434980926263
At 2625486848 positions
Running Loss: 0.002227388505264507
At 2635497472 positions
Running Loss: 0.0022204800245219478
At 2645508096 positions
Running Loss: 0.002224226434960498
At 2655518720 positions
Running Loss: 0.0022328290143301755
At 2665529344 positions
Running Loss: 0.0022428656170684264
At 2675539968 positions
Running Loss: 0.002228902326668148
At 2685550592 positions
Running Loss: 0.0022230288791188243
At 2695561216 positions
Running Loss: 0.0022252989283560146
At 2705571840 positions
Running Loss: 0.0022261603179032597
At 2715582464 positions
Running Loss: 0.002224829310090959
At 2725593088 positions
Running Loss: 0.0022178117655303007
At 2735603712 positions
Running Loss: 0.002225578514136581
At 2745614336 positions
Running Loss: 0.0022173905333598585
At 2755624960 positions
Running Loss: 0.002226083836656936
At 2765635584 positions
Running Loss: 0.0022305181881019606
At 2775646208 positions
Running Loss: 0.0022232926613765538
At 2785656832 positions
Running Loss: 0.002219483036846654
At 2795667456 positions
Running Loss: 0.00222185824779754
At 2805678080 positions
Running Loss: 0.0022288201873704376
At 2815688704 positions
Running Loss: 0.0022200656210342134
At 2825699328 positions
Running Loss: 0.002217509547544189
At 2835709952 positions
Running Loss: 0.002217599686155928
At 2845720576 positions
Running Loss: 0.0022150262483013046
At 2855731200 positions
Running Loss: 0.002229107772465033
At 2865741824 positions
Running Loss: 0.002212210099552735
At 2875752448 positions
Running Loss: 0.0022155631778673335
At 2885763072 positions
Running Loss: 0.002216768342812596
At 2895773696 positions
Running Loss: 0.0022183787413002426
At 2905784320 positions
Running Loss: 0.0022237394523308435
At 2915794944 positions
Running Loss: 0.0022375193438241214
At 2925805568 positions
Running Loss: 0.0022276431175768862
At 2935816192 positions
Running Loss: 0.0022171708448818976
At 2945826816 positions
Running Loss: 0.00222981580930919
At 2955837440 positions
Running Loss: 0.0022180743771567086
At 2965848064 positions
Running Loss: 0.0022254474034285976
At 2975858688 positions
Running Loss: 0.0022151518960631224
At 2985869312 positions
Running Loss: 0.00221985295634418
At 2995879936 positions
Running Loss: 0.002229506567535151
At 3005890560 positions
Running Loss: 0.0022186862271273
At 3015901184 positions
Running Loss: 0.0022265534549219907
At 3025911808 positions
Running Loss: 0.0022165691403827573
At 3035922432 positions
Running Loss: 0.0022230920932101734
At 3045933056 positions
Running Loss: 0.002226435806474202
At 3055943680 positions
Running Loss: 0.002217426237615158
At 3065954304 positions
Running Loss: 0.002220002602048084
At 3075964928 positions
Running Loss: 0.002227177206311015
At 3085975552 positions
Running Loss: 0.00222351742259024
At 3095986176 positions
Running Loss: 0.002223716234809638
At 3105996800 positions
Running Loss: 0.0022224488312991278
At 3116007424 positions
Running Loss: 0.0022171893798778176
At 3126018048 positions
Running Loss: 0.0022195567866198952
At 3136028672 positions
Running Loss: 0.0022273580688501535
At 3146039296 positions
Running Loss: 0.0022251364057075764
At 3156049920 positions
Running Loss: 0.00222050012035963
At 3166060544 positions
Running Loss: 0.0022170959244773355
At 3176071168 positions
Running Loss: 0.0022300559838352736
At 3186081792 positions
Running Loss: 0.0022187566601117974
At 3196092416 positions
Running Loss: 0.002228846331469946
At 3206103040 positions
Running Loss: 0.0022124974895421103
At 3216113664 positions
Running Loss: 0.0022273461674317207
At 3226124288 positions
Running Loss: 0.0022262247026259303
At 3236134912 positions
Running Loss: 0.0022158164244431714
At 3246145536 positions
Running Loss: 0.002223081557528282
At 3256156160 positions
Running Loss: 0.0022188871855041204
At 3266166784 positions
Running Loss: 0.0022241082011970484
At 3276177408 positions
Running Loss: 0.0022208706251728165
At 3286188032 positions
Running Loss: 0.002220313209558665
At 3296198656 positions
Running Loss: 0.0022155565442898463
At 3306209280 positions
Running Loss: 0.0022135641297810205
epoch 25
epoch train loss: 0.0022268708709832366
epoch pos/s: 1232482.7739201167
At 6569984 positions
Running Loss: 0.0022167624896559895
At 16580608 positions
Running Loss: 0.0022342802069581277
At 26591232 positions
Running Loss: 0.00222795665166577
At 36601856 positions
Running Loss: 0.0022274923012416607
At 46612480 positions
Running Loss: 0.002228872085359015
At 56623104 positions
Running Loss: 0.0022270726299129804
At 66633728 positions
Running Loss: 0.002225494228681449
At 76644352 positions
Running Loss: 0.0022329170067844923
At 86654976 positions
Running Loss: 0.002217735479389197
At 96665600 positions
Running Loss: 0.0022345668165266223
At 106676224 positions
Running Loss: 0.0022299055577104884
At 116686848 positions
Running Loss: 0.002220933449053725
At 126697472 positions
Running Loss: 0.0022277151114031453
At 136708096 positions
Running Loss: 0.0022315024939379403
At 146718720 positions
Running Loss: 0.0022400079109079515
At 156729344 positions
Running Loss: 0.0022196572658083054
At 166739968 positions
Running Loss: 0.002229824198833659
At 176750592 positions
Running Loss: 0.002237340237231965
At 186761216 positions
Running Loss: 0.002231542295402864
At 196771840 positions
Running Loss: 0.0022313048523498634
At 206782464 positions
Running Loss: 0.0022226361323105332
At 216793088 positions
Running Loss: 0.0022242953071032337
At 226803712 positions
Running Loss: 0.00222543159990576
At 236814336 positions
Running Loss: 0.0022298883884511096
At 246824960 positions
Running Loss: 0.002235288510736194
At 256835584 positions
Running Loss: 0.0022301927525946435
At 266846208 positions
Running Loss: 0.002232262233665454
At 276856832 positions
Running Loss: 0.0022264637065206924
At 286867456 positions
Running Loss: 0.0022377565917719015
At 296878080 positions
Running Loss: 0.002224615864980045
At 306888704 positions
Running Loss: 0.0022272433469806676
At 316899328 positions
Running Loss: 0.0022265157996144897
At 326909952 positions
Running Loss: 0.002230504335631325
At 336920576 positions
Running Loss: 0.0022250035390526104
At 346931200 positions
Running Loss: 0.0022309226412234643
At 356941824 positions
Running Loss: 0.002237060651451398
At 366952448 positions
Running Loss: 0.0022294207212382564
At 376963072 positions
Running Loss: 0.0022371907866332807
At 386973696 positions
Running Loss: 0.0022298323932529083
At 396984320 positions
Running Loss: 0.002238487260821603
At 406994944 positions
Running Loss: 0.002227413283627474
At 417005568 positions
Running Loss: 0.002235194665125271
At 427016192 positions
Running Loss: 0.0022213993603195964
At 437026816 positions
Running Loss: 0.0022307979689877473
At 447037440 positions
Running Loss: 0.0022320220591393702
At 457048064 positions
Running Loss: 0.002225837223658585
At 467058688 positions
Running Loss: 0.0022285843051591987
At 477069312 positions
Running Loss: 0.0022241803901285277
At 487079936 positions
Running Loss: 0.002227362166059778
At 497090560 positions
Running Loss: 0.002220708687840039
At 507101184 positions
Running Loss: 0.0022181651010841083
At 517111808 positions
Running Loss: 0.00222011751902279
At 527122432 positions
Running Loss: 0.0022226355469948727
At 537133056 positions
Running Loss: 0.0022158946616364773
At 547143680 positions
Running Loss: 0.0022389215650417994
At 557154304 positions
Running Loss: 0.002231793005610839
At 567164928 positions
Running Loss: 0.0022239519219156567
At 577175552 positions
Running Loss: 0.002234211139710172
At 587186176 positions
Running Loss: 0.0022239199246595416
At 597196800 positions
Running Loss: 0.0022306900758009693
At 607207424 positions
Running Loss: 0.0022267780210304573
At 617218048 positions
Running Loss: 0.002239187493456951
At 627228672 positions
Running Loss: 0.002229704404228448
At 637239296 positions
Running Loss: 0.0022306412994959157
At 647249920 positions
Running Loss: 0.0022255461266700257
At 657260544 positions
Running Loss: 0.0022230366833276326
At 667271168 positions
Running Loss: 0.0022293348749413623
At 677281792 positions
Running Loss: 0.0022330568972273855
At 687292416 positions
Running Loss: 0.002226963956305321
At 697303040 positions
Running Loss: 0.002219903488596215
At 707313664 positions
Running Loss: 0.0022232438850715
At 717324288 positions
Running Loss: 0.0022229568852925653
At 727334912 positions
Running Loss: 0.0022286529821967144
At 737345536 positions
Running Loss: 0.002234699683181588
At 747356160 positions
Running Loss: 0.0022275594174374145
At 757366784 positions
Running Loss: 0.002229438475813296
At 767377408 positions
Running Loss: 0.0022333936488374753
At 777388032 positions
Running Loss: 0.002233043825177631
At 787398656 positions
Running Loss: 0.0022318968015879927
At 797409280 positions
Running Loss: 0.002218565066785547
At 807419904 positions
Running Loss: 0.002235712279274499
At 817430528 positions
Running Loss: 0.002211037712284469
At 827441152 positions
Running Loss: 0.002216831556903945
At 837451776 positions
Running Loss: 0.0022217977651792734
At 847462400 positions
Running Loss: 0.0022334828119231127
At 857473024 positions
Running Loss: 0.002228597767419394
At 867483648 positions
Running Loss: 0.0022297377672211042
At 877494272 positions
Running Loss: 0.002224466219276141
At 887504896 positions
Running Loss: 0.0022324263171556538
At 897515520 positions
Running Loss: 0.0022251274308674462
At 907526144 positions
Running Loss: 0.0022348776191424232
At 917536768 positions
Running Loss: 0.002225034950993065
At 927547392 positions
Running Loss: 0.002229549685788818
At 937558016 positions
Running Loss: 0.002224860917136634
At 947568640 positions
Running Loss: 0.002234707877600837
At 957579264 positions
Running Loss: 0.0022273514352726662
At 967589888 positions
Running Loss: 0.002226135149329852
At 977600512 positions
Running Loss: 0.0022306292029722623
At 987611136 positions
Running Loss: 0.00221540475242852
At 997621760 positions
Running Loss: 0.002233435401354601
At 1007632384 positions
Running Loss: 0.002229561587207251
At 1017643008 positions
Running Loss: 0.0022204889993620775
At 1027653632 positions
Running Loss: 0.002228312523587441
At 1037664256 positions
Running Loss: 0.0022255759777687185
At 1047674880 positions
Running Loss: 0.002234316106318647
At 1057685504 positions
Running Loss: 0.002225559979140661
At 1067696128 positions
Running Loss: 0.0022297859582104972
At 1077706752 positions
Running Loss: 0.002225720355631677
At 1087717376 positions
Running Loss: 0.002229514371743959
At 1097728000 positions
Running Loss: 0.0022235779052085067
At 1107738624 positions
Running Loss: 0.002220015088782178
At 1117749248 positions
Running Loss: 0.002228291842434098
At 1127759872 positions
Running Loss: 0.002221682262888907
At 1137770496 positions
Running Loss: 0.002223303782374106
At 1147781120 positions
Running Loss: 0.00221950644947308
At 1157791744 positions
Running Loss: 0.0022251996197989255
At 1167802368 positions
Running Loss: 0.0022342562090160415
At 1177812992 positions
Running Loss: 0.0022292295181224465
At 1187823616 positions
Running Loss: 0.0022269924416674727
At 1197834240 positions
Running Loss: 0.002224188389442556
At 1207844864 positions
Running Loss: 0.0022264508295761582
At 1217855488 positions
Running Loss: 0.002212580019050261
At 1227866112 positions
Running Loss: 0.00223023509042743
At 1237876736 positions
Running Loss: 0.0022291183081469246
At 1247887360 positions
Running Loss: 0.002218006480540074
At 1257897984 positions
Running Loss: 0.002227773252758769
At 1267908608 positions
Running Loss: 0.00222815682962171
At 1277919232 positions
Running Loss: 0.0022318835344330183
At 1287929856 positions
Running Loss: 0.00223523036938057
At 1297940480 positions
Running Loss: 0.0022305749637210426
At 1307951104 positions
Running Loss: 0.002231145841595389
At 1317961728 positions
Running Loss: 0.0022225742839557254
At 1327972352 positions
Running Loss: 0.002225099725926176
At 1337982976 positions
Running Loss: 0.0022265085807213415
At 1347993600 positions
Running Loss: 0.0022283497886845015
At 1358004224 positions
Running Loss: 0.002221187476050444
At 1368014848 positions
Running Loss: 0.0022248375045102083
At 1378025472 positions
Running Loss: 0.0022241839020224912
At 1388036096 positions
Running Loss: 0.0022378159037588466
At 1398046720 positions
Running Loss: 0.002218418152554726
At 1408057344 positions
Running Loss: 0.00222760116995454
At 1418067968 positions
Running Loss: 0.002222673202302374
At 1428078592 positions
Running Loss: 0.0022307718248882388
At 1438089216 positions
Running Loss: 0.0022156960445222995
At 1448099840 positions
Running Loss: 0.00222344406302744
At 1458110464 positions
Running Loss: 0.0022338053208521267
At 1468121088 positions
Running Loss: 0.002224758682001242
At 1478131712 positions
Running Loss: 0.0022283808104145157
At 1488142336 positions
Running Loss: 0.0022355271244205157
At 1498152960 positions
Running Loss: 0.0022357944185722087
At 1508163584 positions
Running Loss: 0.0022221942189867487
At 1518174208 positions
Running Loss: 0.002226173389953014
At 1528184832 positions
Running Loss: 0.0022333401900071362
At 1538195456 positions
Running Loss: 0.0022312921705105494
At 1548206080 positions
Running Loss: 0.0022303796633956086
At 1558216704 positions
Running Loss: 0.002221462574410946
At 1568227328 positions
Running Loss: 0.002234312594424683
At 1578237952 positions
Running Loss: 0.0022258395649212277
At 1588248576 positions
Running Loss: 0.002235707206538773
At 1598259200 positions
Running Loss: 0.002215554398132424
At 1608269824 positions
Running Loss: 0.0022230614616906
At 1618280448 positions
Running Loss: 0.002215585224757218
At 1628291072 positions
Running Loss: 0.0022259515553176307
At 1638301696 positions
Running Loss: 0.002226435806474202
At 1648312320 positions
Running Loss: 0.0022323810527445642
At 1658322944 positions
Running Loss: 0.0022226509603072695
At 1668333568 positions
Running Loss: 0.002225348875292389
At 1678344192 positions
Running Loss: 0.002232181069893845
At 1688354816 positions
Running Loss: 0.0022206325968041553
At 1698365440 positions
Running Loss: 0.0022254103334367567
At 1708376064 positions
Running Loss: 0.002224824627565674
At 1718386688 positions
Running Loss: 0.0022266990034162707
At 1728397312 positions
Running Loss: 0.0022333378487444937
At 1738407936 positions
Running Loss: 0.0022244346122304664
At 1748418560 positions
Running Loss: 0.002223844418939319
At 1758429184 positions
Running Loss: 0.0022328233562787896
At 1768439808 positions
Running Loss: 0.002224363203719868
At 1778450432 positions
Running Loss: 0.0022245752830942407
At 1788461056 positions
Running Loss: 0.0022224086396237636
At 1798471680 positions
Running Loss: 0.0022271795475736576
At 1808482304 positions
Running Loss: 0.0022290117806966878
At 1818492928 positions
Running Loss: 0.002219581369877642
At 1828503552 positions
Running Loss: 0.002227964455874579
At 1838514176 positions
Running Loss: 0.002239691255135544
At 1848524800 positions
Running Loss: 0.0022289571512350277
At 1858535424 positions
Running Loss: 0.0022256161694440826
At 1868546048 positions
Running Loss: 0.0022304536082740694
At 1878556672 positions
Running Loss: 0.0022336904038774206
At 1888567296 positions
Running Loss: 0.002228892376301917
At 1898577920 positions
Running Loss: 0.0022180449162684563
At 1908588544 positions
Running Loss: 0.0022147626611487953
At 1918599168 positions
Running Loss: 0.0022160390394994358
At 1928609792 positions
Running Loss: 0.002222226411348084
At 1938620416 positions
Running Loss: 0.002229074019261936
At 1948631040 positions
Running Loss: 0.002232563281020244
At 1958641664 positions
Running Loss: 0.002231733498518674
At 1968652288 positions
Running Loss: 0.0022285493813247806
At 1978662912 positions
Running Loss: 0.002230303572359725
At 1988673536 positions
Running Loss: 0.0022236219989882748
At 1998684160 positions
Running Loss: 0.0022249450074865464
At 2008694784 positions
Running Loss: 0.0022385520357547143
At 2018705408 positions
Running Loss: 0.0022239692862802557
At 2028716032 positions
Running Loss: 0.002227630045527132
At 2038726656 positions
Running Loss: 0.0022233525586791594
At 2048737280 positions
Running Loss: 0.0022277480841853617
At 2058747904 positions
Running Loss: 0.0022313210460831413
At 2068758528 positions
Running Loss: 0.002226359715438318
At 2078769152 positions
Running Loss: 0.0022180092120131574
At 2088779776 positions
Running Loss: 0.0022301016384568034
At 2098790400 positions
Running Loss: 0.0022244599759090942
At 2108801024 positions
Running Loss: 0.00222279709411721
At 2118811648 positions
Running Loss: 0.0022257831795125856
At 2128822272 positions
Running Loss: 0.0022172545450213693
At 2138832896 positions
Running Loss: 0.002219801838776484
At 2148843520 positions
Running Loss: 0.0022230844841065853
At 2158854144 positions
Running Loss: 0.002221208547414227
At 2168864768 positions
Running Loss: 0.00221326249711057
At 2178875392 positions
Running Loss: 0.0022292985853704025
At 2188886016 positions
Running Loss: 0.0022167800491258087
At 2198896640 positions
Running Loss: 0.002226970394777588
At 2208907264 positions
Running Loss: 0.002225877220228729
At 2218917888 positions
Running Loss: 0.002227233591719657
At 2228928512 positions
Running Loss: 0.002224368861771254
At 2238939136 positions
Running Loss: 0.0022224894131849323
At 2248949760 positions
Running Loss: 0.002219159357286319
At 2258960384 positions
Running Loss: 0.0022275648803835803
At 2268971008 positions
Running Loss: 0.002218480196014754
At 2278981632 positions
Running Loss: 0.0022252384457377484
At 2288992256 positions
Running Loss: 0.002231194227690002
At 2299002880 positions
Running Loss: 0.002221470183514534
At 2309013504 positions
Running Loss: 0.0022262211907319663
At 2319024128 positions
Running Loss: 0.0022192781763654295
At 2329034752 positions
Running Loss: 0.0022303786878695073
At 2339045376 positions
Running Loss: 0.0022235640527378713
At 2349056000 positions
Running Loss: 0.0022289778323883705
At 2359066624 positions
Running Loss: 0.0022289382260286673
At 2369077248 positions
Running Loss: 0.0022285437232733942
At 2379087872 positions
Running Loss: 0.002226557357026395
At 2389098496 positions
Running Loss: 0.002223534591849619
At 2399109120 positions
Running Loss: 0.0022253453633984256
At 2409119744 positions
Running Loss: 0.002216269848974949
At 2419130368 positions
Running Loss: 0.002224097080199496
At 2429140992 positions
Running Loss: 0.0022176028078394515
At 2439151616 positions
Running Loss: 0.0022191152635065506
At 2449162240 positions
Running Loss: 0.0022270343892898184
At 2459172864 positions
Running Loss: 0.0022297576679535663
At 2469183488 positions
Running Loss: 0.0022204987546230884
At 2479194112 positions
Running Loss: 0.002219297686887451
At 2489204736 positions
Running Loss: 0.0022248359436684464
At 2499215360 positions
Running Loss: 0.0022290947004152788
At 2509225984 positions
Running Loss: 0.00222554983366921
At 2519236608 positions
Running Loss: 0.0022259962344130598
At 2529247232 positions
Running Loss: 0.002235337677251688
At 2539257856 positions
Running Loss: 0.0022269571276226138
At 2549268480 positions
Running Loss: 0.002217479306235056
At 2559279104 positions
Running Loss: 0.002231947138734808
At 2569289728 positions
Running Loss: 0.0022265156045092696
At 2579300352 positions
Running Loss: 0.0022262282145198943
At 2589310976 positions
Running Loss: 0.0022192227664828887
At 2599321600 positions
Running Loss: 0.0022167685379178162
At 2609332224 positions
Running Loss: 0.002219420798281406
At 2619342848 positions
Running Loss: 0.002225355899080317
At 2629353472 positions
Running Loss: 0.0022238859763512244
At 2639364096 positions
Running Loss: 0.0022190022975840467
At 2649374720 positions
Running Loss: 0.002233104698006338
At 2659385344 positions
Running Loss: 0.002234378930199556
At 2669395968 positions
Running Loss: 0.0022318745595928885
At 2679406592 positions
Running Loss: 0.0022277143309822646
At 2689417216 positions
Running Loss: 0.00222060976949339
At 2699427840 positions
Running Loss: 0.002220821848867763
At 2709438464 positions
Running Loss: 0.0022312065193188756
At 2719449088 positions
Running Loss: 0.0022213531203824056
At 2729459712 positions
Running Loss: 0.002210511708610772
At 2739470336 positions
Running Loss: 0.002227228714089152
At 2749480960 positions
Running Loss: 0.0022209902246728076
At 2759491584 positions
Running Loss: 0.002230797578777307
At 2769502208 positions
Running Loss: 0.002223299099848821
At 2779512832 positions
Running Loss: 0.0022175247657513658
At 2789523456 positions
Running Loss: 0.002217980726651006
At 2799534080 positions
Running Loss: 0.0022269805402490394
At 2809544704 positions
Running Loss: 0.0022223973235209913
At 2819555328 positions
Running Loss: 0.002213012177113035
At 2829565952 positions
Running Loss: 0.002219564200618263
At 2839576576 positions
Running Loss: 0.002222674372933695
At 2849587200 positions
Running Loss: 0.002216715664403138
At 2859597824 positions
Running Loss: 0.002217012809653524
At 2869608448 positions
Running Loss: 0.0022108802623717564
At 2879619072 positions
Running Loss: 0.002218687397758621
At 2889629696 positions
Running Loss: 0.0022125640204222036
At 2899640320 positions
Running Loss: 0.0022209404728416532
At 2909650944 positions
Running Loss: 0.002230318985672122
At 2919661568 positions
Running Loss: 0.0022320548368163664
At 2929672192 positions
Running Loss: 0.002219800082829502
At 2939682816 positions
Running Loss: 0.0022227666577028563
At 2949693440 positions
Running Loss: 0.0022226620813048216
At 2959704064 positions
Running Loss: 0.0022238961218226756
At 2969714688 positions
Running Loss: 0.002218811679783898
At 2979725312 positions
Running Loss: 0.002217190550509139
At 2989735936 positions
Running Loss: 0.0022159824589855735
At 2999746560 positions
Running Loss: 0.0022283333998460034
At 3009757184 positions
Running Loss: 0.0022219280954663763
At 3019767808 positions
Running Loss: 0.0022196958966419077
At 3029778432 positions
Running Loss: 0.002220057036404524
At 3039789056 positions
Running Loss: 0.0022213418042796333
At 3049799680 positions
Running Loss: 0.0022223512786890207
At 3059810304 positions
Running Loss: 0.0022184050805049717
At 3069820928 positions
Running Loss: 0.002218245094224396
At 3079831552 positions
Running Loss: 0.002229581683044933
At 3089842176 positions
Running Loss: 0.0022253738487605767
At 3099852800 positions
Running Loss: 0.0022209426189990756
At 3109863424 positions
Running Loss: 0.002217096704898216
At 3119874048 positions
Running Loss: 0.002214572823769527
At 3129884672 positions
Running Loss: 0.0022180314540082616
At 3139895296 positions
Running Loss: 0.002228216336713875
At 3149905920 positions
Running Loss: 0.0022241684887100944
At 3159916544 positions
Running Loss: 0.002217636756147769
At 3169927168 positions
Running Loss: 0.0022189621059086825
At 3179937792 positions
Running Loss: 0.002227593755956172
At 3189948416 positions
Running Loss: 0.0022186573515547083
At 3199959040 positions
Running Loss: 0.0022234192846644725
At 3209969664 positions
Running Loss: 0.002219772963203892
At 3219980288 positions
Running Loss: 0.00222062771917365
At 3229990912 positions
Running Loss: 0.0022249471536439688
At 3240001536 positions
Running Loss: 0.0022146467686479884
At 3250012160 positions
Running Loss: 0.002220466172051313
At 3260022784 positions
Running Loss: 0.0022169667648215536
At 3270033408 positions
Running Loss: 0.002224167903394434
At 3280044032 positions
Running Loss: 0.0022232842718520845
At 3290054656 positions
Running Loss: 0.002212538071427915
At 3300065280 positions
Running Loss: 0.00221749198807437
epoch 26
epoch train loss: 0.002225598682050336
epoch pos/s: 1228766.5117803833
At 425984 positions
Running Loss: 0.0022024197196023943
At 10436608 positions
Running Loss: 0.0022338396593708843
At 20447232 positions
Running Loss: 0.002226542529029659
At 30457856 positions
Running Loss: 0.0022303905892879406
At 40468480 positions
Running Loss: 0.0022216727027331165
At 50479104 positions
Running Loss: 0.0022300187187382125
At 60489728 positions
Running Loss: 0.0022231915968724827
At 70500352 positions
Running Loss: 0.0022339358462444498
At 80510976 positions
Running Loss: 0.0022172184505556297
At 90521600 positions
Running Loss: 0.0022271374048460917
At 100532224 positions
Running Loss: 0.0022264445862091114
At 110542848 positions
Running Loss: 0.00222562319323201
At 120553472 positions
Running Loss: 0.0022243680813503735
At 130564096 positions
Running Loss: 0.0022264939478298254
At 140574720 positions
Running Loss: 0.0022331526938905106
At 150585344 positions
Running Loss: 0.0022311522800676563
At 160595968 positions
Running Loss: 0.002226081300289073
At 170606592 positions
Running Loss: 0.002228967296706479
At 180617216 positions
Running Loss: 0.0022328225758579084
At 190627840 positions
Running Loss: 0.0022307544605236398
At 200638464 positions
Running Loss: 0.002225909022379624
At 210649088 positions
Running Loss: 0.0022183022600539186
At 220659712 positions
Running Loss: 0.00223049965310604
At 230670336 positions
Running Loss: 0.00222457430756814
At 240680960 positions
Running Loss: 0.002230531455256935
At 250691584 positions
Running Loss: 0.0022384915531364477
At 260702208 positions
Running Loss: 0.0022231531611441005
At 270712832 positions
Running Loss: 0.0022318763155398705
At 280723456 positions
Running Loss: 0.002231929384159769
At 290734080 positions
Running Loss: 0.0022273198282269915
At 300744704 positions
Running Loss: 0.0022212692251377137
At 310755328 positions
Running Loss: 0.0022286176681518555
At 320765952 positions
Running Loss: 0.00222678992244889
At 330776576 positions
Running Loss: 0.0022281589757791325
At 340787200 positions
Running Loss: 0.0022256317778616996
At 350797824 positions
Running Loss: 0.0022290145121697707
At 360808448 positions
Running Loss: 0.002236048835779368
At 370819072 positions
Running Loss: 0.002230820210982852
At 380829696 positions
Running Loss: 0.0022321480971116284
At 390840320 positions
Running Loss: 0.002229855805879334
At 400850944 positions
Running Loss: 0.002236702438267085
At 410861568 positions
Running Loss: 0.0022218607841654027
At 420872192 positions
Running Loss: 0.0022304061977055575
At 430882816 positions
Running Loss: 0.002227971284557286
At 440893440 positions
Running Loss: 0.0022257537186243337
At 450904064 positions
Running Loss: 0.0022351821783911773
At 460914688 positions
Running Loss: 0.002223177354191407
At 470925312 positions
Running Loss: 0.0022224029815723777
At 480935936 positions
Running Loss: 0.0022234263084524
At 490946560 positions
Running Loss: 0.0022280344986486357
At 500957184 positions
Running Loss: 0.002215626196853463
At 510967808 positions
Running Loss: 0.0022144906844718173
At 520978432 positions
Running Loss: 0.0022229250831416704
At 530989056 positions
Running Loss: 0.002219613172028537
At 540999680 positions
Running Loss: 0.0022237531096962588
At 551010304 positions
Running Loss: 0.002231354409075798
At 561020928 positions
Running Loss: 0.002238461897142975
At 571031552 positions
Running Loss: 0.002212435250976862
At 581042176 positions
Running Loss: 0.0022333286787991438
At 591052800 positions
Running Loss: 0.002229341118308409
At 601063424 positions
Running Loss: 0.0022243470099865903
At 611074048 positions
Running Loss: 0.002228670151456093
At 621084672 positions
Running Loss: 0.002238596519744923
At 631095296 positions
Running Loss: 0.002228580207949574
At 641105920 positions
Running Loss: 0.002225380482338064
At 651116544 positions
Running Loss: 0.002226344887441582
At 661127168 positions
Running Loss: 0.0022209098413220794
At 671137792 positions
Running Loss: 0.002228440122401461
At 681148416 positions
Running Loss: 0.0022297590336901076
At 691159040 positions
Running Loss: 0.002221998528450874
At 701169664 positions
Running Loss: 0.0022227356359728425
At 711180288 positions
Running Loss: 0.0022228915250437934
At 721190912 positions
Running Loss: 0.0022230745337403542
At 731201536 positions
Running Loss: 0.002227552003439046
At 741212160 positions
Running Loss: 0.002234768750429544
At 751222784 positions
Running Loss: 0.002229926043758611
At 761233408 positions
Running Loss: 0.0022286603961950823
At 771244032 positions
Running Loss: 0.0022273727017416696
At 781254656 positions
Running Loss: 0.002233727473869261
At 791265280 positions
Running Loss: 0.0022255412490395205
At 801275904 positions
Running Loss: 0.0022250144649449423
At 811286528 positions
Running Loss: 0.0022181569066648593
At 821297152 positions
Running Loss: 0.002220973055413429
At 831307776 positions
Running Loss: 0.0022151938436854686
At 841318400 positions
Running Loss: 0.002223624145145697
At 851329024 positions
Running Loss: 0.0022301127594543555
At 861339648 positions
Running Loss: 0.002230027498473122
At 871350272 positions
Running Loss: 0.002221939216463929
At 881360896 positions
Running Loss: 0.002224051425577966
At 891371520 positions
Running Loss: 0.002229613290090608
At 901382144 positions
Running Loss: 0.002227720964559752
At 911392768 positions
Running Loss: 0.0022370493353486257
At 921403392 positions
Running Loss: 0.0022216565089998386
At 931414016 positions
Running Loss: 0.002228153317727746
At 941424640 positions
Running Loss: 0.002227773252758769
At 951435264 positions
Running Loss: 0.002226213581628378
At 961445888 positions
Running Loss: 0.002232125855116524
At 971456512 positions
Running Loss: 0.0022219304367290193
At 981467136 positions
Running Loss: 0.0022248513569808437
At 991477760 positions
Running Loss: 0.0022195089858409425
At 1001488384 positions
Running Loss: 0.002235192714073069
At 1011499008 positions
Running Loss: 0.0022195946370326164
At 1021509632 positions
Running Loss: 0.0022226242308921004
At 1031520256 positions
Running Loss: 0.002227889730575237
At 1041530880 positions
Running Loss: 0.0022231053603651483
At 1051541504 positions
Running Loss: 0.002233045386019393
At 1061552128 positions
Running Loss: 0.002223894951191354
At 1071562752 positions
Running Loss: 0.0022294337932880107
At 1081573376 positions
Running Loss: 0.0022259685294717894
At 1091584000 positions
Running Loss: 0.0022251291868144282
At 1101594624 positions
Running Loss: 0.002226884548480694
At 1111605248 positions
Running Loss: 0.0022139869227932245
At 1121615872 positions
Running Loss: 0.0022269504940451265
At 1131626496 positions
Running Loss: 0.0022230080028602613
At 1141637120 positions
Running Loss: 0.002215662681529643
At 1151647744 positions
Running Loss: 0.002221792497338328
At 1161658368 positions
Running Loss: 0.002226125394068841
At 1171668992 positions
Running Loss: 0.0022364076342793414
At 1181679616 positions
Running Loss: 0.002229670651025351
At 1191690240 positions
Running Loss: 0.0022182080242325554
At 1201700864 positions
Running Loss: 0.002220449978318035
At 1211711488 positions
Running Loss: 0.002225734988523193
At 1221722112 positions
Running Loss: 0.0022174215550898723
At 1231732736 positions
Running Loss: 0.0022294082345041626
At 1241743360 positions
Running Loss: 0.0022238522231481273
At 1251753984 positions
Running Loss: 0.0022151780401626314
At 1261764608 positions
Running Loss: 0.002230464143955961
At 1271775232 positions
Running Loss: 0.0022268749883249035
At 1281785856 positions
Running Loss: 0.002235205005701942
At 1291796480 positions
Running Loss: 0.0022296815769176827
At 1301807104 positions
Running Loss: 0.0022343929777754114
At 1311817728 positions
Running Loss: 0.0022191503824461893
At 1321828352 positions
Running Loss: 0.0022289148134022416
At 1331838976 positions
Running Loss: 0.0022174237012472947
At 1341849600 positions
Running Loss: 0.002231326313924087
At 1351860224 positions
Running Loss: 0.002224789898836476
At 1361870848 positions
Running Loss: 0.0022217503546107615
At 1371881472 positions
Running Loss: 0.002222398884362753
At 1381892096 positions
Running Loss: 0.0022293251196803514
At 1391902720 positions
Running Loss: 0.002221072559075738
At 1401913344 positions
Running Loss: 0.002229108357780694
At 1411923968 positions
Running Loss: 0.002226255529250724
At 1421934592 positions
Running Loss: 0.0022230355126963116
At 1431945216 positions
Running Loss: 0.0022272404204023645
At 1441955840 positions
Running Loss: 0.0022098824942755817
At 1451966464 positions
Running Loss: 0.002227928361408839
At 1461977088 positions
Running Loss: 0.0022288045789528206
At 1471987712 positions
Running Loss: 0.0022339247252468977
At 1481998336 positions
Running Loss: 0.002223932216288415
At 1492008960 positions
Running Loss: 0.002230947224481211
At 1502019584 positions
Running Loss: 0.002227968162873763
At 1512030208 positions
Running Loss: 0.0022276056573746054
At 1522040832 positions
Running Loss: 0.0022244191989180696
At 1532051456 positions
Running Loss: 0.0022279543104031276
At 1542062080 positions
Running Loss: 0.002229546173894854
At 1552072704 positions
Running Loss: 0.002229001245014796
At 1562083328 positions
Running Loss: 0.0022260448156128927
At 1572093952 positions
Running Loss: 0.0022298628296672615
At 1582104576 positions
Running Loss: 0.0022288389174715782
At 1592115200 positions
Running Loss: 0.0022265431143453193
At 1602125824 positions
Running Loss: 0.0022146842288502696
At 1612136448 positions
Running Loss: 0.00222497563900612
At 1622147072 positions
Running Loss: 0.002214068476775274
At 1632157696 positions
Running Loss: 0.002223388458039679
At 1642168320 positions
Running Loss: 0.0022256126575501186
At 1652178944 positions
Running Loss: 0.0022260690086601995
At 1662189568 positions
Running Loss: 0.0022290609472121817
At 1672200192 positions
Running Loss: 0.0022246597636545935
At 1682210816 positions
Running Loss: 0.0022293973086118307
At 1692221440 positions
Running Loss: 0.00221937904576428
At 1702232064 positions
Running Loss: 0.002223847150412402
At 1712242688 positions
Running Loss: 0.002223343193628589
At 1722253312 positions
Running Loss: 0.0022261958270533384
At 1732263936 positions
Running Loss: 0.0022318236371304126
At 1742274560 positions
Running Loss: 0.0022190670725171576
At 1752285184 positions
Running Loss: 0.0022259794553641213
At 1762295808 positions
Running Loss: 0.002233918872090291
At 1772306432 positions
Running Loss: 0.0022231049701547075
At 1782317056 positions
Running Loss: 0.0022221159817934428
At 1792327680 positions
Running Loss: 0.0022245522606782553
At 1802338304 positions
Running Loss: 0.0022256362652817645
At 1812348928 positions
Running Loss: 0.0022216352425308353
At 1822359552 positions
Running Loss: 0.002223586489838196
At 1832370176 positions
Running Loss: 0.0022290070981714027
At 1842380800 positions
Running Loss: 0.002235279535896064
At 1852391424 positions
Running Loss: 0.002227957236981431
At 1862402048 positions
Running Loss: 0.0022274144542587956
At 1872412672 positions
Running Loss: 0.0022327585813456782
At 1882423296 positions
Running Loss: 0.0022283769083101114
At 1892433920 positions
Running Loss: 0.0022174043858304935
At 1902444544 positions
Running Loss: 0.0022199380222201934
At 1912455168 positions
Running Loss: 0.0022193482191394864
At 1922465792 positions
Running Loss: 0.0022108119755446815
At 1932476416 positions
Running Loss: 0.002221199182363657
At 1942487040 positions
Running Loss: 0.0022350112662182695
At 1952497664 positions
Running Loss: 0.0022285669407945997
At 1962508288 positions
Running Loss: 0.0022271175041136296
At 1972518912 positions
Running Loss: 0.0022299328724413184
At 1982529536 positions
Running Loss: 0.00222116562426578
At 1992540160 positions
Running Loss: 0.0022278228094847036
At 2002550784 positions
Running Loss: 0.002232420073788607
At 2012561408 positions
Running Loss: 0.0022331880079353695
At 2022572032 positions
Running Loss: 0.0022177762563802216
At 2032582656 positions
Running Loss: 0.0022287050752905113
At 2042593280 positions
Running Loss: 0.0022249303745950303
At 2052603904 positions
Running Loss: 0.0022244748039058305
At 2062614528 positions
Running Loss: 0.002231651749431404
At 2072625152 positions
Running Loss: 0.002222328646483476
At 2082635776 positions
Running Loss: 0.0022180704750523043
At 2092646400 positions
Running Loss: 0.002223511179223193
At 2102657024 positions
Running Loss: 0.0022308935705456522
At 2112667648 positions
Running Loss: 0.0022181744661346784
At 2122678272 positions
Running Loss: 0.0022201928296377927
At 2132688896 positions
Running Loss: 0.0022212405446703424
At 2142699520 positions
Running Loss: 0.0022162101467775633
At 2152710144 positions
Running Loss: 0.002221625097059384
At 2162720768 positions
Running Loss: 0.0022158821749023836
At 2172731392 positions
Running Loss: 0.0022186120871436187
At 2182742016 positions
Running Loss: 0.0022235484443202543
At 2192752640 positions
Running Loss: 0.0022120655265845564
At 2202763264 positions
Running Loss: 0.0022343440063651377
At 2212773888 positions
Running Loss: 0.0022244256373903366
At 2222784512 positions
Running Loss: 0.0022233970426693683
At 2232795136 positions
Running Loss: 0.0022243754953487414
At 2242805760 positions
Running Loss: 0.0022185529702618938
At 2252816384 positions
Running Loss: 0.002228772971907146
At 2262827008 positions
Running Loss: 0.0022188251420440924
At 2272837632 positions
Running Loss: 0.0022208448712837483
At 2282848256 positions
Running Loss: 0.0022189874695873104
At 2292858880 positions
Running Loss: 0.0022292156656518116
At 2302869504 positions
Running Loss: 0.0022253623375525842
At 2312880128 positions
Running Loss: 0.0022189765436949785
At 2322890752 positions
Running Loss: 0.0022210031016173418
At 2332901376 positions
Running Loss: 0.0022317159390488543
At 2342912000 positions
Running Loss: 0.0022238096902101206
At 2352922624 positions
Running Loss: 0.0022266352040092607
At 2362933248 positions
Running Loss: 0.0022315826821834484
At 2372943872 positions
Running Loss: 0.002225578904347022
At 2382954496 positions
Running Loss: 0.0022201167386019095
At 2392965120 positions
Running Loss: 0.002226805140656067
At 2402975744 positions
Running Loss: 0.002223114335205278
At 2412986368 positions
Running Loss: 0.0022152201828901973
At 2422996992 positions
Running Loss: 0.002222431662039749
At 2433007616 positions
Running Loss: 0.002214805974507683
At 2443018240 positions
Running Loss: 0.0022135604227818367
At 2453028864 positions
Running Loss: 0.002236816965031351
At 2463039488 positions
Running Loss: 0.002224080496255778
At 2473050112 positions
Running Loss: 0.002211625759418194
At 2483060736 positions
Running Loss: 0.002219919292119053
At 2493071360 positions
Running Loss: 0.002227830808798732
At 2503081984 positions
Running Loss: 0.0022278173465385374
At 2513092608 positions
Running Loss: 0.002228462169291345
At 2523103232 positions
Running Loss: 0.002220548506454243
At 2533113856 positions
Running Loss: 0.0022340263750666293
At 2543124480 positions
Running Loss: 0.002223534786954839
At 2553135104 positions
Running Loss: 0.0022216512411588926
At 2563145728 positions
Running Loss: 0.0022271015054855722
At 2573156352 positions
Running Loss: 0.002225740646574579
At 2583166976 positions
Running Loss: 0.0022247220022198417
At 2593177600 positions
Running Loss: 0.0022145767258739315
At 2603188224 positions
Running Loss: 0.0022195136683662276
At 2613198848 positions
Running Loss: 0.0022208017530300807
At 2623209472 positions
Running Loss: 0.002223117261783581
At 2633220096 positions
Running Loss: 0.002221459257622202
At 2643230720 positions
Running Loss: 0.002222377032578089
At 2653241344 positions
Running Loss: 0.0022269633709896606
At 2663251968 positions
Running Loss: 0.0022393158726918523
At 2673262592 positions
Running Loss: 0.002226874598114463
At 2683273216 positions
Running Loss: 0.002226055741505225
At 2693283840 positions
Running Loss: 0.002216865115001822
At 2703294464 positions
Running Loss: 0.002223904706452365
At 2713305088 positions
Running Loss: 0.002231211396949381
At 2723315712 positions
Running Loss: 0.002208330432248779
At 2733326336 positions
Running Loss: 0.0022217805959198946
At 2743336960 positions
Running Loss: 0.00221884133577737
At 2753347584 positions
Running Loss: 0.002220347157866982
At 2763358208 positions
Running Loss: 0.002229280830795363
At 2773368832 positions
Running Loss: 0.0022226238406816597
At 2783379456 positions
Running Loss: 0.0022179069768777653
At 2793390080 positions
Running Loss: 0.0022185018526941977
At 2803400704 positions
Running Loss: 0.0022263604958591993
At 2813411328 positions
Running Loss: 0.002224443391965376
At 2823421952 positions
Running Loss: 0.002209938684579003
At 2833432576 positions
Running Loss: 0.002215950071519018
At 2843443200 positions
Running Loss: 0.002213443164544488
At 2853453824 positions
Running Loss: 0.0022234485504475047
At 2863464448 positions
Running Loss: 0.0022167336140833977
At 2873475072 positions
Running Loss: 0.0022094993076230813
At 2883485696 positions
Running Loss: 0.0022124465670796344
At 2893496320 positions
Running Loss: 0.0022156620962139823
At 2903506944 positions
Running Loss: 0.0022216535824215356
At 2913517568 positions
Running Loss: 0.0022344714100739375
At 2923528192 positions
Running Loss: 0.0022243866163462935
At 2933538816 positions
Running Loss: 0.0022190085409510936
At 2943549440 positions
Running Loss: 0.0022191203362422764
At 2953560064 positions
Running Loss: 0.0022200529391948995
At 2963570688 positions
Running Loss: 0.002223740427856945
At 2973581312 positions
Running Loss: 0.0022157871586601396
At 2983591936 positions
Running Loss: 0.002218527606583266
At 2993602560 positions
Running Loss: 0.00222015380859375
At 3003613184 positions
Running Loss: 0.0022248177988829668
At 3013623808 positions
Running Loss: 0.0022217493790846607
At 3023634432 positions
Running Loss: 0.0022172098659259403
At 3033645056 positions
Running Loss: 0.002217493353810911
At 3043655680 positions
Running Loss: 0.002222765291966315
At 3053666304 positions
Running Loss: 0.0022161295683216153
At 3063676928 positions
Running Loss: 0.0022206374744346605
At 3073687552 positions
Running Loss: 0.002222459171875799
At 3083698176 positions
Running Loss: 0.002219830129033415
At 3093708800 positions
Running Loss: 0.0022228534795258516
At 3103719424 positions
Running Loss: 0.002223236666178352
At 3113730048 positions
Running Loss: 0.002212207172974432
At 3123740672 positions
Running Loss: 0.0022195589327773176
At 3133751296 positions
Running Loss: 0.0022187806580538836
At 3143761920 positions
Running Loss: 0.002224631083187222
At 3153772544 positions
Running Loss: 0.002222869087943469
At 3163783168 positions
Running Loss: 0.0022149337684269233
At 3173793792 positions
Running Loss: 0.002226085202393477
At 3183804416 positions
Running Loss: 0.0022169837389757123
At 3193815040 positions
Running Loss: 0.0022230048811767377
At 3203825664 positions
Running Loss: 0.0022131848452329244
At 3213836288 positions
Running Loss: 0.002223826274153839
At 3223846912 positions
Running Loss: 0.0022244574395412315
At 3233857536 positions
Running Loss: 0.002218626134719474
At 3243868160 positions
Running Loss: 0.00221745569850341
At 3253878784 positions
Running Loss: 0.002219117604769193
At 3263889408 positions
Running Loss: 0.0022193595352422587
At 3273900032 positions
Running Loss: 0.002219787400990188
At 3283910656 positions
Running Loss: 0.0022177944011657017
At 3293921280 positions
Running Loss: 0.002214116862869887
At 3303931904 positions
Running Loss: 0.002210529853396252
epoch 27
epoch train loss: 0.0022244144178245897
epoch pos/s: 1229780.3771406019
At 4292608 positions
Running Loss: 0.002214135983181468
At 14303232 positions
Running Loss: 0.002227343240853417
At 24313856 positions
Running Loss: 0.0022292320544903097
At 34324480 positions
Running Loss: 0.002225972041365753
At 44335104 positions
Running Loss: 0.0022210218317184824
At 54345728 positions
Running Loss: 0.0022244037856056723
At 64356352 positions
Running Loss: 0.0022237554509589013
At 74366976 positions
Running Loss: 0.0022311827164820095
At 84377600 positions
Running Loss: 0.0022155957604391096
At 94388224 positions
Running Loss: 0.0022311587185399233
At 104398848 positions
Running Loss: 0.0022270874579097166
At 114409472 positions
Running Loss: 0.002219843201083169
At 124420096 positions
Running Loss: 0.00222336250904539
At 134430720 positions
Running Loss: 0.0022291436718255525
At 144441344 positions
Running Loss: 0.002232458704622209
At 154451968 positions
Running Loss: 0.0022296870398638485
At 164462592 positions
Running Loss: 0.002222318501012025
At 174473216 positions
Running Loss: 0.002235058676786782
At 184483840 positions
Running Loss: 0.002224279503580396
At 194494464 positions
Running Loss: 0.0022350309718455114
At 204505088 positions
Running Loss: 0.002215105265915491
At 214515712 positions
Running Loss: 0.002221428040786968
At 224526336 positions
Running Loss: 0.002226364593068824
At 234536960 positions
Running Loss: 0.0022230749239507946
At 244547584 positions
Running Loss: 0.0022321438047967837
At 254558208 positions
Running Loss: 0.002231499372254417
At 264568832 positions
Running Loss: 0.002226672274001101
At 274579456 positions
Running Loss: 0.0022259378979522155
At 284590080 positions
Running Loss: 0.0022380531517066267
At 294600704 positions
Running Loss: 0.0022228714292061116
At 304611328 positions
Running Loss: 0.002221951312987582
At 314621952 positions
Running Loss: 0.002223802666422193
At 324632576 positions
Running Loss: 0.0022278575382139016
At 334643200 positions
Running Loss: 0.002225031634204321
At 344653824 positions
Running Loss: 0.0022270191710826418
At 354664448 positions
Running Loss: 0.0022313532384444766
At 364675072 positions
Running Loss: 0.002230432732015507
At 374685696 positions
Running Loss: 0.002233859364998126
At 384696320 positions
Running Loss: 0.0022250677286700608
At 394706944 positions
Running Loss: 0.002233925895878219
At 404717568 positions
Running Loss: 0.0022281439526771756
At 414728192 positions
Running Loss: 0.0022266076941732105
At 424738816 positions
Running Loss: 0.0022238816840363797
At 434749440 positions
Running Loss: 0.002228707611658374
At 444760064 positions
Running Loss: 0.0022304497061696655
At 454770688 positions
Running Loss: 0.002227863391370508
At 464781312 positions
Running Loss: 0.002221866442216789
At 474791936 positions
Running Loss: 0.0022218358106972152
At 484802560 positions
Running Loss: 0.0022243070134164464
At 494813184 positions
Running Loss: 0.0022185683835742906
At 504823808 positions
Running Loss: 0.0022170375880164912
At 514834432 positions
Running Loss: 0.002216551385807718
At 524845056 positions
Running Loss: 0.0022213492182780016
At 534855680 positions
Running Loss: 0.002212729664754165
At 544866304 positions
Running Loss: 0.0022352670491619705
At 554876928 positions
Running Loss: 0.0022302071903809394
At 564887552 positions
Running Loss: 0.0022267257328314398
At 574898176 positions
Running Loss: 0.0022230608763749394
At 584908800 positions
Running Loss: 0.0022290642640009255
At 594919424 positions
Running Loss: 0.0022226129147893277
At 604930048 positions
Running Loss: 0.0022229215712477064
At 614940672 positions
Running Loss: 0.002235623116188861
At 624951296 positions
Running Loss: 0.0022306276421305005
At 634961920 positions
Running Loss: 0.002224427588442539
At 644972544 positions
Running Loss: 0.0022239482149164725
At 654983168 positions
Running Loss: 0.0022276165832669373
At 664993792 positions
Running Loss: 0.0022222667981286683
At 675004416 positions
Running Loss: 0.0022259142902205696
At 685015040 positions
Running Loss: 0.002230858451606014
At 695025664 positions
Running Loss: 0.0022125552406872936
At 705036288 positions
Running Loss: 0.0022236881396579273
At 715046912 positions
Running Loss: 0.0022241491732932933
At 725057536 positions
Running Loss: 0.002221559541705392
At 735068160 positions
Running Loss: 0.002229149524982159
At 745078784 positions
Running Loss: 0.002232060104657312
At 755089408 positions
Running Loss: 0.0022231693548773785
At 765100032 positions
Running Loss: 0.002231307193612506
At 775110656 positions
Running Loss: 0.0022292568328532766
At 785121280 positions
Running Loss: 0.0022318189546051276
At 795131904 positions
Running Loss: 0.002216594504061385
At 805142528 positions
Running Loss: 0.0022316642361654977
At 815153152 positions
Running Loss: 0.002209146362279714
At 825163776 positions
Running Loss: 0.0022189303037577876
At 835174400 positions
Running Loss: 0.002211408802413316
At 845185024 positions
Running Loss: 0.0022317233530472227
At 855195648 positions
Running Loss: 0.0022264445862091114
At 865206272 positions
Running Loss: 0.002228956175708927
At 875216896 positions
Running Loss: 0.002220227363261771
At 885227520 positions
Running Loss: 0.0022310075119942574
At 895238144 positions
Running Loss: 0.002223094629578036
At 905248768 positions
Running Loss: 0.0022332069331417303
At 915259392 positions
Running Loss: 0.0022219031219981892
At 925270016 positions
Running Loss: 0.0022272679302384147
At 935280640 positions
Running Loss: 0.0022207365878865295
At 945291264 positions
Running Loss: 0.0022351771056554515
At 955301888 positions
Running Loss: 0.002223662385768859
At 965312512 positions
Running Loss: 0.0022221222251604896
At 975323136 positions
Running Loss: 0.0022314851295733413
At 985333760 positions
Running Loss: 0.0022136277340828103
At 995344384 positions
Running Loss: 0.002227902607519771
At 1005355008 positions
Running Loss: 0.0022278374423762193
At 1015365632 positions
Running Loss: 0.0022202821878286507
At 1025376256 positions
Running Loss: 0.0022206476199061118
At 1035386880 positions
Running Loss: 0.0022282594549675426
At 1045397504 positions
Running Loss: 0.002223628827670982
At 1055408128 positions
Running Loss: 0.002227011366873833
At 1065418752 positions
Running Loss: 0.0022285587463753507
At 1075429376 positions
Running Loss: 0.0022251319182875116
At 1085440000 positions
Running Loss: 0.00222867639482314
At 1095450624 positions
Running Loss: 0.002219841054925747
At 1105461248 positions
Running Loss: 0.0022206007946532604
At 1115471872 positions
Running Loss: 0.002221400140740477
At 1125482496 positions
Running Loss: 0.002221506473085494
At 1135493120 positions
Running Loss: 0.0022213211231262905
At 1145503744 positions
Running Loss: 0.0022179214146640608
At 1155514368 positions
Running Loss: 0.002219420212965745
At 1165524992 positions
Running Loss: 0.0022289840757554174
At 1175535616 positions
Running Loss: 0.0022303219122504253
At 1185546240 positions
Running Loss: 0.002225893609067227
At 1195556864 positions
Running Loss: 0.002222063693594425
At 1205567488 positions
Running Loss: 0.0022225459936987945
At 1215578112 positions
Running Loss: 0.0022168735045262913
At 1225588736 positions
Running Loss: 0.0022180283323247384
At 1235599360 positions
Running Loss: 0.002227317486964349
At 1245609984 positions
Running Loss: 0.002219071950147663
At 1255620608 positions
Running Loss: 0.0022204451006875296
At 1265631232 positions
Running Loss: 0.002227725647085037
At 1275641856 positions
Running Loss: 0.002224550114520833
At 1285652480 positions
Running Loss: 0.0022369022260125843
At 1295663104 positions
Running Loss: 0.0022284346594552947
At 1305673728 positions
Running Loss: 0.002230473118796091
At 1315684352 positions
Running Loss: 0.0022197405757373367
At 1325694976 positions
Running Loss: 0.00222321618013023
At 1335705600 positions
Running Loss: 0.002221871905162955
At 1345716224 positions
Running Loss: 0.0022289832953345367
At 1355726848 positions
Running Loss: 0.0022220562795960573
At 1365737472 positions
Running Loss: 0.002218902403711297
At 1375748096 positions
Running Loss: 0.0022243454491448285
At 1385758720 positions
Running Loss: 0.002233756349441853
At 1395769344 positions
Running Loss: 0.0022160169926095518
At 1405779968 positions
Running Loss: 0.0022238970973487765
At 1415790592 positions
Running Loss: 0.0022250673384596204
At 1425801216 positions
Running Loss: 0.0022252522982083834
At 1435811840 positions
Running Loss: 0.0022150838043412677
At 1445822464 positions
Running Loss: 0.0022193357324053926
At 1455833088 positions
Running Loss: 0.0022273075365981184
At 1465843712 positions
Running Loss: 0.0022290634835800444
At 1475854336 positions
Running Loss: 0.0022284260748256053
At 1485864960 positions
Running Loss: 0.002224128882350391
At 1495875584 positions
Running Loss: 0.0022362780844131197
At 1505886208 positions
Running Loss: 0.002222233044925571
At 1515896832 positions
Running Loss: 0.0022218603939549624
At 1525907456 positions
Running Loss: 0.002229474960489476
At 1535918080 positions
Running Loss: 0.0022271733042066107
At 1545928704 positions
Running Loss: 0.0022270574117058037
At 1555939328 positions
Running Loss: 0.0022220627180683243
At 1565949952 positions
Running Loss: 0.002230883425074201
At 1575960576 positions
Running Loss: 0.0022247885330999345
At 1585971200 positions
Running Loss: 0.0022327466799272454
At 1595981824 positions
Running Loss: 0.0022162948224431363
At 1605992448 positions
Running Loss: 0.002218648962030239
At 1616003072 positions
Running Loss: 0.0022174746237097706
At 1626013696 positions
Running Loss: 0.002214942743267053
At 1636024320 positions
Running Loss: 0.0022275687824879846
At 1646034944 positions
Running Loss: 0.0022271957413069355
At 1656045568 positions
Running Loss: 0.00222493915432994
At 1666056192 positions
Running Loss: 0.0022230355126963116
At 1676066816 positions
Running Loss: 0.002218918012128914
At 1686077440 positions
Running Loss: 0.002228062203589906
At 1696088064 positions
Running Loss: 0.0022232708095918895
At 1706098688 positions
Running Loss: 0.0022207020542625517
At 1716109312 positions
Running Loss: 0.002224221752435213
At 1726119936 positions
Running Loss: 0.0022316148745447836
At 1736130560 positions
Running Loss: 0.0022218877086857924
At 1746141184 positions
Running Loss: 0.0022235624918961095
At 1756151808 positions
Running Loss: 0.0022249514459588135
At 1766162432 positions
Running Loss: 0.0022284091006714466
At 1776173056 positions
Running Loss: 0.0022239646037549706
At 1786183680 positions
Running Loss: 0.0022192699819461805
At 1796194304 positions
Running Loss: 0.002223717015230519
At 1806204928 positions
Running Loss: 0.002224277747633414
At 1816215552 positions
Running Loss: 0.0022175245706461456
At 1826226176 positions
Running Loss: 0.0022304781915318166
At 1836236800 positions
Running Loss: 0.0022297180615938627
At 1846247424 positions
Running Loss: 0.0022317932007160594
At 1856258048 positions
Running Loss: 0.0022231196030462236
At 1866268672 positions
Running Loss: 0.0022243372547255794
At 1876279296 positions
Running Loss: 0.0022397858811673476
At 1886289920 positions
Running Loss: 0.0022225120453904772
At 1896300544 positions
Running Loss: 0.002214309821932679
At 1906311168 positions
Running Loss: 0.0022135440339433386
At 1916321792 positions
Running Loss: 0.0022144173249090166
At 1926332416 positions
Running Loss: 0.002222497412498961
At 1936343040 positions
Running Loss: 0.0022195183508915126
At 1946353664 positions
Running Loss: 0.002231038143513831
At 1956364288 positions
Running Loss: 0.0022306266666043996
At 1966374912 positions
Running Loss: 0.0022249945642124807
At 1976385536 positions
Running Loss: 0.002227950603403944
At 1986396160 positions
Running Loss: 0.0022204997301491897
At 1996406784 positions
Running Loss: 0.002225938873478317
At 2006417408 positions
Running Loss: 0.0022366805864824212
At 2016428032 positions
Running Loss: 0.0022223073800144728
At 2026438656 positions
Running Loss: 0.002223089751947531
At 2036449280 positions
Running Loss: 0.0022202328262079366
At 2046459904 positions
Running Loss: 0.0022228306522150865
At 2056470528 positions
Running Loss: 0.00223211297817199
At 2066481152 positions
Running Loss: 0.0022265277010329225
At 2076491776 positions
Running Loss: 0.0022180275519038573
At 2086502400 positions
Running Loss: 0.0022210265142437674
At 2096513024 positions
Running Loss: 0.0022247867771529525
At 2106523648 positions
Running Loss: 0.0022240701556791066
At 2116534272 positions
Running Loss: 0.0022188990869225537
At 2126544896 positions
Running Loss: 0.002216488561926809
At 2136555520 positions
Running Loss: 0.0022163094553346524
At 2146566144 positions
Running Loss: 0.002220056451088863
At 2156576768 positions
Running Loss: 0.00222060059954804
At 2166587392 positions
Running Loss: 0.0022118751038896277
At 2176598016 positions
Running Loss: 0.0022244125653405823
At 2186608640 positions
Running Loss: 0.002215103314863289
At 2196619264 positions
Running Loss: 0.0022239259729213683
At 2206629888 positions
Running Loss: 0.002225243518473474
At 2216640512 positions
Running Loss: 0.0022228885984654904
At 2226651136 positions
Running Loss: 0.002223330706894495
At 2236661760 positions
Running Loss: 0.002223571076525799
At 2246672384 positions
Running Loss: 0.0022142309994237124
At 2256683008 positions
Running Loss: 0.002223153551354541
At 2266693632 positions
Running Loss: 0.002222169245518561
At 2276704256 positions
Running Loss: 0.002217824837580055
At 2286714880 positions
Running Loss: 0.0022255205678861777
At 2296725504 positions
Running Loss: 0.0022227502688643586
At 2306736128 positions
Running Loss: 0.0022261511479579094
At 2316746752 positions
Running Loss: 0.0022175653476371703
At 2326757376 positions
Running Loss: 0.0022277363778721486
At 2336768000 positions
Running Loss: 0.002223102433786845
At 2346778624 positions
Running Loss: 0.0022209593980480136
At 2356789248 positions
Running Loss: 0.002227811493381931
At 2366799872 positions
Running Loss: 0.0022298599030889585
At 2376810496 positions
Running Loss: 0.0022274620599325276
At 2386821120 positions
Running Loss: 0.0022136542683927596
At 2396831744 positions
Running Loss: 0.0022257978124041017
At 2406842368 positions
Running Loss: 0.002218898891817333
At 2416852992 positions
Running Loss: 0.0022178008396379688
At 2426863616 positions
Running Loss: 0.002218479415593873
At 2436874240 positions
Running Loss: 0.0022177362598100776
At 2446884864 positions
Running Loss: 0.002216613624372966
At 2456895488 positions
Running Loss: 0.0022310631169820184
At 2466906112 positions
Running Loss: 0.0022164152023640086
At 2476916736 positions
Running Loss: 0.0022193365128262733
At 2486927360 positions
Running Loss: 0.0022225791615862306
At 2496937984 positions
Running Loss: 0.00222426467558366
At 2506948608 positions
Running Loss: 0.002222599257423913
At 2516959232 positions
Running Loss: 0.0022307934815676824
At 2526969856 positions
Running Loss: 0.002223667458504585
At 2536980480 positions
Running Loss: 0.00222750069076613
At 2546991104 positions
Running Loss: 0.0022186659361843977
At 2557001728 positions
Running Loss: 0.0022244110044988205
At 2567012352 positions
Running Loss: 0.0022289868072285003
At 2577022976 positions
Running Loss: 0.002222293137333397
At 2587033600 positions
Running Loss: 0.002221182988630379
At 2597044224 positions
Running Loss: 0.002216865310107042
At 2607054848 positions
Running Loss: 0.0022130244687419086
At 2617065472 positions
Running Loss: 0.0022228322130568483
At 2627076096 positions
Running Loss: 0.002222252165237152
At 2637086720 positions
Running Loss: 0.002218049989004182
At 2647097344 positions
Running Loss: 0.002223971822648119
At 2657107968 positions
Running Loss: 0.0022307987494086285
At 2667118592 positions
Running Loss: 0.00223721732094323
At 2677129216 positions
Running Loss: 0.0022239505561791155
At 2687139840 positions
Running Loss: 0.0022176984093973564
At 2697150464 positions
Running Loss: 0.0022229381551914246
At 2707161088 positions
Running Loss: 0.0022220527677020933
At 2717171712 positions
Running Loss: 0.0022198406647153065
At 2727182336 positions
Running Loss: 0.0022179198538222994
At 2737192960 positions
Running Loss: 0.0022188762596117885
At 2747203584 positions
Running Loss: 0.0022177077744479265
At 2757214208 positions
Running Loss: 0.0022217784497624723
At 2767224832 positions
Running Loss: 0.0022294827646982844
At 2777235456 positions
Running Loss: 0.0022157243347792305
At 2787246080 positions
Running Loss: 0.0022144284459065687
At 2797256704 positions
Running Loss: 0.0022259954539921786
At 2807267328 positions
Running Loss: 0.0022215663703881
At 2817277952 positions
Running Loss: 0.0022118622269450936
At 2827288576 positions
Running Loss: 0.002214221634373142
At 2837299200 positions
Running Loss: 0.0022186694480783617
At 2847309824 positions
Running Loss: 0.0022146165273388553
At 2857320448 positions
Running Loss: 0.0022195780530888986
At 2867331072 positions
Running Loss: 0.002205462580616853
At 2877341696 positions
Running Loss: 0.0022192680308939783
At 2887352320 positions
Running Loss: 0.0022120208474891274
At 2897362944 positions
Running Loss: 0.0022153085655549545
At 2907373568 positions
Running Loss: 0.0022220718880136743
At 2917384192 positions
Running Loss: 0.002231760423039063
At 2927394816 positions
Running Loss: 0.002224210826542881
At 2937405440 positions
Running Loss: 0.002216950766193496
At 2947416064 positions
Running Loss: 0.0022223212324851077
At 2957426688 positions
Running Loss: 0.002220679812267447
At 2967437312 positions
Running Loss: 0.0022163065287563494
At 2977447936 positions
Running Loss: 0.0022132219152247654
At 2987458560 positions
Running Loss: 0.0022150258580908642
At 2997469184 positions
Running Loss: 0.002227076727122605
At 3007479808 positions
Running Loss: 0.00221927895678631
At 3017490432 positions
Running Loss: 0.0022190569270457068
At 3027501056 positions
Running Loss: 0.002213332930095067
At 3037511680 positions
Running Loss: 0.0022189976150587616
At 3047522304 positions
Running Loss: 0.0022289265197154543
At 3057532928 positions
Running Loss: 0.0022121158637313718
At 3067543552 positions
Running Loss: 0.002215447675576967
At 3077554176 positions
Running Loss: 0.0022231196030462236
At 3087564800 positions
Running Loss: 0.0022219780424027513
At 3097575424 positions
Running Loss: 0.002221067291234792
At 3107586048 positions
Running Loss: 0.002218944351333643
At 3117596672 positions
Running Loss: 0.0022119320746139303
At 3127607296 positions
Running Loss: 0.0022175528609030765
At 3137617920 positions
Running Loss: 0.0022243829093471098
At 3147628544 positions
Running Loss: 0.0022224946810258783
At 3157639168 positions
Running Loss: 0.002215867151800427
At 3167649792 positions
Running Loss: 0.002212291263324344
At 3177660416 positions
Running Loss: 0.0022277379387139105
At 3187671040 positions
Running Loss: 0.002218129396828809
At 3197681664 positions
Running Loss: 0.0022242291664335808
At 3207692288 positions
Running Loss: 0.002212226488391233
At 3217702912 positions
Running Loss: 0.002221263371981107
At 3227713536 positions
Running Loss: 0.0022173520976314764
At 3237724160 positions
Running Loss: 0.0022178890271975053
At 3247734784 positions
Running Loss: 0.0022191905741215535
At 3257745408 positions
Running Loss: 0.0022154326524750105
At 3267756032 positions
Running Loss: 0.002222882940414104
At 3277766656 positions
Running Loss: 0.0022164163729953296
At 3287777280 positions
Running Loss: 0.0022152422297800818
At 3297787904 positions
Running Loss: 0.0022141482748103416
At 3307798528 positions
Running Loss: 0.002205883227471634
epoch 28
epoch train loss: 0.0022232354411671432
epoch pos/s: 1228327.9711777878
